system_name,list_date,rank,vendor,cores,rmax,rpeak,power,efficiency,performance_ratio,is_accelerated,total_accelerated_systems,total_nonaccelerated_systems,total_systems,is_exascale,is_petascale,exascale_system_count,petascale_system_count
"El Capitan - HPE Cray EX255a, AMD 4th Gen EPYC 24C 1.8GHz, AMD Instinct MI300A, Slingshot-11, TOSS,",1/11/2025,1,HPE,11340000,1809,2821.1,29684.62,0.060940649,0.641239233,1,1434,2111,3545,1,1,85,3534
"El Capitan - HPE Cray EX255a, AMD 4th Gen EPYC 24C 1.8GHz, AMD Instinct MI300A, Slingshot-11, TOSS,",1/6/2025,1,HPE,11039616,1742,2746.38,29580.98,0.058889192,0.634289501,1,1434,2111,3545,1,1,85,3534
"El Capitan - HPE Cray EX255a, AMD 4th Gen EPYC 24C 1.8GHz, AMD Instinct MI300A, Slingshot-11, TOSS,",1/11/2024,1,HPE,11039616,1742,2746.38,29580.98,0.058889192,0.634289501,1,1434,2111,3545,1,1,85,3534
"Frontier - HPE Cray EX235a, AMD Optimized 3rd Generation EPYC 64C 2GHz, AMD Instinct MI250X, Slingshot-11, HPE Cray OS,",1/11/2025,2,HPE,9066176,1353,2055.72,24607,0.054984354,0.658163563,1,1434,2111,3545,1,1,85,3534
"Frontier - HPE Cray EX235a, AMD Optimized 3rd Generation EPYC 64C 2GHz, AMD Instinct MI250X, Slingshot-11, HPE Cray OS,",1/6/2025,2,HPE,9066176,1353,2055.72,24607,0.054984354,0.658163563,1,1434,2111,3545,1,1,85,3534
"Frontier - HPE Cray EX235a, AMD Optimized 3rd Generation EPYC 64C 2GHz, AMD Instinct MI250X, Slingshot-11, HPE Cray OS,",1/11/2024,2,HPE,9066176,1353,2055.72,24607,0.054984354,0.658163563,1,1434,2111,3545,1,1,85,3534
"Frontier - HPE Cray EX235a, AMD Optimized 3rd Generation EPYC 64C 2GHz, AMD Instinct MI250X, Slingshot-11, HPE Cray OS,",1/6/2024,1,HPE,8699904,1206,1714.81,22786,0.052927236,0.703284912,1,1434,2111,3545,1,1,85,3534
"Frontier - HPE Cray EX235a, AMD Optimized 3rd Generation EPYC 64C 2GHz, AMD Instinct MI250X, Slingshot-11, HPE Cray OS,",1/11/2023,1,HPE,8699904,1194,1679.82,22703,0.052592168,0.710790442,1,1434,2111,3545,1,1,85,3534
"Frontier - HPE Cray EX235a, AMD Optimized 3rd Generation EPYC 64C 2GHz, AMD Instinct MI250X, Slingshot-11, HPE Cray OS,",1/6/2023,1,HPE,8699904,1194,1679.82,22703,0.052592168,0.710790442,1,1434,2111,3545,1,1,85,3534
"Frontier - HPE Cray EX235a, AMD Optimized 3rd Generation EPYC 64C 2GHz, AMD Instinct MI250X, Slingshot-11, HPE Cray OS,",1/11/2022,1,HPE,8730112,1102,1685.65,21100,0.052227488,0.653753745,1,1434,2111,3545,1,1,85,3534
"Frontier - HPE Cray EX235a, AMD Optimized 3rd Generation EPYC 64C 2GHz, AMD Instinct MI250X, Slingshot-11, HPE Cray OS,",1/6/2022,1,HPE,8730112,1102,1685.65,21100,0.052227488,0.653753745,1,1434,2111,3545,1,1,85,3534
"Aurora - HPE Cray EX - Intel Exascale Compute Blade, Xeon CPU Max 9470 52C 2.4GHz, Intel Data Center GPU Max, Slingshot-11,",1/11/2025,3,Intel,9264128,1012,1980.01,38698.36,0.026150979,0.51110853,1,1434,2111,3545,1,1,85,3534
"Aurora - HPE Cray EX - Intel Exascale Compute Blade, Xeon CPU Max 9470 52C 2.4GHz, Intel Data Center GPU Max, Slingshot-11,",1/6/2025,3,Intel,9264128,1012,1980.01,38698.36,0.026150979,0.51110853,1,1434,2111,3545,1,1,85,3534
"Aurora - HPE Cray EX - Intel Exascale Compute Blade, Xeon CPU Max 9470 52C 2.4GHz, Intel Data Center GPU Max, Slingshot-11,",1/11/2024,3,Intel,9264128,1012,1980.01,38698.36,0.026150979,0.51110853,1,1434,2111,3545,1,1,85,3534
"Aurora - HPE Cray EX - Intel Exascale Compute Blade, Xeon CPU Max 9470 52C 2.4GHz, Intel Data Center GPU Max, Slingshot-11,",1/6/2024,2,Intel,9264128,1012,1980.01,38698.36,0.026150979,0.51110853,1,1434,2111,3545,1,1,85,3534
"Aurora - HPE Cray EX - Intel Exascale Compute Blade, Xeon CPU Max 9470 52C 2.4GHz, Intel Data Center GPU Max, Slingshot-11,",1/11/2023,2,Intel,4742808,585.34,1059.33,24686.88,0.02371057,0.552556805,1,1434,2111,3545,0,1,85,3534
"JUPITER Booster - BullSequana XH3000, GH Superchip 72C 3GHz, NVIDIA GH200 Superchip, Quad-Rail NVIDIA InfiniBand NDR200, RedHat Enterprise Linux,",1/11/2025,4,EVIDEN,4801344,1000,1226.28,15793.81,0.063315945,0.815474443,1,1434,2111,3545,1,1,85,3534
"JUPITER Booster - BullSequana XH3000, GH Superchip 72C 3GHz, NVIDIA GH200 Superchip, Quad-Rail NVIDIA InfiniBand NDR200, RedHat Enterprise Linux,",1/6/2025,4,EVIDEN,4801344,793.4,930,13088.23,0.06061935,0.85311828,1,1434,2111,3545,0,1,85,3534
"Eagle - Microsoft NDv5, Xeon Platinum 8480C 48C 2GHz, NVIDIA H100, NVIDIA Infiniband NDR,",1/11/2025,5,Microsoft Azure,2073600,561.2,846.84,2294.598255,0,0.662698975,1,1434,2111,3545,0,1,85,3534
"Eagle - Microsoft NDv5, Xeon Platinum 8480C 48C 2GHz, NVIDIA H100, NVIDIA Infiniband NDR,",1/6/2025,5,Microsoft Azure,2073600,561.2,846.84,2294.598255,0,0.662698975,1,1434,2111,3545,0,1,85,3534
"Eagle - Microsoft NDv5, Xeon Platinum 8480C 48C 2GHz, NVIDIA H100, NVIDIA Infiniband NDR,",1/11/2024,4,Microsoft Azure,2073600,561.2,846.84,2294.598255,0,0.662698975,1,1434,2111,3545,0,1,85,3534
"Eagle - Microsoft NDv5, Xeon Platinum 8480C 48C 2GHz, NVIDIA H100, NVIDIA Infiniband NDR,",1/6/2024,3,Microsoft Azure,2073600,561.2,846.84,2294.598255,0,0.662698975,1,1434,2111,3545,0,1,85,3534
"Eagle - Microsoft NDv5, Xeon Platinum 8480C 48C 2GHz, NVIDIA H100, NVIDIA Infiniband NDR,",1/11/2023,3,Microsoft Azure,1123200,561.2,846.84,2294.598255,0,0.662698975,1,1434,2111,3545,0,1,85,3534
"HPC6 - HPE Cray EX235a, AMD Optimized 3rd Generation EPYC 64C 2GHz, AMD Instinct MI250X, Slingshot-11, RHEL 8.9,",1/11/2025,6,HPE,3143520,477.9,606.97,8460.9,0.056483353,0.787353576,1,1434,2111,3545,0,1,85,3534
"HPC6 - HPE Cray EX235a, AMD Optimized 3rd Generation EPYC 64C 2GHz, AMD Instinct MI250X, Slingshot-11, RHEL 8.9,",1/6/2025,6,HPE,3143520,477.9,606.97,8460.9,0.056483353,0.787353576,1,1434,2111,3545,0,1,85,3534
"HPC6 - HPE Cray EX235a, AMD Optimized 3rd Generation EPYC 64C 2GHz, AMD Instinct MI250X, Slingshot-11, RHEL 8.9,",1/11/2024,5,HPE,3143520,477.9,606.97,8460.9,0.056483353,0.787353576,1,1434,2111,3545,0,1,85,3534
"Supercomputer Fugaku - Supercomputer Fugaku, A64FX 48C 2.2GHz, Tofu interconnect D,",1/11/2025,7,Fujitsu,7630848,442.01,537.21,29899.23,0.014783324,0.822788109,0,1434,2111,3545,0,1,85,3534
"Supercomputer Fugaku - Supercomputer Fugaku, A64FX 48C 2.2GHz, Tofu interconnect D,",1/6/2025,7,Fujitsu,7630848,442.01,537.21,29899.23,0.014783324,0.822788109,0,1434,2111,3545,0,1,85,3534
"Supercomputer Fugaku - Supercomputer Fugaku, A64FX 48C 2.2GHz, Tofu interconnect D,",1/11/2024,6,Fujitsu,7630848,442.01,537.21,29899.23,0.014783324,0.822788109,0,1434,2111,3545,0,1,85,3534
"Supercomputer Fugaku - Supercomputer Fugaku, A64FX 48C 2.2GHz, Tofu interconnect D,",1/6/2024,4,Fujitsu,7630848,442.01,537.21,29899.23,0.014783324,0.822788109,0,1434,2111,3545,0,1,85,3534
"Supercomputer Fugaku - Supercomputer Fugaku, A64FX 48C 2.2GHz, Tofu interconnect D,",1/11/2023,4,Fujitsu,7630848,442.01,537.21,29899.23,0.014783324,0.822788109,0,1434,2111,3545,0,1,85,3534
"Supercomputer Fugaku - Supercomputer Fugaku, A64FX 48C 2.2GHz, Tofu interconnect D,",1/6/2023,2,Fujitsu,7630848,442.01,537.21,29899.23,0.014783324,0.822788109,0,1434,2111,3545,0,1,85,3534
"Supercomputer Fugaku - Supercomputer Fugaku, A64FX 48C 2.2GHz, Tofu interconnect D,",1/11/2022,2,Fujitsu,7630848,442.01,537.21,29899.23,0.014783324,0.822788109,0,1434,2111,3545,0,1,85,3534
"Supercomputer Fugaku - Supercomputer Fugaku, A64FX 48C 2.2GHz, Tofu interconnect D,",1/6/2022,2,Fujitsu,7630848,442.01,537.21,29899.23,0.014783324,0.822788109,0,1434,2111,3545,0,1,85,3534
"Supercomputer Fugaku - Supercomputer Fugaku, A64FX 48C 2.2GHz, Tofu interconnect D,",1/11/2021,1,Fujitsu,7630848,442.01,537.21,29899.23,0.014783324,0.822788109,0,1434,2111,3545,0,1,85,3534
"Supercomputer Fugaku - Supercomputer Fugaku, A64FX 48C 2.2GHz, Tofu interconnect D,",1/6/2021,1,Fujitsu,7630848,442.01,537.21,29899.23,0.014783324,0.822788109,0,1434,2111,3545,0,1,85,3534
"Supercomputer Fugaku - Supercomputer Fugaku, A64FX 48C 2.2GHz, Tofu interconnect D,",1/11/2020,1,Fujitsu,7630848,442.01,537.21,29899.23,0.014783324,0.822788109,0,1434,2111,3545,0,1,85,3534
"Supercomputer Fugaku - Supercomputer Fugaku, A64FX 48C 2.2GHz, Tofu interconnect D,",1/6/2020,1,Fujitsu,7299072,415.53,513.85,28334.5,0.014665161,0.808660115,0,1434,2111,3545,0,1,85,3534
"Alps - HPE Cray EX254n, NVIDIA Grace 72C 3.1GHz, NVIDIA GH200 Superchip, Slingshot-11, HPE Cray OS,",1/11/2025,8,HPE,2121600,434.9,574.84,7124,0.061047165,0.756558347,1,1434,2111,3545,0,1,85,3534
"Alps - HPE Cray EX254n, NVIDIA Grace 72C 3.1GHz, NVIDIA GH200 Superchip, Slingshot-11, HPE Cray OS,",1/6/2025,8,HPE,2121600,434.9,574.84,7124,0.061047165,0.756558347,1,1434,2111,3545,0,1,85,3534
"Alps - HPE Cray EX254n, NVIDIA Grace 72C 3.1GHz, NVIDIA GH200 Superchip, Slingshot-11, HPE Cray OS,",1/11/2024,7,HPE,2121600,434.9,574.84,7124,0.061047165,0.756558347,1,1434,2111,3545,0,1,85,3534
"Alps - HPE Cray EX254n, NVIDIA Grace 72C 3.1GHz, NVIDIA GH200 Superchip, Slingshot-11, HPE Cray OS,",1/6/2024,6,HPE,1305600,270,353.75,5194,0.051983057,0.763250883,1,1434,2111,3545,0,1,85,3534
"LUMI - HPE Cray EX235a, AMD Optimized 3rd Generation EPYC 64C 2GHz, AMD Instinct MI250X, Slingshot-11,",1/11/2025,9,HPE,2752704,379.7,531.51,7106.82,0.053427553,0.714379786,1,1434,2111,3545,0,1,85,3534
"LUMI - HPE Cray EX235a, AMD Optimized 3rd Generation EPYC 64C 2GHz, AMD Instinct MI250X, Slingshot-11,",1/6/2025,9,HPE,2752704,379.7,531.51,7106.82,0.053427553,0.714379786,1,1434,2111,3545,0,1,85,3534
"LUMI - HPE Cray EX235a, AMD Optimized 3rd Generation EPYC 64C 2GHz, AMD Instinct MI250X, Slingshot-11,",1/11/2024,8,HPE,2752704,379.7,531.51,7106.82,0.053427553,0.714379786,1,1434,2111,3545,0,1,85,3534
"LUMI - HPE Cray EX235a, AMD Optimized 3rd Generation EPYC 64C 2GHz, AMD Instinct MI250X, Slingshot-11,",1/6/2024,5,HPE,2752704,379.7,531.51,7106.82,0.053427553,0.714379786,1,1434,2111,3545,0,1,85,3534
"LUMI - HPE Cray EX235a, AMD Optimized 3rd Generation EPYC 64C 2GHz, AMD Instinct MI250X, Slingshot-11,",1/11/2023,5,HPE,2752704,379.7,531.51,7106.82,0.053427553,0.714379786,1,1434,2111,3545,0,1,85,3534
"LUMI - HPE Cray EX235a, AMD Optimized 3rd Generation EPYC 64C 2GHz, AMD Instinct MI250X, Slingshot-11,",1/6/2023,3,HPE,2220288,309.1,428.7,6015.77,0.051381619,0.721017028,1,1434,2111,3545,0,1,85,3534
"LUMI - HPE Cray EX235a, AMD Optimized 3rd Generation EPYC 64C 2GHz, AMD Instinct MI250X, Slingshot-11,",1/11/2022,3,HPE,2220288,309.1,428.7,6015.77,0.051381619,0.721017028,1,1434,2111,3545,0,1,85,3534
"LUMI - HPE Cray EX235a, AMD Optimized 3rd Generation EPYC 64C 2GHz, AMD Instinct MI250X, Slingshot-11,",1/6/2022,3,HPE,1110144,151.9,214.35,2942.13,0.051629262,0.70865407,1,1434,2111,3545,0,1,85,3534
"Leonardo - BullSequana XH2000, Xeon Platinum 8358 32C 2.6GHz, NVIDIA A100 SXM4 64 GB, Quad-rail NVIDIA HDR100 Infiniband,",1/11/2025,10,EVIDEN,1824768,241.2,306.31,7493.74,0.032186865,0.787437563,1,1434,2111,3545,0,1,85,3534
"Leonardo - BullSequana XH2000, Xeon Platinum 8358 32C 2.6GHz, NVIDIA A100 SXM4 64 GB, Quad-rail NVIDIA HDR100 Infiniband,",1/6/2025,10,EVIDEN,1824768,241.2,306.31,7493.74,0.032186865,0.787437563,1,1434,2111,3545,0,1,85,3534
"Leonardo - BullSequana XH2000, Xeon Platinum 8358 32C 2.6GHz, NVIDIA A100 SXM4 64 GB, Quad-rail NVIDIA HDR100 Infiniband,",1/11/2024,9,EVIDEN,1824768,241.2,306.31,7493.74,0.032186865,0.787437563,1,1434,2111,3545,0,1,85,3534
"Leonardo - BullSequana XH2000, Xeon Platinum 8358 32C 2.6GHz, NVIDIA A100 SXM4 64 GB, Quad-rail NVIDIA HDR100 Infiniband,",1/6/2024,7,EVIDEN,1824768,241.2,306.31,7493.74,0.032186865,0.787437563,1,1434,2111,3545,0,1,85,3534
"Leonardo - BullSequana XH2000, Xeon Platinum 8358 32C 2.6GHz, NVIDIA A100 SXM4 64 GB, Quad-rail NVIDIA HDR100 Infiniband,",1/11/2023,6,EVIDEN,1824768,238.7,304.47,7404.4,0.032237588,0.783985286,1,1434,2111,3545,0,1,85,3534
"Leonardo - BullSequana XH2000, Xeon Platinum 8358 32C 2.6GHz, NVIDIA A100 SXM4 64 GB, Quad-rail NVIDIA HDR100 Infiniband,",1/6/2023,4,EVIDEN,1824768,238.7,304.47,7404.4,0.032237588,0.783985286,1,1434,2111,3545,0,1,85,3534
"Leonardo - BullSequana XH2000, Xeon Platinum 8358 32C 2.6GHz, NVIDIA A100 SXM4 64 GB, Quad-rail NVIDIA HDR100 Infiniband,",1/11/2022,4,EVIDEN,1463616,174.7,255.75,5610,0.03114082,0.683088954,1,1434,2111,3545,0,1,85,3534
"Isambard-AI phase 2 - HPE Cray EX254n, NVIDIA Grace 72C 3.1GHz, NVIDIA GH200 Superchip, Slingshot-11, HPE Cray OS,",1/11/2025,11,HPE,1028160,216.5,278.58,2294.598255,0,0.777155575,1,1434,2111,3545,0,1,85,3534
"Isambard-AI phase 2 - HPE Cray EX254n, NVIDIA Grace 72C 3.1GHz, NVIDIA GH200 Superchip, Slingshot-11, HPE Cray OS,",1/6/2025,11,HPE,1028160,216.5,278.58,2294.598255,0,0.777155575,1,1434,2111,3545,0,1,85,3534
"Tuolumne - HPE Cray EX255a, AMD 4th Gen EPYC 24C 1.8GHz, AMD Instinct MI300A, Slingshot-11, TOSS,",1/11/2025,12,HPE,1161216,208.1,288.88,3386.62,0.061447697,0.720368319,1,1434,2111,3545,0,1,85,3534
"Tuolumne - HPE Cray EX255a, AMD 4th Gen EPYC 24C 1.8GHz, AMD Instinct MI300A, Slingshot-11, TOSS,",1/6/2025,12,HPE,1161216,208.1,288.88,3386.62,0.061447697,0.720368319,1,1434,2111,3545,0,1,85,3534
"Tuolumne - HPE Cray EX255a, AMD 4th Gen EPYC 24C 1.8GHz, AMD Instinct MI300A, Slingshot-11, TOSS,",1/11/2024,10,HPE,1161216,208.1,288.88,3386.62,0.061447697,0.720368319,1,1434,2111,3545,0,1,85,3534
"ISEG2 - Nebius NB-D-SR-IESH6, Xeon Platinum 8468 48C 2.1GHz, NVIDIA H200 SXM5 141 GB, Infiniband NDR400, Ubuntu 22.04,",1/11/2025,13,Nebius AI,718848,202.4,338.49,5300,0.038188679,0.597949718,1,1434,2111,3545,0,1,85,3534
"ISEG2 - Nebius NB-D-SR-IESH6, Xeon Platinum 8468 48C 2.1GHz, NVIDIA H200 SXM5 141 GB, Infiniband NDR400, Ubuntu 22.04,",1/6/2025,13,Nebius AI,718848,202.4,338.49,5300,0.038188679,0.597949718,1,1434,2111,3545,0,1,85,3534
"MareNostrum 5 ACC - BullSequana XH3000, Xeon Platinum 8460Y+ 32C 2.3GHz, NVIDIA H100 64GB, Infiniband NDR,",1/11/2025,14,EVIDEN,663040,175.3,249.44,4158.9,0.042150569,0.702774214,1,1434,2111,3545,0,1,85,3534
"MareNostrum 5 ACC - BullSequana XH3000, Xeon Platinum 8460Y+ 32C 2.3GHz, NVIDIA H100 64GB, Infiniband NDR,",1/6/2025,14,EVIDEN,663040,175.3,249.44,4158.9,0.042150569,0.702774214,1,1434,2111,3545,0,1,85,3534
"MareNostrum 5 ACC - BullSequana XH3000, Xeon Platinum 8460Y+ 32C 2.3GHz, NVIDIA H100 64GB, Infiniband NDR,",1/11/2024,11,EVIDEN,663040,175.3,249.44,4158.9,0.042150569,0.702774214,1,1434,2111,3545,0,1,85,3534
"MareNostrum 5 ACC - BullSequana XH3000, Xeon Platinum 8460Y+ 32C 2.3GHz, NVIDIA H100 64GB, Infiniband NDR,",1/6/2024,8,EVIDEN,663040,175.3,249.44,4158.9,0.042150569,0.702774214,1,1434,2111,3545,0,1,85,3534
"MareNostrum 5 ACC - BullSequana XH3000, Xeon Platinum 8460Y+ 32C 2.3GHz, NVIDIA H100 64GB, Infiniband NDR,",1/11/2023,8,EVIDEN,680960,138.2,265.57,2560,0.053984375,0.520390104,1,1434,2111,3545,0,1,85,3534
"Discovery 6 - HPE Cray EX254n, NVIDIA Grace 72C 3.1GHz, NVIDIA GH200 Superchip, Slingshot-11, HPE Cray OS,",1/11/2025,15,HPE,806208,164.2,218.44,2294.598255,0,0.751693829,1,1434,2111,3545,0,1,85,3534
"Discovery 6 - HPE Cray EX254n, NVIDIA Grace 72C 3.1GHz, NVIDIA GH200 Superchip, Slingshot-11, HPE Cray OS,",1/6/2025,17,HPE,822528,118.6,222.86,2294.598255,0,0.532172664,1,1434,2111,3545,0,1,85,3534
"ABCI 3.0 - HPE Cray XD670, Xeon Platinum 8558 48C 2.1GHz, NVIDIA H200 SXM5 141 GB, Infiniband NDR200, Rocky Linux 9,",1/11/2025,16,HPE,479232,145.1,181.49,3596.1,0.040349267,0.799493085,1,1434,2111,3545,0,1,85,3534
"ABCI 3.0 - HPE Cray XD670, Xeon Platinum 8558 48C 2.1GHz, NVIDIA H200 SXM5 141 GB, Infiniband NDR200, Rocky Linux 9,",1/6/2025,15,HPE,479232,145.1,181.49,3596.1,0.040349267,0.799493085,1,1434,2111,3545,0,1,85,3534
"CHIE-4 - NVIDIA DGX B200, Xeon Platinum 8570 56C 2.1GHz, NVIDIA B200 SXM 180GB, Infiniband NDR400, Ubuntu 24.04.2 LTS,",1/11/2025,17,Nvidia,662256,135.4,151.88,2294.598255,0,0.891493284,1,1434,2111,3545,0,1,85,3534
"Shaheen III - GPU - HPE Cray EX254n, NVIDIA Grace 72C 3.1GHz, NVIDIA GH200 Superchip, Slingshot-11, HPE Cray OS,",1/11/2025,18,HPE,574464,122.8,155.21,1980,0.062020202,0.791186135,1,1434,2111,3545,0,1,85,3534
"Eos NVIDIA DGX SuperPOD - NVIDIA DGX H100, Xeon Platinum 8480C 56C 3.8GHz, NVIDIA H100, Infiniband NDR400,",1/11/2025,19,Nvidia,485888,121.4,188.65,2294.598255,0,0.643519746,1,1434,2111,3545,0,1,85,3534
"Eos NVIDIA DGX SuperPOD - NVIDIA DGX H100, Xeon Platinum 8480C 56C 3.8GHz, NVIDIA H100, Infiniband NDR400,",1/6/2025,16,Nvidia,485888,121.4,188.65,2294.598255,0,0.643519746,1,1434,2111,3545,0,1,85,3534
"Eos NVIDIA DGX SuperPOD - NVIDIA DGX H100, Xeon Platinum 8480C 56C 3.8GHz, NVIDIA H100, Infiniband NDR400,",1/11/2024,12,Nvidia,485888,121.4,188.65,2294.598255,0,0.643519746,1,1434,2111,3545,0,1,85,3534
"Eos NVIDIA DGX SuperPOD - NVIDIA DGX H100, Xeon Platinum 8480C 56C 3.8GHz, NVIDIA H100, Infiniband NDR400,",1/6/2024,10,Nvidia,485888,121.4,188.65,2294.598255,0,0.643519746,1,1434,2111,3545,0,1,85,3534
"Eos NVIDIA DGX SuperPOD - NVIDIA DGX H100, Xeon Platinum 8480C 56C 3.8GHz, NVIDIA H100, Infiniband NDR400,",1/11/2023,9,Nvidia,485888,121.4,188.65,2294.598255,0,0.643519746,1,1434,2111,3545,0,1,85,3534
"MAXIMUS-384 - PowerEdge XE9680, Intel Xeon Platinum 8570 56C 4GHz, AMD Instinct MI300X, RoCE, Ubuntu 22.04.3 LTS,",1/11/2025,20,DELL,976896,114.5,251.15,2294.598255,0,0.455902847,1,1434,2111,3545,0,1,85,3534
"SSC-24 - HPE Cray XD670, Xeon Gold 6430 32C 2.1GHz, NVIDIA H100 SXM5 80GB, Infiniband NDR400, RHEL 9.2,",1/11/2025,21,HPE,349440,106.2,151.1,2294.598255,0,0.702845797,1,1434,2111,3545,0,1,85,3534
"SSC-24 - HPE Cray XD670, Xeon Gold 6430 32C 2.1GHz, NVIDIA H100 SXM5 80GB, Infiniband NDR400, RHEL 9.2,",1/6/2025,18,HPE,349440,106.2,151.1,2294.598255,0,0.702845797,1,1434,2111,3545,0,1,85,3534
"Venado - HPE Cray EX254n, NVIDIA Grace 72C 3.1GHz, NVIDIA GH200 Superchip, Slingshot-11,",1/11/2025,22,HPE,481440,98.51,130.44,1661.57,0.059287301,0.755213125,1,1434,2111,3545,0,1,85,3534
"Venado - HPE Cray EX254n, NVIDIA Grace 72C 3.1GHz, NVIDIA GH200 Superchip, Slingshot-11,",1/6/2025,19,HPE,481440,98.51,130.44,1661.57,0.059287301,0.755213125,1,1434,2111,3545,0,1,85,3534
"Venado - HPE Cray EX254n, NVIDIA Grace 72C 3.1GHz, NVIDIA GH200 Superchip, Slingshot-11,",1/11/2024,13,HPE,481440,98.51,130.44,1661.57,0.059287301,0.755213125,1,1434,2111,3545,0,1,85,3534
"Venado - HPE Cray EX254n, NVIDIA Grace 72C 3.1GHz, NVIDIA GH200 Superchip, Slingshot-11,",1/6/2024,11,HPE,481440,98.51,130.44,1661.57,0.059287301,0.755213125,1,1434,2111,3545,0,1,85,3534
"Sierra - IBM Power System AC922, IBM POWER9 22C 3.1GHz, NVIDIA Volta GV100, Dual-rail Mellanox EDR Infiniband,",1/11/2025,23,IBM / NVIDIA / Mellanox,1572480,94.64,125.71,7438.28,0.012723372,0.752843847,1,1434,2111,3545,0,1,85,3534
"Sierra - IBM Power System AC922, IBM POWER9 22C 3.1GHz, NVIDIA Volta GV100, Dual-rail Mellanox EDR Infiniband,",1/6/2025,20,IBM / NVIDIA / Mellanox,1572480,94.64,125.71,7438.28,0.012723372,0.752843847,1,1434,2111,3545,0,1,85,3534
"Sierra - IBM Power System AC922, IBM POWER9 22C 3.1GHz, NVIDIA Volta GV100, Dual-rail Mellanox EDR Infiniband,",1/11/2024,14,IBM / NVIDIA / Mellanox,1572480,94.64,125.71,7438.28,0.012723372,0.752843847,1,1434,2111,3545,0,1,85,3534
"Sierra - IBM Power System AC922, IBM POWER9 22C 3.1GHz, NVIDIA Volta GV100, Dual-rail Mellanox EDR Infiniband,",1/6/2024,12,IBM / NVIDIA / Mellanox,1572480,94.64,125.71,7438.28,0.012723372,0.752843847,1,1434,2111,3545,0,1,85,3534
"Sierra - IBM Power System AC922, IBM POWER9 22C 3.1GHz, NVIDIA Volta GV100, Dual-rail Mellanox EDR Infiniband,",1/11/2023,10,IBM / NVIDIA / Mellanox,1572480,94.64,125.71,7438.28,0.012723372,0.752843847,1,1434,2111,3545,0,1,85,3534
"Sierra - IBM Power System AC922, IBM POWER9 22C 3.1GHz, NVIDIA Volta GV100, Dual-rail Mellanox EDR Infiniband,",1/6/2023,6,IBM / NVIDIA / Mellanox,1572480,94.64,125.71,7438.28,0.012723372,0.752843847,1,1434,2111,3545,0,1,85,3534
"Sierra - IBM Power System AC922, IBM POWER9 22C 3.1GHz, NVIDIA Volta GV100, Dual-rail Mellanox EDR Infiniband,",1/11/2022,6,IBM / NVIDIA / Mellanox,1572480,94.64,125.71,7438.28,0.012723372,0.752843847,1,1434,2111,3545,0,1,85,3534
"Sierra - IBM Power System AC922, IBM POWER9 22C 3.1GHz, NVIDIA Volta GV100, Dual-rail Mellanox EDR Infiniband,",1/6/2022,5,IBM / NVIDIA / Mellanox,1572480,94.64,125.71,7438.28,0.012723372,0.752843847,1,1434,2111,3545,0,1,85,3534
"Sierra - IBM Power System AC922, IBM POWER9 22C 3.1GHz, NVIDIA Volta GV100, Dual-rail Mellanox EDR Infiniband,",1/11/2021,3,IBM / NVIDIA / Mellanox,1572480,94.64,125.71,7438.28,0.012723372,0.752843847,1,1434,2111,3545,0,1,85,3534
"Sierra - IBM Power System AC922, IBM POWER9 22C 3.1GHz, NVIDIA Volta GV100, Dual-rail Mellanox EDR Infiniband,",1/6/2021,3,IBM / NVIDIA / Mellanox,1572480,94.64,125.71,7438.28,0.012723372,0.752843847,1,1434,2111,3545,0,1,85,3534
"Sierra - IBM Power System AC922, IBM POWER9 22C 3.1GHz, NVIDIA Volta GV100, Dual-rail Mellanox EDR Infiniband,",1/11/2020,3,IBM / NVIDIA / Mellanox,1572480,94.64,125.71,7438.28,0.012723372,0.752843847,1,1434,2111,3545,0,1,85,3534
"Sierra - IBM Power System AC922, IBM POWER9 22C 3.1GHz, NVIDIA Volta GV100, Dual-rail Mellanox EDR Infiniband,",1/6/2020,3,IBM / NVIDIA / Mellanox,1572480,94.64,125.71,7438.28,0.012723372,0.752843847,1,1434,2111,3545,0,1,85,3534
"Sierra - IBM Power System AC922, IBM POWER9 22C 3.1GHz, NVIDIA Volta GV100, Dual-rail Mellanox EDR Infiniband,",1/11/2019,2,IBM / NVIDIA / Mellanox,1572480,94.64,125.71,7438.28,0.012723372,0.752843847,1,1434,2111,3545,0,1,85,3534
"Sierra - IBM Power System AC922, IBM POWER9 22C 3.1GHz, NVIDIA Volta GV100, Dual-rail Mellanox EDR Infiniband,",1/6/2019,2,IBM / NVIDIA / Mellanox,1572480,94.64,125.71,7438.28,0.012723372,0.752843847,1,1434,2111,3545,0,1,85,3534
"Sierra - IBM Power System AC922, IBM POWER9 22C 3.1GHz, NVIDIA Volta GV100, Dual-rail Mellanox EDR Infiniband,",1/11/2018,2,IBM / NVIDIA / Mellanox,1572480,94.64,125.71,7438.28,0.012723372,0.752843847,1,1434,2111,3545,0,1,85,3534
"Sierra - IBM Power System AC922, IBM POWER9 22C 3.1GHz, NVIDIA Volta GV100, Dual-rail Mellanox EDR Infiniband,",1/6/2018,3,IBM / NVIDIA / Mellanox,1572480,71.61,119.19,2294.598255,0,0.600805437,1,1434,2111,3545,0,1,85,3534
"Sunway TaihuLight - Sunway MPP, Sunway SW26010 260C 1.45GHz, Sunway,",1/11/2025,24,NRCPC,10649600,93.01,125.44,15371,0.006051005,0.741470026,0,1434,2111,3545,0,1,85,3534
"Sunway TaihuLight - Sunway MPP, Sunway SW26010 260C 1.45GHz, Sunway,",1/6/2025,21,NRCPC,10649600,93.01,125.44,15371,0.006051005,0.741470026,0,1434,2111,3545,0,1,85,3534
"Sunway TaihuLight - Sunway MPP, Sunway SW26010 260C 1.45GHz, Sunway,",1/11/2024,15,NRCPC,10649600,93.01,125.44,15371,0.006051005,0.741470026,0,1434,2111,3545,0,1,85,3534
"Sunway TaihuLight - Sunway MPP, Sunway SW26010 260C 1.45GHz, Sunway,",1/6/2024,13,NRCPC,10649600,93.01,125.44,15371,0.006051005,0.741470026,0,1434,2111,3545,0,1,85,3534
"Sunway TaihuLight - Sunway MPP, Sunway SW26010 260C 1.45GHz, Sunway,",1/11/2023,11,NRCPC,10649600,93.01,125.44,15371,0.006051005,0.741470026,0,1434,2111,3545,0,1,85,3534
"Sunway TaihuLight - Sunway MPP, Sunway SW26010 260C 1.45GHz, Sunway,",1/6/2023,7,NRCPC,10649600,93.01,125.44,15371,0.006051005,0.741470026,0,1434,2111,3545,0,1,85,3534
"Sunway TaihuLight - Sunway MPP, Sunway SW26010 260C 1.45GHz, Sunway,",1/11/2022,7,NRCPC,10649600,93.01,125.44,15371,0.006051005,0.741470026,0,1434,2111,3545,0,1,85,3534
"Sunway TaihuLight - Sunway MPP, Sunway SW26010 260C 1.45GHz, Sunway,",1/6/2022,6,NRCPC,10649600,93.01,125.44,15371,0.006051005,0.741470026,0,1434,2111,3545,0,1,85,3534
"Sunway TaihuLight - Sunway MPP, Sunway SW26010 260C 1.45GHz, Sunway,",1/11/2021,4,NRCPC,10649600,93.01,125.44,15371,0.006051005,0.741470026,0,1434,2111,3545,0,1,85,3534
"Sunway TaihuLight - Sunway MPP, Sunway SW26010 260C 1.45GHz, Sunway,",1/6/2021,4,NRCPC,10649600,93.01,125.44,15371,0.006051005,0.741470026,0,1434,2111,3545,0,1,85,3534
"Sunway TaihuLight - Sunway MPP, Sunway SW26010 260C 1.45GHz, Sunway,",1/11/2020,4,NRCPC,10649600,93.01,125.44,15371,0.006051005,0.741470026,0,1434,2111,3545,0,1,85,3534
"Sunway TaihuLight - Sunway MPP, Sunway SW26010 260C 1.45GHz, Sunway,",1/6/2020,4,NRCPC,10649600,93.01,125.44,15371,0.006051005,0.741470026,0,1434,2111,3545,0,1,85,3534
"Sunway TaihuLight - Sunway MPP, Sunway SW26010 260C 1.45GHz, Sunway,",1/11/2019,3,NRCPC,10649600,93.01,125.44,15371,0.006051005,0.741470026,0,1434,2111,3545,0,1,85,3534
"Sunway TaihuLight - Sunway MPP, Sunway SW26010 260C 1.45GHz, Sunway,",1/6/2019,3,NRCPC,10649600,93.01,125.44,15371,0.006051005,0.741470026,0,1434,2111,3545,0,1,85,3534
"Sunway TaihuLight - Sunway MPP, Sunway SW26010 260C 1.45GHz, Sunway,",1/11/2018,3,NRCPC,10649600,93.01,125.44,15371,0.006051005,0.741470026,0,1434,2111,3545,0,1,85,3534
"Sunway TaihuLight - Sunway MPP, Sunway SW26010 260C 1.45GHz, Sunway,",1/6/2018,2,NRCPC,10649600,93.01,125.44,15371,0.006051005,0.741470026,0,1434,2111,3545,0,1,85,3534
"Sunway TaihuLight - Sunway MPP, Sunway SW26010 260C 1.45GHz, Sunway,",1/11/2017,1,NRCPC,10649600,93.01,125.44,15371,0.006051005,0.741470026,0,1434,2111,3545,0,1,85,3534
"Sunway TaihuLight - Sunway MPP, Sunway SW26010 260C 1.45GHz, Sunway,",1/6/2017,1,NRCPC,10649600,93.01,125.44,15371,0.006051005,0.741470026,0,1434,2111,3545,0,1,85,3534
"Sunway TaihuLight - Sunway MPP, Sunway SW26010 260C 1.45GHz, Sunway,",1/11/2016,1,NRCPC,10649600,93.01,125.44,15371,0.006051005,0.741470026,0,1434,2111,3545,0,1,85,3534
"Sunway TaihuLight - Sunway MPP, Sunway SW26010 260C 1.45GHz, Sunway,",1/6/2016,1,NRCPC,10649600,93.01,125.44,15371,0.006051005,0.741470026,0,1434,2111,3545,0,1,85,3534
"CHIE-3 - NVIDIA DGX H100, Xeon Platinum 8480C 56C 2GHz, NVIDIA H100, Infiniband NDR400, Ubuntu 22.04.4 LTS,",1/11/2025,25,Nvidia,297840,91.94,138.32,2294.598255,0,0.664690573,1,1434,2111,3545,0,1,85,3534
"CHIE-3 - NVIDIA DGX H100, Xeon Platinum 8480C 56C 2GHz, NVIDIA H100, Infiniband NDR400, Ubuntu 22.04.4 LTS,",1/6/2025,22,Nvidia,297840,91.94,138.32,2294.598255,0,0.664690573,1,1434,2111,3545,0,1,85,3534
"CHIE-3 - NVIDIA DGX H100, Xeon Platinum 8480C 56C 2GHz, NVIDIA H100, Infiniband NDR400, Ubuntu 22.04.4 LTS,",1/11/2024,16,Nvidia,297840,91.94,138.32,2294.598255,0,0.664690573,1,1434,2111,3545,0,1,85,3534
"CEA-HE - BullSequana XH3000, GH Superchip 72C 3GHz, NVIDIA GH200 Superchip, Quad-Rail BXI v2, Linux,",1/11/2025,26,EVIDEN,548352,90.79,171.26,1770,0.051293785,0.530129627,1,1434,2111,3545,0,1,85,3534
"CEA-HE - BullSequana XH3000, GH Superchip 72C 3GHz, NVIDIA GH200 Superchip, Quad-Rail BXI v2, Linux,",1/6/2025,23,EVIDEN,548352,90.79,171.26,1770,0.051293785,0.530129627,1,1434,2111,3545,0,1,85,3534
"CEA-HE - BullSequana XH3000, GH Superchip 72C 3GHz, NVIDIA GH200 Superchip, Quad-Rail BXI v2, Linux,",1/11/2024,22,EVIDEN,389232,64.32,103.48,1233,0.05216545,0.621569385,1,1434,2111,3545,0,1,85,3534
"CEA-HE - BullSequana XH3000, GH Superchip 72C 3GHz, NVIDIA GH200 Superchip, Quad-Rail BXI v2, Linux,",1/6/2024,17,EVIDEN,389232,57.11,112.56,1207,0.047315659,0.507373845,1,1434,2111,3545,0,1,85,3534
"CHIE-2 - NVIDIA DGX H100, Xeon Platinum 8480C 56C 2GHz, NVIDIA H100, Infiniband NDR400, Ubuntu 22.04.4 LTS,",1/11/2025,27,Nvidia,297840,89.78,138.32,2294.598255,0,0.64907461,1,1434,2111,3545,0,1,85,3534
"CHIE-2 - NVIDIA DGX H100, Xeon Platinum 8480C 56C 2GHz, NVIDIA H100, Infiniband NDR400, Ubuntu 22.04.4 LTS,",1/6/2025,24,Nvidia,297840,89.78,138.32,2294.598255,0,0.64907461,1,1434,2111,3545,0,1,85,3534
"CHIE-2 - NVIDIA DGX H100, Xeon Platinum 8480C 56C 2GHz, NVIDIA H100, Infiniband NDR400, Ubuntu 22.04.4 LTS,",1/11/2024,17,Nvidia,297840,89.78,138.32,2294.598255,0,0.64907461,1,1434,2111,3545,0,1,85,3534
"PowerEdge XE9680, Xeon Platinum 8480L 56C 2GHz, NVIDIA H100 80GB, Infiniband NDR400, Ubuntu 22.04,",1/11/2025,28,DELL,294336,84.31,102.82,2294.598255,0,0.819976658,1,1434,2111,3545,0,1,85,3534
"Nano 4 - ASUS ESC N8-E11V, Xeon Platinum 8480+ 56C 2GHz, NVIDIA H200 SXM5 141 GB, Infiniband NDR400, RHEL,",1/11/2025,29,ASUSTeK / Taiwan AI Cloud / Taiwan Mobile,256960,81.55,117.92,2214.11,0.036831955,0.691570556,1,1434,2111,3545,0,1,85,3534
"Perlmutter - HPE Cray EX 235n, AMD EPYC 7763 64C 2.45GHz, NVIDIA A100 SXM4 40 GB, Slingshot-11,",1/11/2025,30,HPE,888832,79.23,113,2945,0.026903226,0.701150442,1,1434,2111,3545,0,1,85,3534
"Perlmutter - HPE Cray EX 235n, AMD EPYC 7763 64C 2.45GHz, NVIDIA A100 SXM4 40 GB, Slingshot-11,",1/6/2025,25,HPE,888832,79.23,113,2945,0.026903226,0.701150442,1,1434,2111,3545,0,1,85,3534
"Perlmutter - HPE Cray EX 235n, AMD EPYC 7763 64C 2.45GHz, NVIDIA A100 SXM4 40 GB, Slingshot-11,",1/11/2024,19,HPE,888832,79.23,113,2945,0.026903226,0.701150442,1,1434,2111,3545,0,1,85,3534
"Perlmutter - HPE Cray EX 235n, AMD EPYC 7763 64C 2.45GHz, NVIDIA A100 SXM4 40 GB, Slingshot-11,",1/6/2024,14,HPE,888832,79.23,113,2945,0.026903226,0.701150442,1,1434,2111,3545,0,1,85,3534
"Perlmutter - HPE Cray EX 235n, AMD EPYC 7763 64C 2.45GHz, NVIDIA A100 SXM4 40 GB, Slingshot-11,",1/11/2023,12,HPE,888832,79.23,113,2945,0.026903226,0.701150442,1,1434,2111,3545,0,1,85,3534
"Perlmutter - HPE Cray EX 235n, AMD EPYC 7763 64C 2.45GHz, NVIDIA A100 SXM4 40 GB, Slingshot-11,",1/6/2023,8,HPE,761856,70.87,93.75,2589,0.027373503,0.755946667,1,1434,2111,3545,0,1,85,3534
"Perlmutter - HPE Cray EX 235n, AMD EPYC 7763 64C 2.45GHz, NVIDIA A100 SXM4 40 GB, Slingshot-11,",1/11/2022,8,HPE,761856,70.87,93.75,2589,0.027373503,0.755946667,1,1434,2111,3545,0,1,85,3534
"Perlmutter - HPE Cray EX 235n, AMD EPYC 7763 64C 2.45GHz, NVIDIA A100 SXM4 40 GB, Slingshot-11,",1/6/2022,7,HPE,761856,70.87,93.75,2589,0.027373503,0.755946667,1,1434,2111,3545,0,1,85,3534
"Perlmutter - HPE Cray EX 235n, AMD EPYC 7763 64C 2.45GHz, NVIDIA A100 SXM4 40 GB, Slingshot-11,",1/11/2021,5,HPE,761856,70.87,93.75,2589,0.027373503,0.755946667,1,1434,2111,3545,0,1,85,3534
"Perlmutter - HPE Cray EX 235n, AMD EPYC 7763 64C 2.45GHz, NVIDIA A100 SXM4 40 GB, Slingshot-11,",1/6/2021,5,HPE,706304,64.59,89.79,2528,0.025549842,0.719345139,1,1434,2111,3545,0,1,85,3534
"Njoerd - HPE Cray XD670, Xeon Platinum 8462Y+ 32C 2.8GHz, NVIDIA H100 SXM5 80GB, Infiniband NDR400, Ubuntu 22.04,",1/11/2025,31,HPE,273280,78.2,106.28,2294.598255,0,0.735792247,1,1434,2111,3545,0,1,85,3534
"Njoerd - HPE Cray XD670, Xeon Platinum 8462Y+ 32C 2.8GHz, NVIDIA H100 SXM5 80GB, Infiniband NDR400, Ubuntu 22.04,",1/6/2025,26,HPE,273280,78.2,106.28,2294.598255,0,0.735792247,1,1434,2111,3545,0,1,85,3534
"ABCI-Q - Supermicro SYS-221GE-TNHT-LCC, Intel Xeon Platinum 8558 48C 2.1GHz, NVIDIA H100 SXM5 80GB, Infiniband NDR, Rocky Linux 9.4,",1/11/2025,32,Fujitsu,315120,74.58,99.35,1834,0.040665213,0.750679416,1,1434,2111,3545,0,1,85,3534
"ABCI-Q - Supermicro SYS-221GE-TNHT-LCC, Intel Xeon Platinum 8558 48C 2.1GHz, NVIDIA H100 SXM5 80GB, Infiniband NDR, Rocky Linux 9.4,",1/6/2025,27,Fujitsu,315120,74.58,99.35,1834,0.040665213,0.750679416,1,1434,2111,3545,0,1,85,3534
"El Dorado - HPE Cray EX255a, AMD 4th Gen EPYC 24C 1.8GHz, AMD Instinct MI300A, Slingshot-11, TOSS,",1/11/2025,33,HPE,383040,68.02,95.29,1110.02,0.061278175,0.713820968,1,1434,2111,3545,0,1,85,3534
"El Dorado - HPE Cray EX255a, AMD 4th Gen EPYC 24C 1.8GHz, AMD Instinct MI300A, Slingshot-11, TOSS,",1/6/2025,28,HPE,383040,68.02,95.29,1110.02,0.061278175,0.713820968,1,1434,2111,3545,0,1,85,3534
"El Dorado - HPE Cray EX255a, AMD 4th Gen EPYC 24C 1.8GHz, AMD Instinct MI300A, Slingshot-11, TOSS,",1/11/2024,20,HPE,383040,68.02,95.29,1110.02,0.061278175,0.713820968,1,1434,2111,3545,0,1,85,3534
"Gefion - NVIDIA DGX H100, Xeon Platinum 8480C 56C 2GHz, NVIDIA H100 SXM5 80GB, Octo-rail NVIDIA HDR100 Infiniband, Red Hat Enterprise Linux,",1/11/2025,34,Nvidia,223088,66.59,100.63,1753.2,0.037981976,0.661731094,1,1434,2111,3545,0,1,85,3534
"Gefion - NVIDIA DGX H100, Xeon Platinum 8480C 56C 2GHz, NVIDIA H100 SXM5 80GB, Octo-rail NVIDIA HDR100 Infiniband, Red Hat Enterprise Linux,",1/6/2025,29,Nvidia,223088,66.59,100.63,1753.2,0.037981976,0.661731094,1,1434,2111,3545,0,1,85,3534
"Gefion - NVIDIA DGX H100, Xeon Platinum 8480C 56C 2GHz, NVIDIA H100 SXM5 80GB, Octo-rail NVIDIA HDR100 Infiniband, Red Hat Enterprise Linux,",1/11/2024,21,Nvidia,223088,66.59,100.63,1753.2,0.037981976,0.661731094,1,1434,2111,3545,0,1,85,3534
"Selene - NVIDIA DGX A100, AMD EPYC 7742 64C 2.25GHz, NVIDIA A100, Mellanox HDR Infiniband,",1/11/2025,35,Nvidia,555520,63.46,79.22,2646,0.023983371,0.801060338,1,1434,2111,3545,0,1,85,3534
"Selene - NVIDIA DGX A100, AMD EPYC 7742 64C 2.25GHz, NVIDIA A100, Mellanox HDR Infiniband,",1/6/2025,30,Nvidia,555520,63.46,79.22,2646,0.023983371,0.801060338,1,1434,2111,3545,0,1,85,3534
"Selene - NVIDIA DGX A100, AMD EPYC 7742 64C 2.25GHz, NVIDIA A100, Mellanox HDR Infiniband,",1/11/2024,23,Nvidia,555520,63.46,79.22,2646,0.023983371,0.801060338,1,1434,2111,3545,0,1,85,3534
"Selene - NVIDIA DGX A100, AMD EPYC 7742 64C 2.25GHz, NVIDIA A100, Mellanox HDR Infiniband,",1/6/2024,15,Nvidia,555520,63.46,79.22,2646,0.023983371,0.801060338,1,1434,2111,3545,0,1,85,3534
"Selene - NVIDIA DGX A100, AMD EPYC 7742 64C 2.25GHz, NVIDIA A100, Mellanox HDR Infiniband,",1/11/2023,13,Nvidia,555520,63.46,79.22,2646,0.023983371,0.801060338,1,1434,2111,3545,0,1,85,3534
"Selene - NVIDIA DGX A100, AMD EPYC 7742 64C 2.25GHz, NVIDIA A100, Mellanox HDR Infiniband,",1/6/2023,9,Nvidia,555520,63.46,79.22,2646,0.023983371,0.801060338,1,1434,2111,3545,0,1,85,3534
"Selene - NVIDIA DGX A100, AMD EPYC 7742 64C 2.25GHz, NVIDIA A100, Mellanox HDR Infiniband,",1/11/2022,9,Nvidia,555520,63.46,79.22,2646,0.023983371,0.801060338,1,1434,2111,3545,0,1,85,3534
"Selene - NVIDIA DGX A100, AMD EPYC 7742 64C 2.25GHz, NVIDIA A100, Mellanox HDR Infiniband,",1/6/2022,8,Nvidia,555520,63.46,79.22,2646,0.023983371,0.801060338,1,1434,2111,3545,0,1,85,3534
"Selene - NVIDIA DGX A100, AMD EPYC 7742 64C 2.25GHz, NVIDIA A100, Mellanox HDR Infiniband,",1/11/2021,6,Nvidia,555520,63.46,79.22,2646,0.023983371,0.801060338,1,1434,2111,3545,0,1,85,3534
"Selene - NVIDIA DGX A100, AMD EPYC 7742 64C 2.25GHz, NVIDIA A100, Mellanox HDR Infiniband,",1/6/2021,6,Nvidia,555520,63.46,79.22,2646,0.023983371,0.801060338,1,1434,2111,3545,0,1,85,3534
"Selene - NVIDIA DGX A100, AMD EPYC 7742 64C 2.25GHz, NVIDIA A100, Mellanox HDR Infiniband,",1/11/2020,5,Nvidia,555520,63.46,79.22,2646,0.023983371,0.801060338,1,1434,2111,3545,0,1,85,3534
"Selene - NVIDIA DGX A100, AMD EPYC 7742 64C 2.25GHz, NVIDIA A100, Mellanox HDR Infiniband,",1/6/2020,7,Nvidia,277760,27.58,34.57,1344.19,0.020517933,0.797801562,1,1434,2111,3545,0,1,85,3534
"Harpia - ThinkSystem SR675 V3, AMD EPYC 9354 32C 3.25GHz, NVIDIA H100 SXM5 80GB, Infiniband NDR, RedHat 8.10,",1/11/2025,36,Lenovo,284160,56.6,120.38,1840,0.03076087,0.47017777,1,1434,2111,3545,0,1,85,3534
"SuperPOD - NVIDIA DGX H100, Xeon Platinum 8480C 56C 3.8GHz, NVIDIA H100 80GB, Infiniband NDR400, Ubuntu 20.04.2 LTS,",1/11/2025,37,Nvidia,185712,55.81,87.27,2294.598255,0,0.639509568,1,1434,2111,3545,0,1,85,3534
"SuperPOD - NVIDIA DGX H100, Xeon Platinum 8480C 56C 3.8GHz, NVIDIA H100 80GB, Infiniband NDR400, Ubuntu 20.04.2 LTS,",1/6/2025,32,Nvidia,185712,55.81,87.27,2294.598255,0,0.639509568,1,1434,2111,3545,0,1,85,3534
"SuperPOD - NVIDIA DGX H100, Xeon Platinum 8480C 56C 3.8GHz, NVIDIA H100 80GB, Infiniband NDR400, Ubuntu 20.04.2 LTS,",1/11/2024,25,Nvidia,185712,55.81,87.27,2294.598255,0,0.639509568,1,1434,2111,3545,0,1,85,3534
"AI-03 - Supermicro AS-4125GS-TNRT2, AMD EPYC 9334 32C 2.7GHz, AMD Instinct MI210 64 GB, BCM57508 NetXtreme-E, Ubuntu 22.04.5 LTS,",1/11/2025,38,Supermicro,483840,54.12,99.12,2294.598255,0,0.546004843,1,1434,2111,3545,0,1,85,3534
"AI-03 - Supermicro AS-4125GS-TNRT2, AMD EPYC 9334 32C 2.7GHz, AMD Instinct MI210 64 GB, BCM57508 NetXtreme-E, Ubuntu 22.04.5 LTS,",1/6/2025,33,Supermicro,483840,54.12,99.12,2294.598255,0,0.546004843,1,1434,2111,3545,0,1,85,3534
"Explorer-WUS3 - ND96_amsr_MI200_v4, AMD EPYC 7V12 48C 2.45GHz, AMD Instinct MI250X, Infiniband HDR,",1/11/2025,39,Microsoft Azure,445440,53.96,86.99,2294.598255,0,0.620301184,1,1434,2111,3545,0,1,85,3534
"Explorer-WUS3 - ND96_amsr_MI200_v4, AMD EPYC 7V12 48C 2.45GHz, AMD Instinct MI250X, Infiniband HDR,",1/6/2025,34,Microsoft Azure,445440,53.96,86.99,2294.598255,0,0.620301184,1,1434,2111,3545,0,1,85,3534
"Explorer-WUS3 - ND96_amsr_MI200_v4, AMD EPYC 7V12 48C 2.45GHz, AMD Instinct MI250X, Infiniband HDR,",1/11/2024,26,Microsoft Azure,445440,53.96,86.99,2294.598255,0,0.620301184,1,1434,2111,3545,0,1,85,3534
"Explorer-WUS3 - ND96_amsr_MI200_v4, AMD EPYC 7V12 48C 2.45GHz, AMD Instinct MI250X, Infiniband HDR,",1/6/2024,18,Microsoft Azure,445440,53.96,86.99,2294.598255,0,0.620301184,1,1434,2111,3545,0,1,85,3534
"Explorer-WUS3 - ND96_amsr_MI200_v4, AMD EPYC 7V12 48C 2.45GHz, AMD Instinct MI250X, Infiniband HDR,",1/11/2023,15,Microsoft Azure,445440,53.96,86.99,2294.598255,0,0.620301184,1,1434,2111,3545,0,1,85,3534
"Explorer-WUS3 - ND96_amsr_MI200_v4, AMD EPYC 7V12 48C 2.45GHz, AMD Instinct MI250X, Infiniband HDR,",1/6/2023,11,Microsoft Azure,445440,53.96,86.99,2294.598255,0,0.620301184,1,1434,2111,3545,0,1,85,3534
"Jean Zay H100 - Bull Sequana, Xeon Platinum 8468 48C 2.1GHz, NVIDIA H100 SXM5 80GB, Quad-Rail NVIDIA InfiniBand NDR200, Red Hat Enterprise Linux,",1/11/2025,40,EVIDEN,227136,52.18,71.42,2294.598255,0,0.730607673,1,1434,2111,3545,0,1,85,3534
"Jean Zay H100 - Bull Sequana, Xeon Platinum 8468 48C 2.1GHz, NVIDIA H100 SXM5 80GB, Quad-Rail NVIDIA InfiniBand NDR200, Red Hat Enterprise Linux,",1/6/2025,35,EVIDEN,227136,52.18,71.42,2294.598255,0,0.730607673,1,1434,2111,3545,0,1,85,3534
"Jean Zay H100 - Bull Sequana, Xeon Platinum 8468 48C 2.1GHz, NVIDIA H100 SXM5 80GB, Quad-Rail NVIDIA InfiniBand NDR200, Red Hat Enterprise Linux,",1/11/2024,27,EVIDEN,227136,52.18,71.42,2294.598255,0,0.730607673,1,1434,2111,3545,0,1,85,3534
"FPT AI Factory Japan - HGX H200, Xeon Platinum 8558 48C 2.1GHz, NVIDIA H200 SXM5 141 GB, Infiniband NDR400, Ubuntu 22.04.5 LTS,",1/11/2025,41,HPE,146304,49.85,67.44,2294.598255,0,0.739175563,1,1434,2111,3545,0,1,85,3534
"FPT AI Factory Japan - HGX H200, Xeon Platinum 8558 48C 2.1GHz, NVIDIA H200 SXM5 141 GB, Infiniband NDR400, Ubuntu 22.04.5 LTS,",1/6/2025,36,HPE,146304,49.85,67.44,2294.598255,0,0.739175563,1,1434,2111,3545,0,1,85,3534
"Miyabi-G - Supermicro ARS 111GL DNHR LCC, Grace Hopper Superchip 72C 3GHz, Infiniband NDR200, Rocky Linux,",1/11/2025,42,Fujitsu,221952,46.8,72.8,983.44,0.047588058,0.642857143,0,1434,2111,3545,0,1,85,3534
"Miyabi-G - Supermicro ARS 111GL DNHR LCC, Grace Hopper Superchip 72C 3GHz, Infiniband NDR200, Rocky Linux,",1/6/2025,37,Fujitsu,221952,46.8,72.8,983.44,0.047588058,0.642857143,0,1434,2111,3545,0,1,85,3534
"Miyabi-G - Supermicro ARS 111GL DNHR LCC, Grace Hopper Superchip 72C 3GHz, Infiniband NDR200, Rocky Linux,",1/11/2024,28,Fujitsu,221952,46.8,72.8,983.44,0.047588058,0.642857143,0,1434,2111,3545,0,1,85,3534
"FPT AI Factory Vietnam - ASUS HGX H100, Xeon Platinum 8462Y+ 32C 2.8GHz, NVIDIA H100 SXM5 80GB, Infiniband NDR400, Ubuntu 22.04.5 LTS,",1/11/2025,43,ASUSTeK,142240,46.65,67.44,2294.598255,0,0.691725979,1,1434,2111,3545,0,1,85,3534
"FPT AI Factory Vietnam - ASUS HGX H100, Xeon Platinum 8462Y+ 32C 2.8GHz, NVIDIA H100 SXM5 80GB, Infiniband NDR400, Ubuntu 22.04.5 LTS,",1/6/2025,38,ASUSTeK,142240,46.65,67.44,2294.598255,0,0.691725979,1,1434,2111,3545,0,1,85,3534
"ISEG - Gigabyte G593-SD0, Xeon Platinum 8468 48C 2.1GHz, NVIDIA H100 SXM5 80 GB, Infiniband NDR400,",1/11/2025,44,Nebius AI,218880,46.54,86.79,1320,0.035257576,0.536236894,1,1434,2111,3545,0,1,85,3534
"ISEG - Gigabyte G593-SD0, Xeon Platinum 8468 48C 2.1GHz, NVIDIA H100 SXM5 80 GB, Infiniband NDR400,",1/6/2025,39,Nebius AI,218880,46.54,86.79,1320,0.035257576,0.536236894,1,1434,2111,3545,0,1,85,3534
"ISEG - Gigabyte G593-SD0, Xeon Platinum 8468 48C 2.1GHz, NVIDIA H100 SXM5 80 GB, Infiniband NDR400,",1/11/2024,29,Nebius AI,218880,46.54,86.79,1320,0.035257576,0.536236894,1,1434,2111,3545,0,1,85,3534
"ISEG - Gigabyte G593-SD0, Xeon Platinum 8468 48C 2.1GHz, NVIDIA H100 SXM5 80 GB, Infiniband NDR400,",1/6/2024,19,Nebius AI,218880,46.54,86.79,1320,0.035257576,0.536236894,1,1434,2111,3545,0,1,85,3534
"ISEG - Gigabyte G593-SD0, Xeon Platinum 8468 48C 2.1GHz, NVIDIA H100 SXM5 80 GB, Infiniband NDR400,",1/11/2023,16,Nebius AI,218880,46.54,86.79,1320,0.035257576,0.536236894,1,1434,2111,3545,0,1,85,3534
"Adastra - HPE Cray EX235a, AMD Optimized 3rd Generation EPYC 64C 2GHz, AMD Instinct MI250X, Slingshot-11,",1/11/2025,45,HPE,319072,46.1,61.61,921.48,0.050028215,0.748255153,1,1434,2111,3545,0,1,85,3534
"Adastra - HPE Cray EX235a, AMD Optimized 3rd Generation EPYC 64C 2GHz, AMD Instinct MI250X, Slingshot-11,",1/6/2025,40,HPE,319072,46.1,61.61,921.48,0.050028215,0.748255153,1,1434,2111,3545,0,1,85,3534
"Adastra - HPE Cray EX235a, AMD Optimized 3rd Generation EPYC 64C 2GHz, AMD Instinct MI250X, Slingshot-11,",1/11/2024,30,HPE,319072,46.1,61.61,921.48,0.050028215,0.748255153,1,1434,2111,3545,0,1,85,3534
"Adastra - HPE Cray EX235a, AMD Optimized 3rd Generation EPYC 64C 2GHz, AMD Instinct MI250X, Slingshot-11,",1/6/2024,20,HPE,319072,46.1,61.61,921.48,0.050028215,0.748255153,1,1434,2111,3545,0,1,85,3534
"Adastra - HPE Cray EX235a, AMD Optimized 3rd Generation EPYC 64C 2GHz, AMD Instinct MI250X, Slingshot-11,",1/11/2023,17,HPE,319072,46.1,61.61,921.48,0.050028215,0.748255153,1,1434,2111,3545,0,1,85,3534
"Adastra - HPE Cray EX235a, AMD Optimized 3rd Generation EPYC 64C 2GHz, AMD Instinct MI250X, Slingshot-11,",1/6/2023,12,HPE,319072,46.1,61.61,921.48,0.050028215,0.748255153,1,1434,2111,3545,0,1,85,3534
"Adastra - HPE Cray EX235a, AMD Optimized 3rd Generation EPYC 64C 2GHz, AMD Instinct MI250X, Slingshot-11,",1/11/2022,11,HPE,319072,46.1,61.61,921.48,0.050028215,0.748255153,1,1434,2111,3545,0,1,85,3534
"Adastra - HPE Cray EX235a, AMD Optimized 3rd Generation EPYC 64C 2GHz, AMD Instinct MI250X, Slingshot-11,",1/6/2022,10,HPE,319072,46.1,61.61,921.48,0.050028215,0.748255153,1,1434,2111,3545,0,1,85,3534
"Ubilink - ASUS ESC N8-E11 Cluster, Intel Xeon Platinum 8462Y+ 32C 2.8GHz, NVIDIA H100 80GB, Infiniband NDR400, RHEL 8.9,",1/11/2025,46,ASUSTeK,143360,45.82,69.34,1066.17,0.042976261,0.660801846,1,1434,2111,3545,0,1,85,3534
"Ubilink - ASUS ESC N8-E11 Cluster, Intel Xeon Platinum 8462Y+ 32C 2.8GHz, NVIDIA H100 80GB, Infiniband NDR400, RHEL 8.9,",1/6/2025,41,ASUSTeK,143360,45.82,69.34,1066.17,0.042976261,0.660801846,1,1434,2111,3545,0,1,85,3534
"Ubilink - ASUS ESC N8-E11 Cluster, Intel Xeon Platinum 8462Y+ 32C 2.8GHz, NVIDIA H100 80GB, Infiniband NDR400, RHEL 8.9,",1/11/2024,31,ASUSTeK,143360,45.82,69.34,1066.17,0.042976261,0.660801846,1,1434,2111,3545,0,1,85,3534
"Reindeer - Microsoft ND H200 v5, Xeon Platinum 8480C 48C 2GHz, NVIDIA H200, NVIDIA Infiniband NDR, Ubuntu 22.04,",1/11/2025,47,Microsoft Azure,138240,45.59,56.42,2294.598255,0,0.808046792,1,1434,2111,3545,0,1,85,3534
"Reindeer - Microsoft ND H200 v5, Xeon Platinum 8480C 48C 2GHz, NVIDIA H200, NVIDIA Infiniband NDR, Ubuntu 22.04,",1/6/2025,42,Microsoft Azure,138240,45.59,56.42,2294.598255,0,0.808046792,1,1434,2111,3545,0,1,85,3534
"Reindeer - Microsoft ND H200 v5, Xeon Platinum 8480C 48C 2GHz, NVIDIA H200, NVIDIA Infiniband NDR, Ubuntu 22.04,",1/11/2024,32,Microsoft Azure,138240,45.59,56.42,2294.598255,0,0.808046792,1,1434,2111,3545,0,1,85,3534
"JUWELS Booster Module - Bull Sequana XH2000 , AMD EPYC 7402 24C 2.8GHz, NVIDIA A100, Mellanox HDR InfiniBand/ParTec ParaStation ClusterSuite,",1/11/2025,48,EVIDEN,449280,44.12,70.98,1764.22,0.025008219,0.621583545,1,1434,2111,3545,0,1,85,3534
"JUWELS Booster Module - Bull Sequana XH2000 , AMD EPYC 7402 24C 2.8GHz, NVIDIA A100, Mellanox HDR InfiniBand/ParTec ParaStation ClusterSuite,",1/6/2025,43,EVIDEN,449280,44.12,70.98,1764.22,0.025008219,0.621583545,1,1434,2111,3545,0,1,85,3534
"JUWELS Booster Module - Bull Sequana XH2000 , AMD EPYC 7402 24C 2.8GHz, NVIDIA A100, Mellanox HDR InfiniBand/ParTec ParaStation ClusterSuite,",1/11/2024,33,EVIDEN,449280,44.12,70.98,1764.22,0.025008219,0.621583545,1,1434,2111,3545,0,1,85,3534
"JUWELS Booster Module - Bull Sequana XH2000 , AMD EPYC 7402 24C 2.8GHz, NVIDIA A100, Mellanox HDR InfiniBand/ParTec ParaStation ClusterSuite,",1/6/2024,21,EVIDEN,449280,44.12,70.98,1764.22,0.025008219,0.621583545,1,1434,2111,3545,0,1,85,3534
"JUWELS Booster Module - Bull Sequana XH2000 , AMD EPYC 7402 24C 2.8GHz, NVIDIA A100, Mellanox HDR InfiniBand/ParTec ParaStation ClusterSuite,",1/11/2023,18,EVIDEN,449280,44.12,70.98,1764.22,0.025008219,0.621583545,1,1434,2111,3545,0,1,85,3534
"JUWELS Booster Module - Bull Sequana XH2000 , AMD EPYC 7402 24C 2.8GHz, NVIDIA A100, Mellanox HDR InfiniBand/ParTec ParaStation ClusterSuite,",1/6/2023,13,EVIDEN,449280,44.12,70.98,1764.22,0.025008219,0.621583545,1,1434,2111,3545,0,1,85,3534
"JUWELS Booster Module - Bull Sequana XH2000 , AMD EPYC 7402 24C 2.8GHz, NVIDIA A100, Mellanox HDR InfiniBand/ParTec ParaStation ClusterSuite,",1/11/2022,12,EVIDEN,449280,44.12,70.98,1764.22,0.025008219,0.621583545,1,1434,2111,3545,0,1,85,3534
"JUWELS Booster Module - Bull Sequana XH2000 , AMD EPYC 7402 24C 2.8GHz, NVIDIA A100, Mellanox HDR InfiniBand/ParTec ParaStation ClusterSuite,",1/6/2022,11,EVIDEN,449280,44.12,70.98,1764.22,0.025008219,0.621583545,1,1434,2111,3545,0,1,85,3534
"JUWELS Booster Module - Bull Sequana XH2000 , AMD EPYC 7402 24C 2.8GHz, NVIDIA A100, Mellanox HDR InfiniBand/ParTec ParaStation ClusterSuite,",1/11/2021,8,EVIDEN,449280,44.12,70.98,1764.22,0.025008219,0.621583545,1,1434,2111,3545,0,1,85,3534
"JUWELS Booster Module - Bull Sequana XH2000 , AMD EPYC 7402 24C 2.8GHz, NVIDIA A100, Mellanox HDR InfiniBand/ParTec ParaStation ClusterSuite,",1/6/2021,8,EVIDEN,449280,44.12,70.98,1764.22,0.025008219,0.621583545,1,1434,2111,3545,0,1,85,3534
"JUWELS Booster Module - Bull Sequana XH2000 , AMD EPYC 7402 24C 2.8GHz, NVIDIA A100, Mellanox HDR InfiniBand/ParTec ParaStation ClusterSuite,",1/11/2020,7,EVIDEN,449280,44.12,70.98,1764.22,0.025008219,0.621583545,1,1434,2111,3545,0,1,85,3534
"Israel-1 - PowerEdge XE9680, Xeon Platinum 8480+ 56C 2GHz, NVIDIA H100, NVIDIA Spectrum-X Ethernet, Ubuntu 22.04,",1/11/2025,49,DELL,74880,41.5,52.68,2294.598255,0,0.787775247,1,1434,2111,3545,0,1,85,3534
"Israel-1 - PowerEdge XE9680, Xeon Platinum 8480+ 56C 2GHz, NVIDIA H100, NVIDIA Spectrum-X Ethernet, Ubuntu 22.04,",1/6/2025,44,DELL,74880,41.5,52.68,2294.598255,0,0.787775247,1,1434,2111,3545,0,1,85,3534
"Israel-1 - PowerEdge XE9680, Xeon Platinum 8480+ 56C 2GHz, NVIDIA H100, NVIDIA Spectrum-X Ethernet, Ubuntu 22.04,",1/11/2024,34,DELL,74880,41.5,52.68,2294.598255,0,0.787775247,1,1434,2111,3545,0,1,85,3534
"MareNostrum 5 GPP - ThinkSystem SD650 v3, Xeon Platinum 03H-LC 56C 1.7GHz, Infiniband NDR200,",1/11/2025,50,Lenovo,725760,40.1,46.37,5752.9,0.006970398,0.864783265,0,1434,2111,3545,0,1,85,3534
"MareNostrum 5 GPP - ThinkSystem SD650 v3, Xeon Platinum 03H-LC 56C 1.7GHz, Infiniband NDR200,",1/6/2025,45,Lenovo,725760,40.1,46.37,5752.9,0.006970398,0.864783265,0,1434,2111,3545,0,1,85,3534
"MareNostrum 5 GPP - ThinkSystem SD650 v3, Xeon Platinum 03H-LC 56C 1.7GHz, Infiniband NDR200,",1/11/2024,35,Lenovo,725760,40.1,46.37,5752.9,0.006970398,0.864783265,0,1434,2111,3545,0,1,85,3534
"MareNostrum 5 GPP - ThinkSystem SD650 v3, Xeon Platinum 03H-LC 56C 1.7GHz, Infiniband NDR200,",1/6/2024,22,Lenovo,725760,40.1,46.37,5752.9,0.006970398,0.864783265,0,1434,2111,3545,0,1,85,3534
"MareNostrum 5 GPP - ThinkSystem SD650 v3, Xeon Platinum 03H-LC 56C 1.7GHz, Infiniband NDR200,",1/11/2023,19,Lenovo,725760,40.1,46.37,5752.9,0.006970398,0.864783265,0,1434,2111,3545,0,1,85,3534
"TSUBAME4.0 - HPE Cray XD665, AMD EPYC 9654 96C 3.55GHz, Nvidia H100 SXM5 94Gb, Infiniband NDR200, Redhat Linux,",1/11/2025,51,HPE,172800,39.62,61.6,815.82,0.048564634,0.643181818,1,1434,2111,3545,0,1,85,3534
"TSUBAME4.0 - HPE Cray XD665, AMD EPYC 9654 96C 3.55GHz, Nvidia H100 SXM5 94Gb, Infiniband NDR200, Redhat Linux,",1/6/2025,46,HPE,172800,39.62,61.6,815.82,0.048564634,0.643181818,1,1434,2111,3545,0,1,85,3534
"TSUBAME4.0 - HPE Cray XD665, AMD EPYC 9654 96C 3.55GHz, Nvidia H100 SXM5 94Gb, Infiniband NDR200, Redhat Linux,",1/11/2024,36,HPE,172800,39.62,61.6,815.82,0.048564634,0.643181818,1,1434,2111,3545,0,1,85,3534
"TSUBAME4.0 - HPE Cray XD665, AMD EPYC 9654 96C 3.55GHz, Nvidia H100 SXM5 94Gb, Infiniband NDR200, Redhat Linux,",1/6/2024,31,HPE,172800,25.46,59.4,732.06,0.03477857,0.428619529,1,1434,2111,3545,0,1,85,3534
"Shaheen III - CPU - HPE Cray EX, AMD EPYC 9654 96C 2.4GHz, Slingshot-11,",1/11/2025,52,HPE,877824,35.66,39.61,5301,0.006727033,0.900277708,0,1434,2111,3545,0,1,85,3534
"Shaheen III - CPU - HPE Cray EX, AMD EPYC 9654 96C 2.4GHz, Slingshot-11,",1/6/2025,47,HPE,877824,35.66,39.61,5301,0.006727033,0.900277708,0,1434,2111,3545,0,1,85,3534
"Shaheen III - CPU - HPE Cray EX, AMD EPYC 9654 96C 2.4GHz, Slingshot-11,",1/11/2024,38,HPE,877824,35.66,39.61,5301,0.006727033,0.900277708,0,1434,2111,3545,0,1,85,3534
"Shaheen III - CPU - HPE Cray EX, AMD EPYC 9654 96C 2.4GHz, Slingshot-11,",1/6/2024,23,HPE,877824,35.66,39.61,5301,0.006727033,0.900277708,0,1434,2111,3545,0,1,85,3534
"Shaheen III - CPU - HPE Cray EX, AMD EPYC 9654 96C 2.4GHz, Slingshot-11,",1/11/2023,20,HPE,877824,35.66,39.61,5301,0.006727033,0.900277708,0,1434,2111,3545,0,1,85,3534
"HPC5 - PowerEdge C4140, Xeon Gold 6252 24C 2.1GHz, NVIDIA Tesla V100, Mellanox HDR Infiniband,",1/11/2025,53,DELL,669760,35.45,51.72,2252.17,0.015740375,0.6854215,1,1434,2111,3545,0,1,85,3534
"HPC5 - PowerEdge C4140, Xeon Gold 6252 24C 2.1GHz, NVIDIA Tesla V100, Mellanox HDR Infiniband,",1/6/2025,48,DELL,669760,35.45,51.72,2252.17,0.015740375,0.6854215,1,1434,2111,3545,0,1,85,3534
"HPC5 - PowerEdge C4140, Xeon Gold 6252 24C 2.1GHz, NVIDIA Tesla V100, Mellanox HDR Infiniband,",1/11/2024,39,DELL,669760,35.45,51.72,2252.17,0.015740375,0.6854215,1,1434,2111,3545,0,1,85,3534
"HPC5 - PowerEdge C4140, Xeon Gold 6252 24C 2.1GHz, NVIDIA Tesla V100, Mellanox HDR Infiniband,",1/6/2024,24,DELL,669760,35.45,51.72,2252.17,0.015740375,0.6854215,1,1434,2111,3545,0,1,85,3534
"HPC5 - PowerEdge C4140, Xeon Gold 6252 24C 2.1GHz, NVIDIA Tesla V100, Mellanox HDR Infiniband,",1/11/2023,21,DELL,669760,35.45,51.72,2252.17,0.015740375,0.6854215,1,1434,2111,3545,0,1,85,3534
"HPC5 - PowerEdge C4140, Xeon Gold 6252 24C 2.1GHz, NVIDIA Tesla V100, Mellanox HDR Infiniband,",1/6/2023,15,DELL,669760,35.45,51.72,2252.17,0.015740375,0.6854215,1,1434,2111,3545,0,1,85,3534
"HPC5 - PowerEdge C4140, Xeon Gold 6252 24C 2.1GHz, NVIDIA Tesla V100, Mellanox HDR Infiniband,",1/11/2022,13,DELL,669760,35.45,51.72,2252.17,0.015740375,0.6854215,1,1434,2111,3545,0,1,85,3534
"HPC5 - PowerEdge C4140, Xeon Gold 6252 24C 2.1GHz, NVIDIA Tesla V100, Mellanox HDR Infiniband,",1/6/2022,12,DELL,669760,35.45,51.72,2252.17,0.015740375,0.6854215,1,1434,2111,3545,0,1,85,3534
"HPC5 - PowerEdge C4140, Xeon Gold 6252 24C 2.1GHz, NVIDIA Tesla V100, Mellanox HDR Infiniband,",1/11/2021,9,DELL,669760,35.45,51.72,2252.17,0.015740375,0.6854215,1,1434,2111,3545,0,1,85,3534
"HPC5 - PowerEdge C4140, Xeon Gold 6252 24C 2.1GHz, NVIDIA Tesla V100, Mellanox HDR Infiniband,",1/6/2021,9,DELL,669760,35.45,51.72,2252.17,0.015740375,0.6854215,1,1434,2111,3545,0,1,85,3534
"HPC5 - PowerEdge C4140, Xeon Gold 6252 24C 2.1GHz, NVIDIA Tesla V100, Mellanox HDR Infiniband,",1/11/2020,8,DELL,669760,35.45,51.72,2252.17,0.015740375,0.6854215,1,1434,2111,3545,0,1,85,3534
"HPC5 - PowerEdge C4140, Xeon Gold 6252 24C 2.1GHz, NVIDIA Tesla V100, Mellanox HDR Infiniband,",1/6/2020,6,DELL,669760,35.45,51.72,2252.17,0.015740375,0.6854215,1,1434,2111,3545,0,1,85,3534
"SAKURAONE - Supermicro SuperServer, Xeon Platinum 8580 60C 2GHz, 800G Ethernet, NVIDIA H100 SXM5 80GB, Rocky Linux 9.4,",1/11/2025,54,Supermicro,115248,33.95,47.79,2294.598255,0,0.710399665,1,1434,2111,3545,0,1,85,3534
"SAKURAONE - Supermicro SuperServer, Xeon Platinum 8580 60C 2GHz, 800G Ethernet, NVIDIA H100 SXM5 80GB, Rocky Linux 9.4,",1/6/2025,49,Supermicro,115248,33.95,47.79,2294.598255,0,0.710399665,1,1434,2111,3545,0,1,85,3534
"cluster A - ThinkSystem SR680a V3, Xeon Platinum 8558P 48C 2.7GHz, NVIDIA HGX B200, Infiniband NDR400, Ubuntu,",1/11/2025,55,Lenovo,162560,33.67,38.87,2294.598255,0,0.866220736,1,1434,2111,3545,0,1,85,3534
"Cluster B - PowerEdge XE9680, Xeon Platinum 8562Y+ 32C 2.8GHz, NVIDIA HGX B200, Infiniband NDR400, Ubuntu,",1/11/2025,56,DELL,158496,33.64,38.55,2294.598255,0,0.872632944,1,1434,2111,3545,0,1,85,3534
"Sejong - NVIDIA DGX A100, AMD EPYC 7742 64C 2.25GHz, NVIDIA A100, Infiniband HDR,",1/11/2025,57,Nvidia,277760,32.97,40.77,2294.598255,0,0.808682855,1,1434,2111,3545,0,1,85,3534
"Sejong - NVIDIA DGX A100, AMD EPYC 7742 64C 2.25GHz, NVIDIA A100, Infiniband HDR,",1/6/2025,50,Nvidia,277760,32.97,40.77,2294.598255,0,0.808682855,1,1434,2111,3545,0,1,85,3534
"Sejong - NVIDIA DGX A100, AMD EPYC 7742 64C 2.25GHz, NVIDIA A100, Infiniband HDR,",1/11/2024,40,Nvidia,277760,32.97,40.77,2294.598255,0,0.808682855,1,1434,2111,3545,0,1,85,3534
"Sejong - NVIDIA DGX A100, AMD EPYC 7742 64C 2.25GHz, NVIDIA A100, Infiniband HDR,",1/6/2024,25,Nvidia,277760,32.97,40.77,2294.598255,0,0.808682855,1,1434,2111,3545,0,1,85,3534
"Sejong - NVIDIA DGX A100, AMD EPYC 7742 64C 2.25GHz, NVIDIA A100, Infiniband HDR,",1/11/2023,22,Nvidia,277760,32.97,40.77,2294.598255,0,0.808682855,1,1434,2111,3545,0,1,85,3534
"Helma - ThinkSystem SD665-N V3, AMD EPYC 9554 64C 3.1GHz, NVIDIA H200 SXM5 141 GB, Infiniband NDR200, AlmaLinux 9.5,",1/11/2025,58,MEGWARE,125952,32.22,51.03,651.13,0.049483206,0.631393298,1,1434,2111,3545,0,1,85,3534
"Helma - ThinkSystem SD665-N V3, AMD EPYC 9554 64C 3.1GHz, NVIDIA H200 SXM5 141 GB, Infiniband NDR200, AlmaLinux 9.5,",1/6/2025,51,MEGWARE,125952,32.22,51.03,651.13,0.049483206,0.631393298,1,1434,2111,3545,0,1,85,3534
"Helma - ThinkSystem SD665-N V3, AMD EPYC 9554 64C 3.1GHz, NVIDIA H200 SXM5 141 GB, Infiniband NDR200, AlmaLinux 9.5,",1/11/2024,79,MEGWARE,62976,16.94,25.96,2294.598255,0,0.652542373,1,1434,2111,3545,0,1,85,3534
"kakaocloud - Supermicro AS-4124GO-NART, AMD EPYC 7763 64C 2.45GHz, NVIDIA A100 80GB, Infiniband HDR200, Ubuntu 22.04.3 LTS,",1/11/2025,59,Supermicro,253952,32,37.38,2294.598255,0,0.856072766,1,1434,2111,3545,0,1,85,3534
"kakaocloud - Supermicro AS-4124GO-NART, AMD EPYC 7763 64C 2.45GHz, NVIDIA A100 80GB, Infiniband HDR200, Ubuntu 22.04.3 LTS,",1/6/2025,52,Supermicro,253952,32,37.38,2294.598255,0,0.856072766,1,1434,2111,3545,0,1,85,3534
"kakaocloud - Supermicro AS-4124GO-NART, AMD EPYC 7763 64C 2.45GHz, NVIDIA A100 80GB, Infiniband HDR200, Ubuntu 22.04.3 LTS,",1/11/2024,41,Supermicro,253952,32,37.38,2294.598255,0,0.856072766,1,1434,2111,3545,0,1,85,3534
"kakaocloud - Supermicro AS-4124GO-NART, AMD EPYC 7763 64C 2.45GHz, NVIDIA A100 80GB, Infiniband HDR200, Ubuntu 22.04.3 LTS,",1/6/2024,44,Supermicro,160704,21.21,23.66,2294.598255,0,0.896449704,1,1434,2111,3545,0,1,85,3534
"MUSICA Phase 1 - ThinkSystem SD665-N V3, AMD EPYC 9654 96C 2.4GHz, Nvidia H100 SXM5 94Gb, Infiniband NDR200, RHEL,",1/11/2025,60,Lenovo,161280,31.84,53.76,2294.598255,0,0.592261905,1,1434,2111,3545,0,1,85,3534
"MUSICA Phase 1 - ThinkSystem SD665-N V3, AMD EPYC 9654 96C 2.4GHz, Nvidia H100 SXM5 94Gb, Infiniband NDR200, RHEL,",1/6/2025,53,Lenovo,161280,31.84,53.76,2294.598255,0,0.592261905,1,1434,2111,3545,0,1,85,3534
"MUSICA Phase 1 - ThinkSystem SD665-N V3, AMD EPYC 9654 96C 2.4GHz, Nvidia H100 SXM5 94Gb, Infiniband NDR200, RHEL,",1/11/2024,50,Lenovo,161280,24.22,37.52,2294.598255,0,0.645522388,1,1434,2111,3545,0,1,85,3534
"Hunter - HPE Cray EX255a, AMD 4th Gen EPYC 24C 1.8GHz, AMD Instinct MI300A, Slingshot-11, RHEL 9,",1/11/2025,61,HPE,181440,31.68,45.14,490,0.064653061,0.701816571,1,1434,2111,3545,0,1,85,3534
"Hunter - HPE Cray EX255a, AMD 4th Gen EPYC 24C 1.8GHz, AMD Instinct MI300A, Slingshot-11, RHEL 9,",1/6/2025,54,HPE,181440,31.68,45.14,490,0.064653061,0.701816571,1,1434,2111,3545,0,1,85,3534
"Viper-GPU - BullSequana XH3000, AMD Instinct MI300A 24C 1.8GHz, AMD Instinct MI300A, Infiniband NDR200, RedHat Enterprise Linux,",1/11/2025,62,EVIDEN,151200,31.1,44.16,499.98,0.062202488,0.704257246,1,1434,2111,3545,0,1,85,3534
"Viper-GPU - BullSequana XH3000, AMD Instinct MI300A 24C 1.8GHz, AMD Instinct MI300A, Infiniband NDR200, RedHat Enterprise Linux,",1/6/2025,55,EVIDEN,151200,31.1,44.16,499.98,0.062202488,0.704257246,1,1434,2111,3545,0,1,85,3534
"Voyager-EUS2 - ND96amsr_A100_v4, AMD EPYC 7V12 48C 2.45GHz, NVIDIA A100 80GB, Mellanox HDR Infiniband,",1/11/2025,63,Microsoft Azure,253440,30.05,39.53,2294.598255,0,0.76018214,1,1434,2111,3545,0,1,85,3534
"Voyager-EUS2 - ND96amsr_A100_v4, AMD EPYC 7V12 48C 2.45GHz, NVIDIA A100 80GB, Mellanox HDR Infiniband,",1/6/2025,56,Microsoft Azure,253440,30.05,39.53,2294.598255,0,0.76018214,1,1434,2111,3545,0,1,85,3534
"Voyager-EUS2 - ND96amsr_A100_v4, AMD EPYC 7V12 48C 2.45GHz, NVIDIA A100 80GB, Mellanox HDR Infiniband,",1/11/2024,42,Microsoft Azure,253440,30.05,39.53,2294.598255,0,0.76018214,1,1434,2111,3545,0,1,85,3534
"Voyager-EUS2 - ND96amsr_A100_v4, AMD EPYC 7V12 48C 2.45GHz, NVIDIA A100 80GB, Mellanox HDR Infiniband,",1/6/2024,26,Microsoft Azure,253440,30.05,39.53,2294.598255,0,0.76018214,1,1434,2111,3545,0,1,85,3534
"Voyager-EUS2 - ND96amsr_A100_v4, AMD EPYC 7V12 48C 2.45GHz, NVIDIA A100 80GB, Mellanox HDR Infiniband,",1/11/2023,23,Microsoft Azure,253440,30.05,39.53,2294.598255,0,0.76018214,1,1434,2111,3545,0,1,85,3534
"Voyager-EUS2 - ND96amsr_A100_v4, AMD EPYC 7V12 48C 2.45GHz, NVIDIA A100 80GB, Mellanox HDR Infiniband,",1/6/2023,16,Microsoft Azure,253440,30.05,39.53,2294.598255,0,0.76018214,1,1434,2111,3545,0,1,85,3534
"Voyager-EUS2 - ND96amsr_A100_v4, AMD EPYC 7V12 48C 2.45GHz, NVIDIA A100 80GB, Mellanox HDR Infiniband,",1/11/2022,14,Microsoft Azure,253440,30.05,39.53,2294.598255,0,0.76018214,1,1434,2111,3545,0,1,85,3534
"Voyager-EUS2 - ND96amsr_A100_v4, AMD EPYC 7V12 48C 2.45GHz, NVIDIA A100 80GB, Mellanox HDR Infiniband,",1/6/2022,13,Microsoft Azure,253440,30.05,39.53,2294.598255,0,0.76018214,1,1434,2111,3545,0,1,85,3534
"Voyager-EUS2 - ND96amsr_A100_v4, AMD EPYC 7V12 48C 2.45GHz, NVIDIA A100 80GB, Mellanox HDR Infiniband,",1/11/2021,10,Microsoft Azure,253440,30.05,39.53,2294.598255,0,0.76018214,1,1434,2111,3545,0,1,85,3534
"Crossroads - HPE Cray EX, Xeon CPU Max 9480 56C 1.9GHz, Slingshot-11,",1/11/2025,64,HPE,660800,30.03,40.18,6283.91,0.004778872,0.74738676,0,1434,2111,3545,0,1,85,3534
"Crossroads - HPE Cray EX, Xeon CPU Max 9480 56C 1.9GHz, Slingshot-11,",1/6/2025,57,HPE,660800,30.03,40.18,6283.91,0.004778872,0.74738676,0,1434,2111,3545,0,1,85,3534
"Crossroads - HPE Cray EX, Xeon CPU Max 9480 56C 1.9GHz, Slingshot-11,",1/11/2024,43,HPE,660800,30.03,40.18,6283.91,0.004778872,0.74738676,0,1434,2111,3545,0,1,85,3534
"Crossroads - HPE Cray EX, Xeon CPU Max 9480 56C 1.9GHz, Slingshot-11,",1/6/2024,27,HPE,660800,30.03,40.18,6283.91,0.004778872,0.74738676,0,1434,2111,3545,0,1,85,3534
"Crossroads - HPE Cray EX, Xeon CPU Max 9480 56C 1.9GHz, Slingshot-11,",1/11/2023,24,HPE,660800,30.03,40.18,6283.91,0.004778872,0.74738676,0,1434,2111,3545,0,1,85,3534
"PITAGORA - ThinkSystem SD650-N V3, Xeon Gold 6548Y+ 32C 2.5GHz, NVIDIA H100, Infiniband NDR, Linux,",1/11/2025,65,Lenovo,99456,27.9,36.97,2294.598255,0,0.754665945,1,1434,2111,3545,0,1,85,3534
"PITAGORA - ThinkSystem SD650-N V3, Xeon Gold 6548Y+ 32C 2.5GHz, NVIDIA H100, Infiniband NDR, Linux,",1/6/2025,58,Lenovo,99456,27.9,36.97,2294.598255,0,0.754665945,1,1434,2111,3545,0,1,85,3534
"PITAGORA - ThinkSystem SD650-N V3, Xeon Gold 6548Y+ 32C 2.5GHz, NVIDIA H100, Infiniband NDR, Linux,",1/11/2024,44,Lenovo,55104,27.27,36.97,2294.598255,0,0.737625101,1,1434,2111,3545,0,1,85,3534
"Setonix – GPU - HPE Cray EX235a, AMD Optimized 3rd Generation EPYC 64C 2GHz, AMD Instinct MI250X, Slingshot-11,",1/11/2025,66,HPE,181248,27.16,35,476.63,0.056983404,0.776,1,1434,2111,3545,0,1,85,3534
"Setonix – GPU - HPE Cray EX235a, AMD Optimized 3rd Generation EPYC 64C 2GHz, AMD Instinct MI250X, Slingshot-11,",1/6/2025,59,HPE,181248,27.16,35,476.63,0.056983404,0.776,1,1434,2111,3545,0,1,85,3534
"Setonix – GPU - HPE Cray EX235a, AMD Optimized 3rd Generation EPYC 64C 2GHz, AMD Instinct MI250X, Slingshot-11,",1/11/2024,45,HPE,181248,27.16,35,476.63,0.056983404,0.776,1,1434,2111,3545,0,1,85,3534
"Setonix – GPU - HPE Cray EX235a, AMD Optimized 3rd Generation EPYC 64C 2GHz, AMD Instinct MI250X, Slingshot-11,",1/6/2024,28,HPE,181248,27.16,35,476.63,0.056983404,0.776,1,1434,2111,3545,0,1,85,3534
"Setonix – GPU - HPE Cray EX235a, AMD Optimized 3rd Generation EPYC 64C 2GHz, AMD Instinct MI250X, Slingshot-11,",1/11/2023,25,HPE,181248,27.16,35,476.63,0.056983404,0.776,1,1434,2111,3545,0,1,85,3534
"Setonix – GPU - HPE Cray EX235a, AMD Optimized 3rd Generation EPYC 64C 2GHz, AMD Instinct MI250X, Slingshot-11,",1/6/2023,17,HPE,181248,27.16,35,476.63,0.056983404,0.776,1,1434,2111,3545,0,1,85,3534
"Setonix – GPU - HPE Cray EX235a, AMD Optimized 3rd Generation EPYC 64C 2GHz, AMD Instinct MI250X, Slingshot-11,",1/11/2022,15,HPE,181248,27.16,35,476.63,0.056983404,0.776,1,1434,2111,3545,0,1,85,3534
"Discovery 5 - HPE Cray EX235n, AMD EPYC 7543 32C 2.8GHz, NVIDIA A100 SXM4 40 GB, Slingshot-11,",1/11/2025,67,HPE,232000,26.13,30.99,964,0.027105809,0.843175218,1,1434,2111,3545,0,1,85,3534
"Discovery 5 - HPE Cray EX235n, AMD EPYC 7543 32C 2.8GHz, NVIDIA A100 SXM4 40 GB, Slingshot-11,",1/6/2025,60,HPE,232000,26.13,30.99,964,0.027105809,0.843175218,1,1434,2111,3545,0,1,85,3534
"Discovery 5 - HPE Cray EX235n, AMD EPYC 7543 32C 2.8GHz, NVIDIA A100 SXM4 40 GB, Slingshot-11,",1/11/2024,46,HPE,232000,26.13,30.99,964,0.027105809,0.843175218,1,1434,2111,3545,0,1,85,3534
"Discovery 5 - HPE Cray EX235n, AMD EPYC 7543 32C 2.8GHz, NVIDIA A100 SXM4 40 GB, Slingshot-11,",1/6/2024,29,HPE,232000,26.13,30.99,964,0.027105809,0.843175218,1,1434,2111,3545,0,1,85,3534
"Discovery 5 - HPE Cray EX235n, AMD EPYC 7543 32C 2.8GHz, NVIDIA A100 SXM4 40 GB, Slingshot-11,",1/11/2023,26,HPE,232000,26.13,30.99,964,0.027105809,0.843175218,1,1434,2111,3545,0,1,85,3534
"Discovery 5 - HPE Cray EX235n, AMD EPYC 7543 32C 2.8GHz, NVIDIA A100 SXM4 40 GB, Slingshot-11,",1/6/2023,18,HPE,232000,26.13,30.99,964,0.027105809,0.843175218,1,1434,2111,3545,0,1,85,3534
"Discovery 5 - HPE Cray EX235n, AMD EPYC 7543 32C 2.8GHz, NVIDIA A100 SXM4 40 GB, Slingshot-11,",1/11/2022,16,HPE,232000,26.13,30.99,964,0.027105809,0.843175218,1,1434,2111,3545,0,1,85,3534
"Polaris - Apollo 6500, AMD EPYC 7532 32C 2.4GHz, NVIDIA A100 SXM4 40 GB, Slingshot-10,",1/11/2025,68,HPE,256592,25.81,34.16,2294.598255,0,0.755562061,1,1434,2111,3545,0,1,85,3534
"Polaris - Apollo 6500, AMD EPYC 7532 32C 2.4GHz, NVIDIA A100 SXM4 40 GB, Slingshot-10,",1/6/2025,61,HPE,256592,25.81,34.16,2294.598255,0,0.755562061,1,1434,2111,3545,0,1,85,3534
"Polaris - Apollo 6500, AMD EPYC 7532 32C 2.4GHz, NVIDIA A100 SXM4 40 GB, Slingshot-10,",1/11/2024,47,HPE,256592,25.81,34.16,2294.598255,0,0.755562061,1,1434,2111,3545,0,1,85,3534
"Polaris - Apollo 6500, AMD EPYC 7532 32C 2.4GHz, NVIDIA A100 SXM4 40 GB, Slingshot-10,",1/6/2024,30,HPE,256592,25.81,34.16,2294.598255,0,0.755562061,1,1434,2111,3545,0,1,85,3534
"Polaris - Apollo 6500, AMD EPYC 7532 32C 2.4GHz, NVIDIA A100 SXM4 40 GB, Slingshot-10,",1/11/2023,27,HPE,256592,25.81,34.16,2294.598255,0,0.755562061,1,1434,2111,3545,0,1,85,3534
"Polaris - Apollo 6500, AMD EPYC 7532 32C 2.4GHz, NVIDIA A100 SXM4 40 GB, Slingshot-10,",1/6/2023,19,HPE,256592,25.81,34.16,2294.598255,0,0.755562061,1,1434,2111,3545,0,1,85,3534
"Polaris - Apollo 6500, AMD EPYC 7532 32C 2.4GHz, NVIDIA A100 SXM4 40 GB, Slingshot-10,",1/11/2022,17,HPE,256592,25.81,34.16,2294.598255,0,0.755562061,1,1434,2111,3545,0,1,85,3534
"Polaris - Apollo 6500, AMD EPYC 7532 32C 2.4GHz, NVIDIA A100 SXM4 40 GB, Slingshot-10,",1/6/2022,14,HPE,256592,25.81,34.16,2294.598255,0,0.755562061,1,1434,2111,3545,0,1,85,3534
"Polaris - Apollo 6500, AMD EPYC 7532 32C 2.4GHz, NVIDIA A100 SXM4 40 GB, Slingshot-10,",1/11/2021,12,HPE,259840,23.84,34.6,2294.598255,0,0.689017341,1,1434,2111,3545,0,1,85,3534
"SSC-21 - Apollo 6500 Gen10 plus, AMD EPYC 7543 32C 2.8GHz, NVIDIA A100 80GB, Infiniband HDR200,",1/11/2025,69,HPE,204160,25.18,31.75,2294.598255,0,0.793070866,1,1434,2111,3545,0,1,85,3534
"SSC-21 - Apollo 6500 Gen10 plus, AMD EPYC 7543 32C 2.8GHz, NVIDIA A100 80GB, Infiniband HDR200,",1/6/2025,62,HPE,204160,25.18,31.75,2294.598255,0,0.793070866,1,1434,2111,3545,0,1,85,3534
"SSC-21 - Apollo 6500 Gen10 plus, AMD EPYC 7543 32C 2.8GHz, NVIDIA A100 80GB, Infiniband HDR200,",1/11/2024,48,HPE,204160,25.18,31.75,2294.598255,0,0.793070866,1,1434,2111,3545,0,1,85,3534
"SSC-21 - Apollo 6500 Gen10 plus, AMD EPYC 7543 32C 2.8GHz, NVIDIA A100 80GB, Infiniband HDR200,",1/6/2024,32,HPE,204160,25.18,31.75,2294.598255,0,0.793070866,1,1434,2111,3545,0,1,85,3534
"SSC-21 - Apollo 6500 Gen10 plus, AMD EPYC 7543 32C 2.8GHz, NVIDIA A100 80GB, Infiniband HDR200,",1/11/2023,28,HPE,204160,25.18,31.75,2294.598255,0,0.793070866,1,1434,2111,3545,0,1,85,3534
"SSC-21 - Apollo 6500 Gen10 plus, AMD EPYC 7543 32C 2.8GHz, NVIDIA A100 80GB, Infiniband HDR200,",1/6/2023,20,HPE,204160,25.18,31.75,2294.598255,0,0.793070866,1,1434,2111,3545,0,1,85,3534
"SSC-21 - Apollo 6500 Gen10 plus, AMD EPYC 7543 32C 2.8GHz, NVIDIA A100 80GB, Infiniband HDR200,",1/11/2022,18,HPE,204160,25.18,31.75,2294.598255,0,0.793070866,1,1434,2111,3545,0,1,85,3534
"SSC-21 - Apollo 6500 Gen10 plus, AMD EPYC 7543 32C 2.8GHz, NVIDIA A100 80GB, Infiniband HDR200,",1/6/2022,15,HPE,204160,25.18,31.75,2294.598255,0,0.793070866,1,1434,2111,3545,0,1,85,3534
"SSC-21 - Apollo 6500 Gen10 plus, AMD EPYC 7543 32C 2.8GHz, NVIDIA A100 80GB, Infiniband HDR200,",1/11/2021,11,HPE,204160,25.18,31.75,2294.598255,0,0.793070866,1,1434,2111,3545,0,1,85,3534
"Portage - HPE Cray EX255a, AMD 4th Gen EPYC 24C 1.8GHz, AMD Instinct MI300A, Slingshot-11, RHEL 8.9,",1/11/2025,70,HPE,129024,24.5,32.1,369.66,0.06627712,0.763239875,1,1434,2111,3545,0,1,85,3534
"Portage - HPE Cray EX255a, AMD 4th Gen EPYC 24C 1.8GHz, AMD Instinct MI300A, Slingshot-11, RHEL 8.9,",1/6/2025,65,HPE,129024,24.1,32.1,371.48,0.064875633,0.750778816,1,1434,2111,3545,0,1,85,3534
"Mary Coombs - ThinkSystem SD650-N V3, Xeon Gold 6448Y 32C 2.1GHz, NVIDIA H100 SXM5 80GB, Infiniband NDR200, RHEL,",1/11/2025,71,Lenovo,99456,24.41,31.18,2294.598255,0,0.782873637,1,1434,2111,3545,0,1,85,3534
"Mary Coombs - ThinkSystem SD650-N V3, Xeon Gold 6448Y 32C 2.1GHz, NVIDIA H100 SXM5 80GB, Infiniband NDR200, RHEL,",1/6/2025,63,Lenovo,99456,24.41,31.18,2294.598255,0,0.782873637,1,1434,2111,3545,0,1,85,3534
"rzAdams - HPE Cray EX255a, AMD 4th Gen EPYC 24C 1.8GHz, AMD Instinct MI300A, Slingshot-11, TOSS,",1/11/2025,72,HPE,129024,24.38,32.1,388.2,0.062802679,0.759501558,1,1434,2111,3545,0,1,85,3534
"rzAdams - HPE Cray EX255a, AMD 4th Gen EPYC 24C 1.8GHz, AMD Instinct MI300A, Slingshot-11, TOSS,",1/6/2025,64,HPE,129024,24.38,32.1,388.2,0.062802679,0.759501558,1,1434,2111,3545,0,1,85,3534
"rzAdams - HPE Cray EX255a, AMD 4th Gen EPYC 24C 1.8GHz, AMD Instinct MI300A, Slingshot-11, TOSS,",1/11/2024,49,HPE,129024,24.38,32.1,388.2,0.062802679,0.759501558,1,1434,2111,3545,0,1,85,3534
"rzAdams - HPE Cray EX255a, AMD 4th Gen EPYC 24C 1.8GHz, AMD Instinct MI300A, Slingshot-11, TOSS,",1/6/2024,47,HPE,129024,19.65,32.1,2294.598255,0,0.612149533,1,1434,2111,3545,0,1,85,3534
"Capella - Lenovo ThinkSystem SD665-N V3, AMD EPYC 9334 32C 2.7GHz, Nvidia H100 SXM5 94Gb, Infiniband NDR200, AlmaLinux 9.4,",1/11/2025,73,MEGWARE,85248,24.06,37.67,444.79,0.054092943,0.638704539,1,1434,2111,3545,0,1,85,3534
"Capella - Lenovo ThinkSystem SD665-N V3, AMD EPYC 9334 32C 2.7GHz, Nvidia H100 SXM5 94Gb, Infiniband NDR200, AlmaLinux 9.4,",1/6/2025,66,MEGWARE,85248,24.06,37.67,444.79,0.054092943,0.638704539,1,1434,2111,3545,0,1,85,3534
"Capella - Lenovo ThinkSystem SD665-N V3, AMD EPYC 9334 32C 2.7GHz, Nvidia H100 SXM5 94Gb, Infiniband NDR200, AlmaLinux 9.4,",1/11/2024,51,MEGWARE,85248,24.06,37.67,444.79,0.054092943,0.638704539,1,1434,2111,3545,0,1,85,3534
"Frontera - Dell C6420, Xeon Platinum 8280 28C 2.7GHz, Mellanox InfiniBand HDR,",1/11/2025,74,DELL,448448,23.52,38.75,2294.598255,0,0.606967742,0,1434,2111,3545,0,1,85,3534
"Frontera - Dell C6420, Xeon Platinum 8280 28C 2.7GHz, Mellanox InfiniBand HDR,",1/6/2025,67,DELL,448448,23.52,38.75,2294.598255,0,0.606967742,0,1434,2111,3545,0,1,85,3534
"Frontera - Dell C6420, Xeon Platinum 8280 28C 2.7GHz, Mellanox InfiniBand HDR,",1/11/2024,52,DELL,448448,23.52,38.75,2294.598255,0,0.606967742,0,1434,2111,3545,0,1,85,3534
"Frontera - Dell C6420, Xeon Platinum 8280 28C 2.7GHz, Mellanox InfiniBand HDR,",1/6/2024,33,DELL,448448,23.52,38.75,2294.598255,0,0.606967742,0,1434,2111,3545,0,1,85,3534
"Frontera - Dell C6420, Xeon Platinum 8280 28C 2.7GHz, Mellanox InfiniBand HDR,",1/11/2023,29,DELL,448448,23.52,38.75,2294.598255,0,0.606967742,0,1434,2111,3545,0,1,85,3534
"Frontera - Dell C6420, Xeon Platinum 8280 28C 2.7GHz, Mellanox InfiniBand HDR,",1/6/2023,21,DELL,448448,23.52,38.75,2294.598255,0,0.606967742,0,1434,2111,3545,0,1,85,3534
"Frontera - Dell C6420, Xeon Platinum 8280 28C 2.7GHz, Mellanox InfiniBand HDR,",1/11/2022,19,DELL,448448,23.52,38.75,2294.598255,0,0.606967742,0,1434,2111,3545,0,1,85,3534
"Frontera - Dell C6420, Xeon Platinum 8280 28C 2.7GHz, Mellanox InfiniBand HDR,",1/6/2022,16,DELL,448448,23.52,38.75,2294.598255,0,0.606967742,0,1434,2111,3545,0,1,85,3534
"Frontera - Dell C6420, Xeon Platinum 8280 28C 2.7GHz, Mellanox InfiniBand HDR,",1/11/2021,13,DELL,448448,23.52,38.75,2294.598255,0,0.606967742,0,1434,2111,3545,0,1,85,3534
"Frontera - Dell C6420, Xeon Platinum 8280 28C 2.7GHz, Mellanox InfiniBand HDR,",1/6/2021,10,DELL,448448,23.52,38.75,2294.598255,0,0.606967742,0,1434,2111,3545,0,1,85,3534
"Frontera - Dell C6420, Xeon Platinum 8280 28C 2.7GHz, Mellanox InfiniBand HDR,",1/11/2020,9,DELL,448448,23.52,38.75,2294.598255,0,0.606967742,0,1434,2111,3545,0,1,85,3534
"Frontera - Dell C6420, Xeon Platinum 8280 28C 2.7GHz, Mellanox InfiniBand HDR,",1/6/2020,8,DELL,448448,23.52,38.75,2294.598255,0,0.606967742,0,1434,2111,3545,0,1,85,3534
"Frontera - Dell C6420, Xeon Platinum 8280 28C 2.7GHz, Mellanox InfiniBand HDR,",1/11/2019,5,DELL,448448,23.52,38.75,2294.598255,0,0.606967742,0,1434,2111,3545,0,1,85,3534
"Frontera - Dell C6420, Xeon Platinum 8280 28C 2.7GHz, Mellanox InfiniBand HDR,",1/6/2019,5,DELL,448448,23.52,38.75,2294.598255,0,0.606967742,0,1434,2111,3545,0,1,85,3534
"Yep1 - NVIDIA DGX H100, Xeon Platinum 8480C 56C 3.8GHz, NVIDIA H100 SXM5 80 GB, Infiniband NDR400,",1/11/2025,75,Nvidia,73584,23.32,34.58,2294.598255,0,0.674378253,1,1434,2111,3545,0,1,85,3534
"Yep1 - NVIDIA DGX H100, Xeon Platinum 8480C 56C 3.8GHz, NVIDIA H100 SXM5 80 GB, Infiniband NDR400,",1/6/2025,68,Nvidia,73584,23.32,34.58,2294.598255,0,0.674378253,1,1434,2111,3545,0,1,85,3534
"Yep1 - NVIDIA DGX H100, Xeon Platinum 8480C 56C 3.8GHz, NVIDIA H100 SXM5 80 GB, Infiniband NDR400,",1/11/2024,53,Nvidia,73584,23.32,34.58,2294.598255,0,0.674378253,1,1434,2111,3545,0,1,85,3534
"Yep1 - NVIDIA DGX H100, Xeon Platinum 8480C 56C 3.8GHz, NVIDIA H100 SXM5 80 GB, Infiniband NDR400,",1/6/2024,34,Nvidia,73584,23.32,34.58,2294.598255,0,0.674378253,1,1434,2111,3545,0,1,85,3534
"BioHive-2 - NVIDIA DGX H100, Xeon Platinum 8480C 56C 2GHz, NVIDIA H100, Infiniband NDR400,",1/11/2025,76,Nvidia,40320,23.32,34.22,2294.598255,0,0.681472823,1,1434,2111,3545,0,1,85,3534
"BioHive-2 - NVIDIA DGX H100, Xeon Platinum 8480C 56C 2GHz, NVIDIA H100, Infiniband NDR400,",1/6/2025,69,Nvidia,40320,23.32,34.22,2294.598255,0,0.681472823,1,1434,2111,3545,0,1,85,3534
"BioHive-2 - NVIDIA DGX H100, Xeon Platinum 8480C 56C 2GHz, NVIDIA H100, Infiniband NDR400,",1/11/2024,54,Nvidia,40320,23.32,34.22,2294.598255,0,0.681472823,1,1434,2111,3545,0,1,85,3534
"BioHive-2 - NVIDIA DGX H100, Xeon Platinum 8480C 56C 2GHz, NVIDIA H100, Infiniband NDR400,",1/6/2024,35,Nvidia,40320,23.32,34.22,2294.598255,0,0.681472823,1,1434,2111,3545,0,1,85,3534
"CEA-HF - BullSequana XH2000, AMD EPYC 7763 64C 2.45GHz, Atos BXI V2,",1/11/2025,77,EVIDEN,810240,23.24,31.76,4959.47,0.004685985,0.731738035,0,1434,2111,3545,0,1,85,3534
"CEA-HF - BullSequana XH2000, AMD EPYC 7763 64C 2.45GHz, Atos BXI V2,",1/6/2025,70,EVIDEN,810240,23.24,31.76,4959.47,0.004685985,0.731738035,0,1434,2111,3545,0,1,85,3534
"CEA-HF - BullSequana XH2000, AMD EPYC 7763 64C 2.45GHz, Atos BXI V2,",1/11/2024,55,EVIDEN,810240,23.24,31.76,4959.47,0.004685985,0.731738035,0,1434,2111,3545,0,1,85,3534
"CEA-HF - BullSequana XH2000, AMD EPYC 7763 64C 2.45GHz, Atos BXI V2,",1/6/2024,36,EVIDEN,810240,23.24,31.76,4959.47,0.004685985,0.731738035,0,1434,2111,3545,0,1,85,3534
"CEA-HF - BullSequana XH2000, AMD EPYC 7763 64C 2.45GHz, Atos BXI V2,",1/11/2023,30,EVIDEN,810240,23.24,31.76,4959.47,0.004685985,0.731738035,0,1434,2111,3545,0,1,85,3534
"CEA-HF - BullSequana XH2000, AMD EPYC 7763 64C 2.45GHz, Atos BXI V2,",1/6/2023,22,EVIDEN,810240,23.24,31.76,4959.47,0.004685985,0.731738035,0,1434,2111,3545,0,1,85,3534
"CEA-HF - BullSequana XH2000, AMD EPYC 7763 64C 2.45GHz, Atos BXI V2,",1/11/2022,20,EVIDEN,810240,23.24,31.76,4959.47,0.004685985,0.731738035,0,1434,2111,3545,0,1,85,3534
"CEA-HF - BullSequana XH2000, AMD EPYC 7763 64C 2.45GHz, Atos BXI V2,",1/6/2022,17,EVIDEN,810240,23.24,31.76,4959.47,0.004685985,0.731738035,0,1434,2111,3545,0,1,85,3534
"CEA-HF - BullSequana XH2000, AMD EPYC 7763 64C 2.45GHz, Atos BXI V2,",1/11/2021,14,EVIDEN,810240,23.24,31.76,4959.47,0.004685985,0.731738035,0,1434,2111,3545,0,1,85,3534
"Sovereign AI Factory - HPE Cray XD670, Xeon Platinum 8562Y+ 32C 2.8GHz, NVIDIA H200 SXM5 141 GB, Infiniband NDR400, Ubuntu 24.04.1 LTS,",1/11/2025,78,HPE,70560,22.74,27.44,2294.598255,0,0.828717201,1,1434,2111,3545,0,1,85,3534
"Dammam-7 - Cray CS-Storm, Xeon Gold 6248 20C 2.5GHz, NVIDIA Tesla V100 SXM2, InfiniBand HDR 100,",1/11/2025,79,HPE,672520,22.4,55.42,2294.598255,0,0.404186214,1,1434,2111,3545,0,1,85,3534
"Dammam-7 - Cray CS-Storm, Xeon Gold 6248 20C 2.5GHz, NVIDIA Tesla V100 SXM2, InfiniBand HDR 100,",1/6/2025,71,HPE,672520,22.4,55.42,2294.598255,0,0.404186214,1,1434,2111,3545,0,1,85,3534
"Dammam-7 - Cray CS-Storm, Xeon Gold 6248 20C 2.5GHz, NVIDIA Tesla V100 SXM2, InfiniBand HDR 100,",1/11/2024,56,HPE,672520,22.4,55.42,2294.598255,0,0.404186214,1,1434,2111,3545,0,1,85,3534
"Dammam-7 - Cray CS-Storm, Xeon Gold 6248 20C 2.5GHz, NVIDIA Tesla V100 SXM2, InfiniBand HDR 100,",1/6/2024,37,HPE,672520,22.4,55.42,2294.598255,0,0.404186214,1,1434,2111,3545,0,1,85,3534
"Dammam-7 - Cray CS-Storm, Xeon Gold 6248 20C 2.5GHz, NVIDIA Tesla V100 SXM2, InfiniBand HDR 100,",1/11/2023,31,HPE,672520,22.4,55.42,2294.598255,0,0.404186214,1,1434,2111,3545,0,1,85,3534
"Dammam-7 - Cray CS-Storm, Xeon Gold 6248 20C 2.5GHz, NVIDIA Tesla V100 SXM2, InfiniBand HDR 100,",1/6/2023,23,HPE,672520,22.4,55.42,2294.598255,0,0.404186214,1,1434,2111,3545,0,1,85,3534
"Dammam-7 - Cray CS-Storm, Xeon Gold 6248 20C 2.5GHz, NVIDIA Tesla V100 SXM2, InfiniBand HDR 100,",1/11/2022,21,HPE,672520,22.4,55.42,2294.598255,0,0.404186214,1,1434,2111,3545,0,1,85,3534
"Dammam-7 - Cray CS-Storm, Xeon Gold 6248 20C 2.5GHz, NVIDIA Tesla V100 SXM2, InfiniBand HDR 100,",1/6/2022,18,HPE,672520,22.4,55.42,2294.598255,0,0.404186214,1,1434,2111,3545,0,1,85,3534
"Dammam-7 - Cray CS-Storm, Xeon Gold 6248 20C 2.5GHz, NVIDIA Tesla V100 SXM2, InfiniBand HDR 100,",1/11/2021,15,HPE,672520,22.4,55.42,2294.598255,0,0.404186214,1,1434,2111,3545,0,1,85,3534
"Dammam-7 - Cray CS-Storm, Xeon Gold 6248 20C 2.5GHz, NVIDIA Tesla V100 SXM2, InfiniBand HDR 100,",1/6/2021,11,HPE,672520,22.4,55.42,2294.598255,0,0.404186214,1,1434,2111,3545,0,1,85,3534
"Dammam-7 - Cray CS-Storm, Xeon Gold 6248 20C 2.5GHz, NVIDIA Tesla V100 SXM2, InfiniBand HDR 100,",1/11/2020,10,HPE,672520,22.4,55.42,2294.598255,0,0.404186214,1,1434,2111,3545,0,1,85,3534
"TAIPEI-1 - NVIDIA DGX H100, Xeon Platinum 8480C 56C 2GHz, NVIDIA H100, NVIDIA Infiniband NDR,",1/11/2025,80,Nvidia,40960,22.3,34.53,2294.598255,0,0.645815233,1,1434,2111,3545,0,1,85,3534
"TAIPEI-1 - NVIDIA DGX H100, Xeon Platinum 8480C 56C 2GHz, NVIDIA H100, NVIDIA Infiniband NDR,",1/6/2025,72,Nvidia,40960,22.3,34.53,2294.598255,0,0.645815233,1,1434,2111,3545,0,1,85,3534
"TAIPEI-1 - NVIDIA DGX H100, Xeon Platinum 8480C 56C 2GHz, NVIDIA H100, NVIDIA Infiniband NDR,",1/11/2024,57,Nvidia,40960,22.3,34.53,2294.598255,0,0.645815233,1,1434,2111,3545,0,1,85,3534
"TAIPEI-1 - NVIDIA DGX H100, Xeon Platinum 8480C 56C 2GHz, NVIDIA H100, NVIDIA Infiniband NDR,",1/6/2024,38,Nvidia,40960,22.3,34.53,2294.598255,0,0.645815233,1,1434,2111,3545,0,1,85,3534
"Wisteria/BDEC-01 (Odyssey) - PRIMEHPC FX1000, A64FX 48C 2.2GHz, Tofu interconnect D,",1/11/2025,81,Fujitsu,368640,22.12,25.95,1468,0.01506812,0.852408478,0,1434,2111,3545,0,1,85,3534
"Wisteria/BDEC-01 (Odyssey) - PRIMEHPC FX1000, A64FX 48C 2.2GHz, Tofu interconnect D,",1/6/2025,73,Fujitsu,368640,22.12,25.95,1468,0.01506812,0.852408478,0,1434,2111,3545,0,1,85,3534
"Wisteria/BDEC-01 (Odyssey) - PRIMEHPC FX1000, A64FX 48C 2.2GHz, Tofu interconnect D,",1/11/2024,58,Fujitsu,368640,22.12,25.95,1468,0.01506812,0.852408478,0,1434,2111,3545,0,1,85,3534
"Wisteria/BDEC-01 (Odyssey) - PRIMEHPC FX1000, A64FX 48C 2.2GHz, Tofu interconnect D,",1/6/2024,40,Fujitsu,368640,22.12,25.95,1468,0.01506812,0.852408478,0,1434,2111,3545,0,1,85,3534
"Wisteria/BDEC-01 (Odyssey) - PRIMEHPC FX1000, A64FX 48C 2.2GHz, Tofu interconnect D,",1/11/2023,33,Fujitsu,368640,22.12,25.95,1468,0.01506812,0.852408478,0,1434,2111,3545,0,1,85,3534
"Wisteria/BDEC-01 (Odyssey) - PRIMEHPC FX1000, A64FX 48C 2.2GHz, Tofu interconnect D,",1/6/2023,25,Fujitsu,368640,22.12,25.95,1468,0.01506812,0.852408478,0,1434,2111,3545,0,1,85,3534
"Wisteria/BDEC-01 (Odyssey) - PRIMEHPC FX1000, A64FX 48C 2.2GHz, Tofu interconnect D,",1/11/2022,23,Fujitsu,368640,22.12,25.95,1468,0.01506812,0.852408478,0,1434,2111,3545,0,1,85,3534
"Wisteria/BDEC-01 (Odyssey) - PRIMEHPC FX1000, A64FX 48C 2.2GHz, Tofu interconnect D,",1/6/2022,20,Fujitsu,368640,22.12,25.95,1468,0.01506812,0.852408478,0,1434,2111,3545,0,1,85,3534
"Wisteria/BDEC-01 (Odyssey) - PRIMEHPC FX1000, A64FX 48C 2.2GHz, Tofu interconnect D,",1/11/2021,17,Fujitsu,368640,22.12,25.95,1468,0.01506812,0.852408478,0,1434,2111,3545,0,1,85,3534
"Wisteria/BDEC-01 (Odyssey) - PRIMEHPC FX1000, A64FX 48C 2.2GHz, Tofu interconnect D,",1/6/2021,13,Fujitsu,368640,22.12,25.95,1468,0.01506812,0.852408478,0,1434,2111,3545,0,1,85,3534
"DeepL Mercury - NVIDIA DGX H100, Xeon Platinum 8480C 56C 2GHz, NVIDIA H100, NVIDIA Infiniband NDR,",1/11/2025,82,Nvidia,40960,21.85,33.85,2294.598255,0,0.64549483,1,1434,2111,3545,0,1,85,3534
"DeepL Mercury - NVIDIA DGX H100, Xeon Platinum 8480C 56C 2GHz, NVIDIA H100, NVIDIA Infiniband NDR,",1/6/2025,74,Nvidia,40960,21.85,33.85,2294.598255,0,0.64549483,1,1434,2111,3545,0,1,85,3534
"DeepL Mercury - NVIDIA DGX H100, Xeon Platinum 8480C 56C 2GHz, NVIDIA H100, NVIDIA Infiniband NDR,",1/11/2024,59,Nvidia,40960,21.85,33.85,2294.598255,0,0.64549483,1,1434,2111,3545,0,1,85,3534
"DeepL Mercury - NVIDIA DGX H100, Xeon Platinum 8480C 56C 2GHz, NVIDIA H100, NVIDIA Infiniband NDR,",1/6/2024,41,Nvidia,40960,21.85,33.85,2294.598255,0,0.64549483,1,1434,2111,3545,0,1,85,3534
"DeepL Mercury - NVIDIA DGX H100, Xeon Platinum 8480C 56C 2GHz, NVIDIA H100, NVIDIA Infiniband NDR,",1/11/2023,34,Nvidia,40960,21.85,33.85,2294.598255,0,0.64549483,1,1434,2111,3545,0,1,85,3534
"Chervonenkis - YANDEX Y4N-GA1-TY25-ZB0, AMD EPYC 7702 64C 2GHz, NVIDIA A100 80GB, Infiniband,",1/11/2025,83,"YANDEX, NVIDIA",193440,21.53,29.42,2294.598255,0,0.731815092,1,1434,2111,3545,0,1,85,3534
"Chervonenkis - YANDEX Y4N-GA1-TY25-ZB0, AMD EPYC 7702 64C 2GHz, NVIDIA A100 80GB, Infiniband,",1/6/2025,75,"YANDEX, NVIDIA",193440,21.53,29.42,2294.598255,0,0.731815092,1,1434,2111,3545,0,1,85,3534
"Chervonenkis - YANDEX Y4N-GA1-TY25-ZB0, AMD EPYC 7702 64C 2GHz, NVIDIA A100 80GB, Infiniband,",1/11/2024,60,"YANDEX, NVIDIA",193440,21.53,29.42,2294.598255,0,0.731815092,1,1434,2111,3545,0,1,85,3534
"Chervonenkis - YANDEX Y4N-GA1-TY25-ZB0, AMD EPYC 7702 64C 2GHz, NVIDIA A100 80GB, Infiniband,",1/6/2024,42,"YANDEX, NVIDIA",193440,21.53,29.42,2294.598255,0,0.731815092,1,1434,2111,3545,0,1,85,3534
"Chervonenkis - YANDEX Y4N-GA1-TY25-ZB0, AMD EPYC 7702 64C 2GHz, NVIDIA A100 80GB, Infiniband,",1/11/2023,35,"YANDEX, NVIDIA",193440,21.53,29.42,2294.598255,0,0.731815092,1,1434,2111,3545,0,1,85,3534
"Chervonenkis - YANDEX Y4N-GA1-TY25-ZB0, AMD EPYC 7702 64C 2GHz, NVIDIA A100 80GB, Infiniband,",1/6/2023,27,"YANDEX, NVIDIA",193440,21.53,29.42,2294.598255,0,0.731815092,1,1434,2111,3545,0,1,85,3534
"Chervonenkis - YANDEX Y4N-GA1-TY25-ZB0, AMD EPYC 7702 64C 2GHz, NVIDIA A100 80GB, Infiniband,",1/11/2022,25,"YANDEX, NVIDIA",193440,21.53,29.42,2294.598255,0,0.731815092,1,1434,2111,3545,0,1,85,3534
"Chervonenkis - YANDEX Y4N-GA1-TY25-ZB0, AMD EPYC 7702 64C 2GHz, NVIDIA A100 80GB, Infiniband,",1/6/2022,22,"YANDEX, NVIDIA",193440,21.53,29.42,2294.598255,0,0.731815092,1,1434,2111,3545,0,1,85,3534
"Chervonenkis - YANDEX Y4N-GA1-TY25-ZB0, AMD EPYC 7702 64C 2GHz, NVIDIA A100 80GB, Infiniband,",1/11/2021,19,"YANDEX, NVIDIA",193440,21.53,29.42,2294.598255,0,0.731815092,1,1434,2111,3545,0,1,85,3534
"HPC-AI - HPE Cray XD670, Xeon Platinum 8462Y+ 32C 2.8GHz, NVIDIA H100 SXM5 80GB, Infiniband, Ubuntu 22.04,",1/11/2025,84,HPE,71680,21.46,27.88,2294.598255,0,0.769727403,1,1434,2111,3545,0,1,85,3534
"HPC-AI - HPE Cray XD670, Xeon Platinum 8462Y+ 32C 2.8GHz, NVIDIA H100 SXM5 80GB, Infiniband, Ubuntu 22.04,",1/6/2025,76,HPE,71680,21.46,27.88,2294.598255,0,0.769727403,1,1434,2111,3545,0,1,85,3534
"Teton - HPE Cray EX, AMD EPYC 9965 192C 2.25GHz, Slingshot-11, RHEL 9.5,",1/11/2025,85,HPE,393216,20.76,28.31,1564.6,0.013268567,0.733309785,0,1434,2111,3545,0,1,85,3534
"Alem.Cloud - HPE Cray XD670, Intel Xeon Platinum 8568Y+ 48C 2.3GHz, NVIDIA H200 SXM5 141 GB, 400g Ethernet, SLES 15,",1/11/2025,86,HPE,66816,20.48,25.34,2294.598255,0,0.808208366,1,1434,2111,3545,0,1,85,3534
"Fir (GPU) - ThinkSystem SD665-N V3, AMD EPYC 9454 48C 2.75GHz, NVIDIA H100, Infiniband, AlmaLinux 9,",1/11/2025,87,Lenovo,92160,19.96,33.32,475.73,0.041956572,0.599039616,1,1434,2111,3545,0,1,85,3534
"Fir (GPU) - ThinkSystem SD665-N V3, AMD EPYC 9454 48C 2.75GHz, NVIDIA H100, Infiniband, AlmaLinux 9,",1/6/2025,78,Lenovo,92160,19.96,33.32,475.73,0.041956572,0.599039616,1,1434,2111,3545,0,1,85,3534
"ARCHER2 - Cray XE, AMD EPYC 7742 64C 2.25GHz, Slingshot-10,",1/11/2025,88,HPE Cray,716800,19.54,25.8,2294.598255,0,0.757364341,0,1434,2111,3545,0,1,85,3534
"ARCHER2 - Cray XE, AMD EPYC 7742 64C 2.25GHz, Slingshot-10,",1/6/2025,79,HPE Cray,716800,19.54,25.8,2294.598255,0,0.757364341,0,1434,2111,3545,0,1,85,3534
"ARCHER2 - Cray XE, AMD EPYC 7742 64C 2.25GHz, Slingshot-10,",1/11/2024,62,HPE Cray,716800,19.54,25.8,2294.598255,0,0.757364341,0,1434,2111,3545,0,1,85,3534
"ARCHER2 - Cray XE, AMD EPYC 7742 64C 2.25GHz, Slingshot-10,",1/6/2024,49,HPE Cray,716800,19.54,25.8,2294.598255,0,0.757364341,0,1434,2111,3545,0,1,85,3534
"ARCHER2 - Cray XE, AMD EPYC 7742 64C 2.25GHz, Slingshot-10,",1/11/2023,38,HPE Cray,716800,19.54,25.8,2294.598255,0,0.757364341,0,1434,2111,3545,0,1,85,3534
"ARCHER2 - Cray XE, AMD EPYC 7742 64C 2.25GHz, Slingshot-10,",1/6/2023,30,HPE Cray,716800,19.54,25.8,2294.598255,0,0.757364341,0,1434,2111,3545,0,1,85,3534
"ARCHER2 - Cray XE, AMD EPYC 7742 64C 2.25GHz, Slingshot-10,",1/11/2022,28,HPE Cray,716800,19.54,25.8,2294.598255,0,0.757364341,0,1434,2111,3545,0,1,85,3534
"ARCHER2 - Cray XE, AMD EPYC 7742 64C 2.25GHz, Slingshot-10,",1/6/2022,25,HPE Cray,716800,19.54,25.8,2294.598255,0,0.757364341,0,1434,2111,3545,0,1,85,3534
"ARCHER2 - Cray XE, AMD EPYC 7742 64C 2.25GHz, Slingshot-10,",1/11/2021,22,HPE Cray,716800,19.54,25.8,2294.598255,0,0.757364341,0,1434,2111,3545,0,1,85,3534
"Titan - Apollo 6500, AMD EPYC 7763 64C 2.45GHz, NVIDIA A100 SXM4 80 GB, Infiniband HDR, RHEL 8.6,",1/11/2025,89,HPE,153760,19.53,24.95,2294.598255,0,0.782765531,1,1434,2111,3545,0,1,85,3534
"Titan - Apollo 6500, AMD EPYC 7763 64C 2.45GHz, NVIDIA A100 SXM4 80 GB, Infiniband HDR, RHEL 8.6,",1/6/2025,80,HPE,153760,19.53,24.95,2294.598255,0,0.782765531,1,1434,2111,3545,0,1,85,3534
"Titan - Apollo 6500, AMD EPYC 7763 64C 2.45GHz, NVIDIA A100 SXM4 80 GB, Infiniband HDR, RHEL 8.6,",1/11/2024,63,HPE,153760,19.53,24.95,2294.598255,0,0.782765531,1,1434,2111,3545,0,1,85,3534
"Titan - Apollo 6500, AMD EPYC 7763 64C 2.45GHz, NVIDIA A100 SXM4 80 GB, Infiniband HDR, RHEL 8.6,",1/6/2024,73,HPE,128960,14.24,16.39,2294.598255,0,0.868822453,1,1434,2111,3545,0,1,85,3534
"Titan - Apollo 6500, AMD EPYC 7763 64C 2.45GHz, NVIDIA A100 SXM4 80 GB, Infiniband HDR, RHEL 8.6,",1/11/2023,58,HPE,128960,14.24,16.39,2294.598255,0,0.868822453,1,1434,2111,3545,0,1,85,3534
"Titan - Apollo 6500, AMD EPYC 7763 64C 2.45GHz, NVIDIA A100 SXM4 80 GB, Infiniband HDR, RHEL 8.6,",1/6/2023,47,HPE,128960,14.24,16.39,2294.598255,0,0.868822453,1,1434,2111,3545,0,1,85,3534
"Titan - Apollo 6500, AMD EPYC 7763 64C 2.45GHz, NVIDIA A100 SXM4 80 GB, Infiniband HDR, RHEL 8.6,",1/11/2022,92,HPE,56544,6.29,7.19,2294.598255,0,0.874826147,1,1434,2111,3545,0,1,85,3534
"Titan - Apollo 6500, AMD EPYC 7763 64C 2.45GHz, NVIDIA A100 SXM4 80 GB, Infiniband HDR, RHEL 8.6,",1/6/2022,85,HPE,56544,6.29,7.19,2294.598255,0,0.874826147,1,1434,2111,3545,0,1,85,3534
"TII-Oryx-HPC - ASUS ESC N8-E11, Xeon Platinum 8462Y+ 32C 2.8GHz, NVIDIA H100 80GB HBM3, Infiniband NDR, Qlustar 14 / Ubuntu 24.04,",1/11/2025,90,Mbuzz/Q-Leap Networks,61600,19.48,26.57,2294.598255,0,0.733157697,1,1434,2111,3545,0,1,85,3534
"SuperMUC-NG - ThinkSystem SD650, Xeon Platinum 8174 24C 3.1GHz, Intel Omni-Path,",1/11/2025,91,Lenovo,305856,19.48,26.87,2294.598255,0,0.724972088,0,1434,2111,3545,0,1,85,3534
"SuperMUC-NG - ThinkSystem SD650, Xeon Platinum 8174 24C 3.1GHz, Intel Omni-Path,",1/6/2025,81,Lenovo,305856,19.48,26.87,2294.598255,0,0.724972088,0,1434,2111,3545,0,1,85,3534
"SuperMUC-NG - ThinkSystem SD650, Xeon Platinum 8174 24C 3.1GHz, Intel Omni-Path,",1/11/2024,64,Lenovo,305856,19.48,26.87,2294.598255,0,0.724972088,0,1434,2111,3545,0,1,85,3534
"SuperMUC-NG - ThinkSystem SD650, Xeon Platinum 8174 24C 3.1GHz, Intel Omni-Path,",1/6/2024,50,Lenovo,305856,19.48,26.87,2294.598255,0,0.724972088,0,1434,2111,3545,0,1,85,3534
"SuperMUC-NG - ThinkSystem SD650, Xeon Platinum 8174 24C 3.1GHz, Intel Omni-Path,",1/11/2023,39,Lenovo,305856,19.48,26.87,2294.598255,0,0.724972088,0,1434,2111,3545,0,1,85,3534
"SuperMUC-NG - ThinkSystem SD650, Xeon Platinum 8174 24C 3.1GHz, Intel Omni-Path,",1/6/2023,31,Lenovo,305856,19.48,26.87,2294.598255,0,0.724972088,0,1434,2111,3545,0,1,85,3534
"SuperMUC-NG - ThinkSystem SD650, Xeon Platinum 8174 24C 3.1GHz, Intel Omni-Path,",1/11/2022,29,Lenovo,305856,19.48,26.87,2294.598255,0,0.724972088,0,1434,2111,3545,0,1,85,3534
"SuperMUC-NG - ThinkSystem SD650, Xeon Platinum 8174 24C 3.1GHz, Intel Omni-Path,",1/6/2022,26,Lenovo,305856,19.48,26.87,2294.598255,0,0.724972088,0,1434,2111,3545,0,1,85,3534
"SuperMUC-NG - ThinkSystem SD650, Xeon Platinum 8174 24C 3.1GHz, Intel Omni-Path,",1/11/2021,23,Lenovo,305856,19.48,26.87,2294.598255,0,0.724972088,0,1434,2111,3545,0,1,85,3534
"SuperMUC-NG - ThinkSystem SD650, Xeon Platinum 8174 24C 3.1GHz, Intel Omni-Path,",1/6/2021,17,Lenovo,305856,19.48,26.87,2294.598255,0,0.724972088,0,1434,2111,3545,0,1,85,3534
"SuperMUC-NG - ThinkSystem SD650, Xeon Platinum 8174 24C 3.1GHz, Intel Omni-Path,",1/11/2020,15,Lenovo,305856,19.48,26.87,2294.598255,0,0.724972088,0,1434,2111,3545,0,1,85,3534
"SuperMUC-NG - ThinkSystem SD650, Xeon Platinum 8174 24C 3.1GHz, Intel Omni-Path,",1/6/2020,13,Lenovo,305856,19.48,26.87,2294.598255,0,0.724972088,0,1434,2111,3545,0,1,85,3534
"SuperMUC-NG - ThinkSystem SD650, Xeon Platinum 8174 24C 3.1GHz, Intel Omni-Path,",1/11/2019,9,Lenovo,305856,19.48,26.87,2294.598255,0,0.724972088,0,1434,2111,3545,0,1,85,3534
"SuperMUC-NG - ThinkSystem SD650, Xeon Platinum 8174 24C 3.1GHz, Intel Omni-Path,",1/6/2019,9,Lenovo,305856,19.48,26.87,2294.598255,0,0.724972088,0,1434,2111,3545,0,1,85,3534
"SuperMUC-NG - ThinkSystem SD650, Xeon Platinum 8174 24C 3.1GHz, Intel Omni-Path,",1/11/2018,8,Lenovo,305856,19.48,26.87,2294.598255,0,0.724972088,0,1434,2111,3545,0,1,85,3534
"Dawn - Dell PowerEdge XE9640, Xeon Platinum 8468 48C 2.1GHz, Intel Data Center GPU Max 1550, Infiniband HDR200,",1/11/2025,92,DELL,156864,19.46,53.85,2294.598255,0,0.361374188,1,1434,2111,3545,0,1,85,3534
"Dawn - Dell PowerEdge XE9640, Xeon Platinum 8468 48C 2.1GHz, Intel Data Center GPU Max 1550, Infiniband HDR200,",1/6/2025,82,DELL,156864,19.46,53.85,2294.598255,0,0.361374188,1,1434,2111,3545,0,1,85,3534
"Dawn - Dell PowerEdge XE9640, Xeon Platinum 8468 48C 2.1GHz, Intel Data Center GPU Max 1550, Infiniband HDR200,",1/11/2024,65,DELL,156864,19.46,53.85,2294.598255,0,0.361374188,1,1434,2111,3545,0,1,85,3534
"Dawn - Dell PowerEdge XE9640, Xeon Platinum 8468 48C 2.1GHz, Intel Data Center GPU Max 1550, Infiniband HDR200,",1/6/2024,51,DELL,156864,19.46,53.85,2294.598255,0,0.361374188,1,1434,2111,3545,0,1,85,3534
"Dawn - Dell PowerEdge XE9640, Xeon Platinum 8468 48C 2.1GHz, Intel Data Center GPU Max 1550, Infiniband HDR200,",1/11/2023,40,DELL,156864,19.46,53.85,2294.598255,0,0.361374188,1,1434,2111,3545,0,1,85,3534
"SAKURAONE CYC - SuperServer H200, Xeon Platinum 8580 60C 2GHz, NVIDIA H200 SXM5 141 GB, Gigabit Ethernet, Rocky Linux 9.6,",1/11/2025,93,Supermicro,64680,19.31,29.9,2294.598255,0,0.645819398,1,1434,2111,3545,0,1,85,3534
"Ghawar-1 - HPE Cray EX, AMD EPYC 7702 64C 2GHz, Slingshot-10,",1/11/2025,94,HPE,714240,19.26,22.86,2294.598255,0,0.842519685,0,1434,2111,3545,0,1,85,3534
"Ghawar-1 - HPE Cray EX, AMD EPYC 7702 64C 2GHz, Slingshot-10,",1/6/2025,83,HPE,714240,19.26,22.86,2294.598255,0,0.842519685,0,1434,2111,3545,0,1,85,3534
"Ghawar-1 - HPE Cray EX, AMD EPYC 7702 64C 2GHz, Slingshot-10,",1/11/2024,67,HPE,714240,19.26,22.86,2294.598255,0,0.842519685,0,1434,2111,3545,0,1,85,3534
"Ghawar-1 - HPE Cray EX, AMD EPYC 7702 64C 2GHz, Slingshot-10,",1/6/2024,53,HPE,714240,19.26,22.86,2294.598255,0,0.842519685,0,1434,2111,3545,0,1,85,3534
"Ghawar-1 - HPE Cray EX, AMD EPYC 7702 64C 2GHz, Slingshot-10,",1/11/2023,42,HPE,714240,19.26,22.86,2294.598255,0,0.842519685,0,1434,2111,3545,0,1,85,3534
"Ghawar-1 - HPE Cray EX, AMD EPYC 7702 64C 2GHz, Slingshot-10,",1/6/2023,33,HPE,714240,19.26,22.86,2294.598255,0,0.842519685,0,1434,2111,3545,0,1,85,3534
"Ghawar-1 - HPE Cray EX, AMD EPYC 7702 64C 2GHz, Slingshot-10,",1/11/2022,31,HPE,714240,19.26,22.86,2294.598255,0,0.842519685,0,1434,2111,3545,0,1,85,3534
"Ghawar-1 - HPE Cray EX, AMD EPYC 7702 64C 2GHz, Slingshot-10,",1/6/2022,28,HPE,714240,19.26,22.86,2294.598255,0,0.842519685,0,1434,2111,3545,0,1,85,3534
"Ghawar-1 - HPE Cray EX, AMD EPYC 7702 64C 2GHz, Slingshot-10,",1/11/2021,25,HPE,714240,19.26,22.86,2294.598255,0,0.842519685,0,1434,2111,3545,0,1,85,3534
"Ghawar-1 - HPE Cray EX, AMD EPYC 7702 64C 2GHz, Slingshot-10,",1/6/2021,19,HPE,714240,19.26,22.86,2294.598255,0,0.842519685,0,1434,2111,3545,0,1,85,3534
"Frontier TDS - HPE Cray EX235a, AMD Optimized 3rd Generation EPYC 64C 2GHz, AMD Instinct MI250X, Slingshot-11,",1/11/2025,95,HPE,120832,19.2,23.11,308.68,0.062200337,0.830809174,1,1434,2111,3545,0,1,85,3534
"Frontier TDS - HPE Cray EX235a, AMD Optimized 3rd Generation EPYC 64C 2GHz, AMD Instinct MI250X, Slingshot-11,",1/6/2025,84,HPE,120832,19.2,23.11,308.68,0.062200337,0.830809174,1,1434,2111,3545,0,1,85,3534
"Frontier TDS - HPE Cray EX235a, AMD Optimized 3rd Generation EPYC 64C 2GHz, AMD Instinct MI250X, Slingshot-11,",1/11/2024,68,HPE,120832,19.2,23.11,308.68,0.062200337,0.830809174,1,1434,2111,3545,0,1,85,3534
"Frontier TDS - HPE Cray EX235a, AMD Optimized 3rd Generation EPYC 64C 2GHz, AMD Instinct MI250X, Slingshot-11,",1/6/2024,54,HPE,120832,19.2,23.11,308.68,0.062200337,0.830809174,1,1434,2111,3545,0,1,85,3534
"Frontier TDS - HPE Cray EX235a, AMD Optimized 3rd Generation EPYC 64C 2GHz, AMD Instinct MI250X, Slingshot-11,",1/11/2023,43,HPE,120832,19.2,23.11,308.68,0.062200337,0.830809174,1,1434,2111,3545,0,1,85,3534
"Frontier TDS - HPE Cray EX235a, AMD Optimized 3rd Generation EPYC 64C 2GHz, AMD Instinct MI250X, Slingshot-11,",1/6/2023,34,HPE,120832,19.2,23.11,308.68,0.062200337,0.830809174,1,1434,2111,3545,0,1,85,3534
"Frontier TDS - HPE Cray EX235a, AMD Optimized 3rd Generation EPYC 64C 2GHz, AMD Instinct MI250X, Slingshot-11,",1/11/2022,32,HPE,120832,19.2,23.11,308.68,0.062200337,0.830809174,1,1434,2111,3545,0,1,85,3534
"Frontier TDS - HPE Cray EX235a, AMD Optimized 3rd Generation EPYC 64C 2GHz, AMD Instinct MI250X, Slingshot-11,",1/6/2022,29,HPE,120832,19.2,23.11,308.68,0.062200337,0.830809174,1,1434,2111,3545,0,1,85,3534
"Helios GPU - HPE Cray EX254n, NVIDIA Grace 72C 3.1GHz, NVIDIA GH200 Superchip, Slingshot-11,",1/11/2025,96,HPE,89760,19.14,30.44,316.88,0.060401414,0.628777924,1,1434,2111,3545,0,1,85,3534
"Helios GPU - HPE Cray EX254n, NVIDIA Grace 72C 3.1GHz, NVIDIA GH200 Superchip, Slingshot-11,",1/6/2025,85,HPE,89760,19.14,30.44,316.88,0.060401414,0.628777924,1,1434,2111,3545,0,1,85,3534
"Helios GPU - HPE Cray EX254n, NVIDIA Grace 72C 3.1GHz, NVIDIA GH200 Superchip, Slingshot-11,",1/11/2024,69,HPE,89760,19.14,30.44,316.88,0.060401414,0.628777924,1,1434,2111,3545,0,1,85,3534
"Helios GPU - HPE Cray EX254n, NVIDIA Grace 72C 3.1GHz, NVIDIA GH200 Superchip, Slingshot-11,",1/6/2024,55,HPE,89760,19.14,30.44,316.88,0.060401414,0.628777924,1,1434,2111,3545,0,1,85,3534
"Pégaso - Supermicro A+ Server 4124GO-NART+, AMD EPYC 7513 32C 2.6GHz, NVIDIA A100, Infiniband HDR,",1/11/2025,97,EVIDEN,233856,19.07,42,1033,0.018460794,0.454047619,1,1434,2111,3545,0,1,85,3534
"Pégaso - Supermicro A+ Server 4124GO-NART+, AMD EPYC 7513 32C 2.6GHz, NVIDIA A100, Infiniband HDR,",1/6/2025,86,EVIDEN,233856,19.07,42,1033,0.018460794,0.454047619,1,1434,2111,3545,0,1,85,3534
"Pégaso - Supermicro A+ Server 4124GO-NART+, AMD EPYC 7513 32C 2.6GHz, NVIDIA A100, Infiniband HDR,",1/11/2024,70,EVIDEN,233856,19.07,42,1033,0.018460794,0.454047619,1,1434,2111,3545,0,1,85,3534
"Pégaso - Supermicro A+ Server 4124GO-NART+, AMD EPYC 7513 32C 2.6GHz, NVIDIA A100, Infiniband HDR,",1/6/2024,56,EVIDEN,233856,19.07,42,1033,0.018460794,0.454047619,1,1434,2111,3545,0,1,85,3534
"Pégaso - Supermicro A+ Server 4124GO-NART+, AMD EPYC 7513 32C 2.6GHz, NVIDIA A100, Infiniband HDR,",1/11/2023,44,EVIDEN,233856,19.07,42,1033,0.018460794,0.454047619,1,1434,2111,3545,0,1,85,3534
"Pégaso - Supermicro A+ Server 4124GO-NART+, AMD EPYC 7513 32C 2.6GHz, NVIDIA A100, Infiniband HDR,",1/6/2023,35,EVIDEN,233856,19.07,42,1033,0.018460794,0.454047619,1,1434,2111,3545,0,1,85,3534
"Pégaso - Supermicro A+ Server 4124GO-NART+, AMD EPYC 7513 32C 2.6GHz, NVIDIA A100, Infiniband HDR,",1/11/2022,33,EVIDEN,233856,19.07,42,1033,0.018460794,0.454047619,1,1434,2111,3545,0,1,85,3534
"Kestrel GPU - HPE Cray XD665, AMD EPYC 9554 64C 3.1GHz, NVIDIA H100 80GB, Slingshot-11, RHEL 6.8,",1/11/2025,98,HPE,83968,18.4,34.35,2294.598255,0,0.5356623,1,1434,2111,3545,0,1,85,3534
"Kestrel GPU - HPE Cray XD665, AMD EPYC 9554 64C 3.1GHz, NVIDIA H100 80GB, Slingshot-11, RHEL 6.8,",1/6/2025,87,HPE,83968,18.4,34.35,2294.598255,0,0.5356623,1,1434,2111,3545,0,1,85,3534
"Kestrel GPU - HPE Cray XD665, AMD EPYC 9554 64C 3.1GHz, NVIDIA H100 80GB, Slingshot-11, RHEL 6.8,",1/11/2024,71,HPE,83968,18.4,34.35,2294.598255,0,0.5356623,1,1434,2111,3545,0,1,85,3534
"Lassen - IBM Power System AC922, IBM POWER9 22C 3.1GHz, Dual-rail Mellanox EDR Infiniband, NVIDIA Tesla V100,",1/11/2025,99,IBM / NVIDIA / Mellanox,288288,18.2,23.05,2294.598255,0,0.789587852,1,1434,2111,3545,0,1,85,3534
"Lassen - IBM Power System AC922, IBM POWER9 22C 3.1GHz, Dual-rail Mellanox EDR Infiniband, NVIDIA Tesla V100,",1/6/2025,88,IBM / NVIDIA / Mellanox,288288,18.2,23.05,2294.598255,0,0.789587852,1,1434,2111,3545,0,1,85,3534
"Lassen - IBM Power System AC922, IBM POWER9 22C 3.1GHz, Dual-rail Mellanox EDR Infiniband, NVIDIA Tesla V100,",1/11/2024,72,IBM / NVIDIA / Mellanox,288288,18.2,23.05,2294.598255,0,0.789587852,1,1434,2111,3545,0,1,85,3534
"Lassen - IBM Power System AC922, IBM POWER9 22C 3.1GHz, Dual-rail Mellanox EDR Infiniband, NVIDIA Tesla V100,",1/6/2024,57,IBM / NVIDIA / Mellanox,288288,18.2,23.05,2294.598255,0,0.789587852,1,1434,2111,3545,0,1,85,3534
"Lassen - IBM Power System AC922, IBM POWER9 22C 3.1GHz, Dual-rail Mellanox EDR Infiniband, NVIDIA Tesla V100,",1/11/2023,45,IBM / NVIDIA / Mellanox,288288,18.2,23.05,2294.598255,0,0.789587852,1,1434,2111,3545,0,1,85,3534
"Lassen - IBM Power System AC922, IBM POWER9 22C 3.1GHz, Dual-rail Mellanox EDR Infiniband, NVIDIA Tesla V100,",1/6/2023,36,IBM / NVIDIA / Mellanox,288288,18.2,23.05,2294.598255,0,0.789587852,1,1434,2111,3545,0,1,85,3534
"Lassen - IBM Power System AC922, IBM POWER9 22C 3.1GHz, Dual-rail Mellanox EDR Infiniband, NVIDIA Tesla V100,",1/11/2022,34,IBM / NVIDIA / Mellanox,288288,18.2,23.05,2294.598255,0,0.789587852,1,1434,2111,3545,0,1,85,3534
"Lassen - IBM Power System AC922, IBM POWER9 22C 3.1GHz, Dual-rail Mellanox EDR Infiniband, NVIDIA Tesla V100,",1/6/2022,30,IBM / NVIDIA / Mellanox,288288,18.2,23.05,2294.598255,0,0.789587852,1,1434,2111,3545,0,1,85,3534
"Lassen - IBM Power System AC922, IBM POWER9 22C 3.1GHz, Dual-rail Mellanox EDR Infiniband, NVIDIA Tesla V100,",1/11/2021,26,IBM / NVIDIA / Mellanox,288288,18.2,23.05,2294.598255,0,0.789587852,1,1434,2111,3545,0,1,85,3534
"Lassen - IBM Power System AC922, IBM POWER9 22C 3.1GHz, Dual-rail Mellanox EDR Infiniband, NVIDIA Tesla V100,",1/6/2021,20,IBM / NVIDIA / Mellanox,288288,18.2,23.05,2294.598255,0,0.789587852,1,1434,2111,3545,0,1,85,3534
"Lassen - IBM Power System AC922, IBM POWER9 22C 3.1GHz, Dual-rail Mellanox EDR Infiniband, NVIDIA Tesla V100,",1/11/2020,17,IBM / NVIDIA / Mellanox,288288,18.2,23.05,2294.598255,0,0.789587852,1,1434,2111,3545,0,1,85,3534
"Lassen - IBM Power System AC922, IBM POWER9 22C 3.1GHz, Dual-rail Mellanox EDR Infiniband, NVIDIA Tesla V100,",1/6/2020,14,IBM / NVIDIA / Mellanox,288288,18.2,23.05,2294.598255,0,0.789587852,1,1434,2111,3545,0,1,85,3534
"Lassen - IBM Power System AC922, IBM POWER9 22C 3.1GHz, Dual-rail Mellanox EDR Infiniband, NVIDIA Tesla V100,",1/11/2019,10,IBM / NVIDIA / Mellanox,288288,18.2,23.05,2294.598255,0,0.789587852,1,1434,2111,3545,0,1,85,3534
"Lassen - IBM Power System AC922, IBM POWER9 22C 3.1GHz, Dual-rail Mellanox EDR Infiniband, NVIDIA Tesla V100,",1/6/2019,10,IBM / NVIDIA / Mellanox,288288,18.2,23.05,2294.598255,0,0.789587852,1,1434,2111,3545,0,1,85,3534
"Lassen - IBM Power System AC922, IBM POWER9 22C 3.1GHz, Dual-rail Mellanox EDR Infiniband, NVIDIA Tesla V100,",1/11/2018,11,IBM / NVIDIA / Mellanox,248976,15.43,19.9,2294.598255,0,0.775376884,1,1434,2111,3545,0,1,85,3534
"DeltaAI - HPE Cray EX254n, NVIDIA Grace 72C 3.1GHz, NVIDIA GH200 Superchip, Slingshot-11, SLES 15 SP5,",1/11/2025,100,HPE,124032,18.08,33.61,372.4,0.048549946,0.537935138,1,1434,2111,3545,0,1,85,3534
"DeltaAI - HPE Cray EX254n, NVIDIA Grace 72C 3.1GHz, NVIDIA GH200 Superchip, Slingshot-11, SLES 15 SP5,",1/6/2025,89,HPE,124032,18.08,33.61,372.4,0.048549946,0.537935138,1,1434,2111,3545,0,1,85,3534
"Guru - ThinkSystem SD650 V2, Xeon Platinum 8368Q 38C 2.6GHz, Infiniband HDR,",1/11/2025,101,Lenovo,306432,18,25.5,3296,0.005461165,0.705882353,0,1434,2111,3545,0,1,85,3534
"Guru - ThinkSystem SD650 V2, Xeon Platinum 8368Q 38C 2.6GHz, Infiniband HDR,",1/6/2025,90,Lenovo,306432,18,25.5,3296,0.005461165,0.705882353,0,1434,2111,3545,0,1,85,3534
"Guru - ThinkSystem SD650 V2, Xeon Platinum 8368Q 38C 2.6GHz, Infiniband HDR,",1/11/2024,73,Lenovo,306432,18,25.5,3296,0.005461165,0.705882353,0,1434,2111,3545,0,1,85,3534
"Guru - ThinkSystem SD650 V2, Xeon Platinum 8368Q 38C 2.6GHz, Infiniband HDR,",1/6/2024,58,Lenovo,306432,18,25.5,3296,0.005461165,0.705882353,0,1434,2111,3545,0,1,85,3534
"Guru - ThinkSystem SD650 V2, Xeon Platinum 8368Q 38C 2.6GHz, Infiniband HDR,",1/11/2023,46,Lenovo,306432,18,25.5,3296,0.005461165,0.705882353,0,1434,2111,3545,0,1,85,3534
"Guru - ThinkSystem SD650 V2, Xeon Platinum 8368Q 38C 2.6GHz, Infiniband HDR,",1/6/2023,37,Lenovo,306432,18,25.5,3296,0.005461165,0.705882353,0,1434,2111,3545,0,1,85,3534
"Guru - ThinkSystem SD650 V2, Xeon Platinum 8368Q 38C 2.6GHz, Infiniband HDR,",1/11/2022,35,Lenovo,306432,18,25.5,3296,0.005461165,0.705882353,0,1434,2111,3545,0,1,85,3534
"Guru - ThinkSystem SD650 V2, Xeon Platinum 8368Q 38C 2.6GHz, Infiniband HDR,",1/6/2022,31,Lenovo,306432,18,25.5,3296,0.005461165,0.705882353,0,1434,2111,3545,0,1,85,3534
"Guru - ThinkSystem SD650 V2, Xeon Platinum 8368Q 38C 2.6GHz, Infiniband HDR,",1/11/2021,27,Lenovo,306432,18,25.5,3296,0.005461165,0.705882353,0,1434,2111,3545,0,1,85,3534
"Guru - ThinkSystem SD650 V2, Xeon Platinum 8368Q 38C 2.6GHz, Infiniband HDR,",1/6/2021,24,Lenovo,306432,16.75,25.5,15414,0.001086674,0.656862745,0,1434,2111,3545,0,1,85,3534
"Maru - ThinkSystem SD650 V2, Xeon Platinum 8368Q 38C 2.6GHz, Infiniband HDR,",1/11/2025,102,Lenovo,306432,18,25.5,3296,0.005461165,0.705882353,0,1434,2111,3545,0,1,85,3534
"Maru - ThinkSystem SD650 V2, Xeon Platinum 8368Q 38C 2.6GHz, Infiniband HDR,",1/6/2025,91,Lenovo,306432,18,25.5,3296,0.005461165,0.705882353,0,1434,2111,3545,0,1,85,3534
"Maru - ThinkSystem SD650 V2, Xeon Platinum 8368Q 38C 2.6GHz, Infiniband HDR,",1/11/2024,74,Lenovo,306432,18,25.5,3296,0.005461165,0.705882353,0,1434,2111,3545,0,1,85,3534
"Maru - ThinkSystem SD650 V2, Xeon Platinum 8368Q 38C 2.6GHz, Infiniband HDR,",1/6/2024,59,Lenovo,306432,18,25.5,3296,0.005461165,0.705882353,0,1434,2111,3545,0,1,85,3534
"Maru - ThinkSystem SD650 V2, Xeon Platinum 8368Q 38C 2.6GHz, Infiniband HDR,",1/11/2023,47,Lenovo,306432,18,25.5,3296,0.005461165,0.705882353,0,1434,2111,3545,0,1,85,3534
"Maru - ThinkSystem SD650 V2, Xeon Platinum 8368Q 38C 2.6GHz, Infiniband HDR,",1/6/2023,38,Lenovo,306432,18,25.5,3296,0.005461165,0.705882353,0,1434,2111,3545,0,1,85,3534
"Maru - ThinkSystem SD650 V2, Xeon Platinum 8368Q 38C 2.6GHz, Infiniband HDR,",1/11/2022,36,Lenovo,306432,18,25.5,3296,0.005461165,0.705882353,0,1434,2111,3545,0,1,85,3534
"Maru - ThinkSystem SD650 V2, Xeon Platinum 8368Q 38C 2.6GHz, Infiniband HDR,",1/6/2022,32,Lenovo,306432,18,25.5,3296,0.005461165,0.705882353,0,1434,2111,3545,0,1,85,3534
"Maru - ThinkSystem SD650 V2, Xeon Platinum 8368Q 38C 2.6GHz, Infiniband HDR,",1/11/2021,28,Lenovo,306432,18,25.5,3296,0.005461165,0.705882353,0,1434,2111,3545,0,1,85,3534
"AI-Farabium - Supermicro SYS-821GE-TNHR, Xeon Platinum 8558 48C 2.1GHz, NVIDIA H200 SXM5 141 GB, ConnectX-7 400G Infiniband NDR, Ubuntu 22.04.4 LTS,",1/11/2025,103,Supermicro,57600,17.93,26.84,2294.598255,0,0.668032787,1,1434,2111,3545,0,1,85,3534
"PANGEA III - IBM Power System AC922, IBM POWER9 18C 3.45GHz, Dual-rail Mellanox EDR Infiniband, NVIDIA Volta GV100,",1/11/2025,104,IBM,291024,17.86,25.03,1367,0.013065106,0.713543748,1,1434,2111,3545,0,1,85,3534
"PANGEA III - IBM Power System AC922, IBM POWER9 18C 3.45GHz, Dual-rail Mellanox EDR Infiniband, NVIDIA Volta GV100,",1/6/2025,92,IBM,291024,17.86,25.03,1367,0.013065106,0.713543748,1,1434,2111,3545,0,1,85,3534
"PANGEA III - IBM Power System AC922, IBM POWER9 18C 3.45GHz, Dual-rail Mellanox EDR Infiniband, NVIDIA Volta GV100,",1/11/2024,75,IBM,291024,17.86,25.03,1367,0.013065106,0.713543748,1,1434,2111,3545,0,1,85,3534
"PANGEA III - IBM Power System AC922, IBM POWER9 18C 3.45GHz, Dual-rail Mellanox EDR Infiniband, NVIDIA Volta GV100,",1/6/2024,60,IBM,291024,17.86,25.03,1367,0.013065106,0.713543748,1,1434,2111,3545,0,1,85,3534
"PANGEA III - IBM Power System AC922, IBM POWER9 18C 3.45GHz, Dual-rail Mellanox EDR Infiniband, NVIDIA Volta GV100,",1/11/2023,48,IBM,291024,17.86,25.03,1367,0.013065106,0.713543748,1,1434,2111,3545,0,1,85,3534
"PANGEA III - IBM Power System AC922, IBM POWER9 18C 3.45GHz, Dual-rail Mellanox EDR Infiniband, NVIDIA Volta GV100,",1/6/2023,39,IBM,291024,17.86,25.03,1367,0.013065106,0.713543748,1,1434,2111,3545,0,1,85,3534
"PANGEA III - IBM Power System AC922, IBM POWER9 18C 3.45GHz, Dual-rail Mellanox EDR Infiniband, NVIDIA Volta GV100,",1/11/2022,37,IBM,291024,17.86,25.03,1367,0.013065106,0.713543748,1,1434,2111,3545,0,1,85,3534
"PANGEA III - IBM Power System AC922, IBM POWER9 18C 3.45GHz, Dual-rail Mellanox EDR Infiniband, NVIDIA Volta GV100,",1/6/2022,33,IBM,291024,17.86,25.03,1367,0.013065106,0.713543748,1,1434,2111,3545,0,1,85,3534
"PANGEA III - IBM Power System AC922, IBM POWER9 18C 3.45GHz, Dual-rail Mellanox EDR Infiniband, NVIDIA Volta GV100,",1/11/2021,29,IBM,291024,17.86,25.03,1367,0.013065106,0.713543748,1,1434,2111,3545,0,1,85,3534
"PANGEA III - IBM Power System AC922, IBM POWER9 18C 3.45GHz, Dual-rail Mellanox EDR Infiniband, NVIDIA Volta GV100,",1/6/2021,21,IBM,291024,17.86,25.03,1367,0.013065106,0.713543748,1,1434,2111,3545,0,1,85,3534
"PANGEA III - IBM Power System AC922, IBM POWER9 18C 3.45GHz, Dual-rail Mellanox EDR Infiniband, NVIDIA Volta GV100,",1/11/2020,18,IBM,291024,17.86,25.03,1367,0.013065106,0.713543748,1,1434,2111,3545,0,1,85,3534
"PANGEA III - IBM Power System AC922, IBM POWER9 18C 3.45GHz, Dual-rail Mellanox EDR Infiniband, NVIDIA Volta GV100,",1/6/2020,15,IBM,291024,17.86,25.03,1367,0.013065106,0.713543748,1,1434,2111,3545,0,1,85,3534
"PANGEA III - IBM Power System AC922, IBM POWER9 18C 3.45GHz, Dual-rail Mellanox EDR Infiniband, NVIDIA Volta GV100,",1/11/2019,11,IBM,291024,17.86,25.03,1367,0.013065106,0.713543748,1,1434,2111,3545,0,1,85,3534
"PANGEA III - IBM Power System AC922, IBM POWER9 18C 3.45GHz, Dual-rail Mellanox EDR Infiniband, NVIDIA Volta GV100,",1/6/2019,11,IBM,291024,17.86,25.03,1367,0.013065106,0.713543748,1,1434,2111,3545,0,1,85,3534
"OpenCanvas GPUaaS SP1 - NVIDIA DGX B200, Xeon Platinum 8570 56C 2.1GHz, NVIDIA B200 SXM 180GB, Infiniband NDR400, Ubuntu 20.04.2 LTS,",1/11/2025,105,Nvidia,81648,17.53,19.24,2294.598255,0,0.911122661,1,1434,2111,3545,0,1,85,3534
"HiPerGator AI - NVIDIA DGX B200, Xeon Platinum 8570 56C 2.1GHz, NVIDIA DGX B200, Infiniband NDR400, RHEL 9.5,",1/11/2025,106,Nvidia,81648,17.49,19,2294.598255,0,0.920526316,1,1434,2111,3545,0,1,85,3534
"HiPerGator AI - NVIDIA DGX B200, Xeon Platinum 8570 56C 2.1GHz, NVIDIA DGX B200, Infiniband NDR400, RHEL 9.5,",1/6/2025,94,Nvidia,138880,17.2,21.31,582.63,0.029521309,0.807132802,1,1434,2111,3545,0,1,85,3534
"HiPerGator AI - NVIDIA DGX B200, Xeon Platinum 8570 56C 2.1GHz, NVIDIA DGX B200, Infiniband NDR400, RHEL 9.5,",1/11/2024,77,Nvidia,138880,17.2,21.31,582.63,0.029521309,0.807132802,1,1434,2111,3545,0,1,85,3534
"HiPerGator AI - NVIDIA DGX B200, Xeon Platinum 8570 56C 2.1GHz, NVIDIA DGX B200, Infiniband NDR400, RHEL 9.5,",1/6/2024,62,Nvidia,138880,17.2,21.31,582.63,0.029521309,0.807132802,1,1434,2111,3545,0,1,85,3534
"HiPerGator AI - NVIDIA DGX B200, Xeon Platinum 8570 56C 2.1GHz, NVIDIA DGX B200, Infiniband NDR400, RHEL 9.5,",1/11/2023,50,Nvidia,138880,17.2,21.31,582.63,0.029521309,0.807132802,1,1434,2111,3545,0,1,85,3534
"HiPerGator AI - NVIDIA DGX B200, Xeon Platinum 8570 56C 2.1GHz, NVIDIA DGX B200, Infiniband NDR400, RHEL 9.5,",1/6/2023,40,Nvidia,138880,17.2,21.31,582.63,0.029521309,0.807132802,1,1434,2111,3545,0,1,85,3534
"HiPerGator AI - NVIDIA DGX B200, Xeon Platinum 8570 56C 2.1GHz, NVIDIA DGX B200, Infiniband NDR400, RHEL 9.5,",1/11/2022,38,Nvidia,138880,17.2,21.31,582.63,0.029521309,0.807132802,1,1434,2111,3545,0,1,85,3534
"HiPerGator AI - NVIDIA DGX B200, Xeon Platinum 8570 56C 2.1GHz, NVIDIA DGX B200, Infiniband NDR400, RHEL 9.5,",1/6/2022,34,Nvidia,138880,17.2,21.31,582.63,0.029521309,0.807132802,1,1434,2111,3545,0,1,85,3534
"HiPerGator AI - NVIDIA DGX B200, Xeon Platinum 8570 56C 2.1GHz, NVIDIA DGX B200, Infiniband NDR400, RHEL 9.5,",1/11/2021,30,Nvidia,138880,17.2,21.31,582.63,0.029521309,0.807132802,1,1434,2111,3545,0,1,85,3534
"HiPerGator AI - NVIDIA DGX B200, Xeon Platinum 8570 56C 2.1GHz, NVIDIA DGX B200, Infiniband NDR400, RHEL 9.5,",1/6/2021,22,Nvidia,138880,17.2,21.31,582.63,0.029521309,0.807132802,1,1434,2111,3545,0,1,85,3534
"AOBA-S - SX-Aurora TSUBASA C401-8, Vector Engine Type 30A 16C 1.6GHz, Infiniband NDR200,",1/11/2025,107,NEC,64512,17.22,19.82,1388.81,0.012399104,0.868819374,0,1434,2111,3545,0,1,85,3534
"AOBA-S - SX-Aurora TSUBASA C401-8, Vector Engine Type 30A 16C 1.6GHz, Infiniband NDR200,",1/6/2025,93,NEC,64512,17.22,19.82,1388.81,0.012399104,0.868819374,0,1434,2111,3545,0,1,85,3534
"AOBA-S - SX-Aurora TSUBASA C401-8, Vector Engine Type 30A 16C 1.6GHz, Infiniband NDR200,",1/11/2024,76,NEC,64512,17.22,19.82,1388.81,0.012399104,0.868819374,0,1434,2111,3545,0,1,85,3534
"AOBA-S - SX-Aurora TSUBASA C401-8, Vector Engine Type 30A 16C 1.6GHz, Infiniband NDR200,",1/6/2024,61,NEC,64512,17.22,19.82,1388.81,0.012399104,0.868819374,0,1434,2111,3545,0,1,85,3534
"AOBA-S - SX-Aurora TSUBASA C401-8, Vector Engine Type 30A 16C 1.6GHz, Infiniband NDR200,",1/11/2023,49,NEC,64512,17.22,19.82,1388.81,0.012399104,0.868819374,0,1434,2111,3545,0,1,85,3534
"SuperMUC-NG Phase 2 - ThinkSystem SD650-I V3, Xeon Platinum 8480L 56C 2GHz, Intel Data Center GPU Max, Infiniband HDR,",1/11/2025,108,Lenovo,149760,17.19,27.96,725.9,0.023680948,0.614806867,1,1434,2111,3545,0,1,85,3534
"SuperMUC-NG Phase 2 - ThinkSystem SD650-I V3, Xeon Platinum 8480L 56C 2GHz, Intel Data Center GPU Max, Infiniband HDR,",1/6/2025,95,Lenovo,149760,17.19,27.96,725.9,0.023680948,0.614806867,1,1434,2111,3545,0,1,85,3534
"SuperMUC-NG Phase 2 - ThinkSystem SD650-I V3, Xeon Platinum 8480L 56C 2GHz, Intel Data Center GPU Max, Infiniband HDR,",1/11/2024,78,Lenovo,149760,17.19,27.96,725.9,0.023680948,0.614806867,1,1434,2111,3545,0,1,85,3534
"SuperMUC-NG Phase 2 - ThinkSystem SD650-I V3, Xeon Platinum 8480L 56C 2GHz, Intel Data Center GPU Max, Infiniband HDR,",1/6/2024,63,Lenovo,149760,17.19,27.96,725.9,0.023680948,0.614806867,1,1434,2111,3545,0,1,85,3534
"SuperMUC-NG Phase 2 - ThinkSystem SD650-I V3, Xeon Platinum 8480L 56C 2GHz, Intel Data Center GPU Max, Infiniband HDR,",1/11/2023,51,Lenovo,149760,17.19,27.96,725.9,0.023680948,0.614806867,1,1434,2111,3545,0,1,85,3534
"TOKI-SORA - PRIMEHPC FX1000, A64FX 48C 2.2GHz, Tofu interconnect D,",1/11/2025,109,Fujitsu,276480,16.59,19.46,2294.598255,0,0.852517986,0,1434,2111,3545,0,1,85,3534
"TOKI-SORA - PRIMEHPC FX1000, A64FX 48C 2.2GHz, Tofu interconnect D,",1/6/2025,96,Fujitsu,276480,16.59,19.46,2294.598255,0,0.852517986,0,1434,2111,3545,0,1,85,3534
"TOKI-SORA - PRIMEHPC FX1000, A64FX 48C 2.2GHz, Tofu interconnect D,",1/11/2024,80,Fujitsu,276480,16.59,19.46,2294.598255,0,0.852517986,0,1434,2111,3545,0,1,85,3534
"TOKI-SORA - PRIMEHPC FX1000, A64FX 48C 2.2GHz, Tofu interconnect D,",1/6/2024,64,Fujitsu,276480,16.59,19.46,2294.598255,0,0.852517986,0,1434,2111,3545,0,1,85,3534
"TOKI-SORA - PRIMEHPC FX1000, A64FX 48C 2.2GHz, Tofu interconnect D,",1/11/2023,52,Fujitsu,276480,16.59,19.46,2294.598255,0,0.852517986,0,1434,2111,3545,0,1,85,3534
"TOKI-SORA - PRIMEHPC FX1000, A64FX 48C 2.2GHz, Tofu interconnect D,",1/6/2023,41,Fujitsu,276480,16.59,19.46,2294.598255,0,0.852517986,0,1434,2111,3545,0,1,85,3534
"TOKI-SORA - PRIMEHPC FX1000, A64FX 48C 2.2GHz, Tofu interconnect D,",1/11/2022,39,Fujitsu,276480,16.59,19.46,2294.598255,0,0.852517986,0,1434,2111,3545,0,1,85,3534
"TOKI-SORA - PRIMEHPC FX1000, A64FX 48C 2.2GHz, Tofu interconnect D,",1/6/2022,35,Fujitsu,276480,16.59,19.46,2294.598255,0,0.852517986,0,1434,2111,3545,0,1,85,3534
"TOKI-SORA - PRIMEHPC FX1000, A64FX 48C 2.2GHz, Tofu interconnect D,",1/11/2021,31,Fujitsu,276480,16.59,19.46,2294.598255,0,0.852517986,0,1434,2111,3545,0,1,85,3534
"TOKI-SORA - PRIMEHPC FX1000, A64FX 48C 2.2GHz, Tofu interconnect D,",1/6/2021,25,Fujitsu,276480,16.59,19.46,2294.598255,0,0.852517986,0,1434,2111,3545,0,1,85,3534
"TOKI-SORA - PRIMEHPC FX1000, A64FX 48C 2.2GHz, Tofu interconnect D,",1/11/2020,19,Fujitsu,276480,16.59,19.46,2294.598255,0,0.852517986,0,1434,2111,3545,0,1,85,3534
"Pioneer-WUS2 - NDv4 cluster, AMD EPYC 7V12 48C 2.45GHz, NVIDIA A100, Infiniband HDR,",1/11/2025,110,Microsoft Azure,157440,16.59,24.56,2294.598255,0,0.675488599,1,1434,2111,3545,0,1,85,3534
"Pioneer-WUS2 - NDv4 cluster, AMD EPYC 7V12 48C 2.45GHz, NVIDIA A100, Infiniband HDR,",1/6/2025,97,Microsoft Azure,157440,16.59,24.56,2294.598255,0,0.675488599,1,1434,2111,3545,0,1,85,3534
"Pioneer-WUS2 - NDv4 cluster, AMD EPYC 7V12 48C 2.45GHz, NVIDIA A100, Infiniband HDR,",1/11/2024,81,Microsoft Azure,157440,16.59,24.56,2294.598255,0,0.675488599,1,1434,2111,3545,0,1,85,3534
"Pioneer-WUS2 - NDv4 cluster, AMD EPYC 7V12 48C 2.45GHz, NVIDIA A100, Infiniband HDR,",1/6/2024,65,Microsoft Azure,157440,16.59,24.56,2294.598255,0,0.675488599,1,1434,2111,3545,0,1,85,3534
"Pioneer-WUS2 - NDv4 cluster, AMD EPYC 7V12 48C 2.45GHz, NVIDIA A100, Infiniband HDR,",1/11/2023,54,Microsoft Azure,157440,16.59,24.56,2294.598255,0,0.675488599,1,1434,2111,3545,0,1,85,3534
"Pioneer-WUS2 - NDv4 cluster, AMD EPYC 7V12 48C 2.45GHz, NVIDIA A100, Infiniband HDR,",1/6/2023,43,Microsoft Azure,157440,16.59,24.56,2294.598255,0,0.675488599,1,1434,2111,3545,0,1,85,3534
"Pioneer-WUS2 - NDv4 cluster, AMD EPYC 7V12 48C 2.45GHz, NVIDIA A100, Infiniband HDR,",1/11/2022,41,Microsoft Azure,157440,16.59,24.56,2294.598255,0,0.675488599,1,1434,2111,3545,0,1,85,3534
"Pioneer-WUS2 - NDv4 cluster, AMD EPYC 7V12 48C 2.45GHz, NVIDIA A100, Infiniband HDR,",1/6/2022,39,Microsoft Azure,157440,16.59,24.56,2294.598255,0,0.675488599,1,1434,2111,3545,0,1,85,3534
"Pioneer-WUS2 - NDv4 cluster, AMD EPYC 7V12 48C 2.45GHz, NVIDIA A100, Infiniband HDR,",1/11/2021,35,Microsoft Azure,157440,16.59,24.56,2294.598255,0,0.675488599,1,1434,2111,3545,0,1,85,3534
"Pioneer-WUS2 - NDv4 cluster, AMD EPYC 7V12 48C 2.45GHz, NVIDIA A100, Infiniband HDR,",1/6/2021,29,Microsoft Azure,157440,16.59,24.56,2294.598255,0,0.675488599,1,1434,2111,3545,0,1,85,3534
"Pioneer-WEU - NDv4 cluster, AMD EPYC 7V12 48C 2.45GHz, NVIDIA A100, Infiniband HDR,",1/11/2025,111,Microsoft Azure,157440,16.59,24.56,2294.598255,0,0.675488599,1,1434,2111,3545,0,1,85,3534
"Pioneer-WEU - NDv4 cluster, AMD EPYC 7V12 48C 2.45GHz, NVIDIA A100, Infiniband HDR,",1/6/2025,98,Microsoft Azure,157440,16.59,24.56,2294.598255,0,0.675488599,1,1434,2111,3545,0,1,85,3534
"Pioneer-WEU - NDv4 cluster, AMD EPYC 7V12 48C 2.45GHz, NVIDIA A100, Infiniband HDR,",1/11/2024,82,Microsoft Azure,157440,16.59,24.56,2294.598255,0,0.675488599,1,1434,2111,3545,0,1,85,3534
"Pioneer-WEU - NDv4 cluster, AMD EPYC 7V12 48C 2.45GHz, NVIDIA A100, Infiniband HDR,",1/6/2024,66,Microsoft Azure,157440,16.59,24.56,2294.598255,0,0.675488599,1,1434,2111,3545,0,1,85,3534
"Pioneer-WEU - NDv4 cluster, AMD EPYC 7V12 48C 2.45GHz, NVIDIA A100, Infiniband HDR,",1/11/2023,53,Microsoft Azure,157440,16.59,24.56,2294.598255,0,0.675488599,1,1434,2111,3545,0,1,85,3534
"Pioneer-WEU - NDv4 cluster, AMD EPYC 7V12 48C 2.45GHz, NVIDIA A100, Infiniband HDR,",1/6/2023,42,Microsoft Azure,157440,16.59,24.56,2294.598255,0,0.675488599,1,1434,2111,3545,0,1,85,3534
"Pioneer-WEU - NDv4 cluster, AMD EPYC 7V12 48C 2.45GHz, NVIDIA A100, Infiniband HDR,",1/11/2022,40,Microsoft Azure,157440,16.59,24.56,2294.598255,0,0.675488599,1,1434,2111,3545,0,1,85,3534
"Pioneer-WEU - NDv4 cluster, AMD EPYC 7V12 48C 2.45GHz, NVIDIA A100, Infiniband HDR,",1/6/2022,38,Microsoft Azure,157440,16.59,24.56,2294.598255,0,0.675488599,1,1434,2111,3545,0,1,85,3534
"Pioneer-WEU - NDv4 cluster, AMD EPYC 7V12 48C 2.45GHz, NVIDIA A100, Infiniband HDR,",1/11/2021,34,Microsoft Azure,157440,16.59,24.56,2294.598255,0,0.675488599,1,1434,2111,3545,0,1,85,3534
"Pioneer-WEU - NDv4 cluster, AMD EPYC 7V12 48C 2.45GHz, NVIDIA A100, Infiniband HDR,",1/6/2021,28,Microsoft Azure,157440,16.59,24.56,2294.598255,0,0.675488599,1,1434,2111,3545,0,1,85,3534
"Pioneer-EUS - NDv4 cluster, AMD EPYC 7V12 48C 2.45GHz, NVIDIA A100, Infiniband HDR,",1/11/2025,112,Microsoft Azure,157440,16.59,24.56,2294.598255,0,0.675488599,1,1434,2111,3545,0,1,85,3534
"Pioneer-EUS - NDv4 cluster, AMD EPYC 7V12 48C 2.45GHz, NVIDIA A100, Infiniband HDR,",1/6/2025,99,Microsoft Azure,157440,16.59,24.56,2294.598255,0,0.675488599,1,1434,2111,3545,0,1,85,3534
"Pioneer-EUS - NDv4 cluster, AMD EPYC 7V12 48C 2.45GHz, NVIDIA A100, Infiniband HDR,",1/11/2024,83,Microsoft Azure,157440,16.59,24.56,2294.598255,0,0.675488599,1,1434,2111,3545,0,1,85,3534
"Pioneer-EUS - NDv4 cluster, AMD EPYC 7V12 48C 2.45GHz, NVIDIA A100, Infiniband HDR,",1/6/2024,67,Microsoft Azure,157440,16.59,24.56,2294.598255,0,0.675488599,1,1434,2111,3545,0,1,85,3534
"Pioneer-EUS - NDv4 cluster, AMD EPYC 7V12 48C 2.45GHz, NVIDIA A100, Infiniband HDR,",1/11/2023,55,Microsoft Azure,157440,16.59,24.56,2294.598255,0,0.675488599,1,1434,2111,3545,0,1,85,3534
"Pioneer-EUS - NDv4 cluster, AMD EPYC 7V12 48C 2.45GHz, NVIDIA A100, Infiniband HDR,",1/6/2023,44,Microsoft Azure,157440,16.59,24.56,2294.598255,0,0.675488599,1,1434,2111,3545,0,1,85,3534
"Pioneer-EUS - NDv4 cluster, AMD EPYC 7V12 48C 2.45GHz, NVIDIA A100, Infiniband HDR,",1/11/2022,42,Microsoft Azure,157440,16.59,24.56,2294.598255,0,0.675488599,1,1434,2111,3545,0,1,85,3534
"Pioneer-EUS - NDv4 cluster, AMD EPYC 7V12 48C 2.45GHz, NVIDIA A100, Infiniband HDR,",1/6/2022,36,Microsoft Azure,157440,16.59,24.56,2294.598255,0,0.675488599,1,1434,2111,3545,0,1,85,3534
"Pioneer-EUS - NDv4 cluster, AMD EPYC 7V12 48C 2.45GHz, NVIDIA A100, Infiniband HDR,",1/11/2021,32,Microsoft Azure,157440,16.59,24.56,2294.598255,0,0.675488599,1,1434,2111,3545,0,1,85,3534
"Pioneer-EUS - NDv4 cluster, AMD EPYC 7V12 48C 2.45GHz, NVIDIA A100, Infiniband HDR,",1/6/2021,26,Microsoft Azure,157440,16.59,24.56,2294.598255,0,0.675488599,1,1434,2111,3545,0,1,85,3534
"Pioneer-SCUS - NDv4 cluster, AMD EPYC 7V12 48C 2.45GHz, NVIDIA A100, Infiniband HDR,",1/11/2025,113,Microsoft Azure,157440,16.59,24.56,2294.598255,0,0.675488599,1,1434,2111,3545,0,1,85,3534
"Pioneer-SCUS - NDv4 cluster, AMD EPYC 7V12 48C 2.45GHz, NVIDIA A100, Infiniband HDR,",1/6/2025,100,Microsoft Azure,157440,16.59,24.56,2294.598255,0,0.675488599,1,1434,2111,3545,0,1,85,3534
"Pioneer-SCUS - NDv4 cluster, AMD EPYC 7V12 48C 2.45GHz, NVIDIA A100, Infiniband HDR,",1/11/2024,84,Microsoft Azure,157440,16.59,24.56,2294.598255,0,0.675488599,1,1434,2111,3545,0,1,85,3534
"Pioneer-SCUS - NDv4 cluster, AMD EPYC 7V12 48C 2.45GHz, NVIDIA A100, Infiniband HDR,",1/6/2024,68,Microsoft Azure,157440,16.59,24.56,2294.598255,0,0.675488599,1,1434,2111,3545,0,1,85,3534
"Pioneer-SCUS - NDv4 cluster, AMD EPYC 7V12 48C 2.45GHz, NVIDIA A100, Infiniband HDR,",1/11/2023,56,Microsoft Azure,157440,16.59,24.56,2294.598255,0,0.675488599,1,1434,2111,3545,0,1,85,3534
"Pioneer-SCUS - NDv4 cluster, AMD EPYC 7V12 48C 2.45GHz, NVIDIA A100, Infiniband HDR,",1/6/2023,45,Microsoft Azure,157440,16.59,24.56,2294.598255,0,0.675488599,1,1434,2111,3545,0,1,85,3534
"Pioneer-SCUS - NDv4 cluster, AMD EPYC 7V12 48C 2.45GHz, NVIDIA A100, Infiniband HDR,",1/11/2022,43,Microsoft Azure,157440,16.59,24.56,2294.598255,0,0.675488599,1,1434,2111,3545,0,1,85,3534
"Pioneer-SCUS - NDv4 cluster, AMD EPYC 7V12 48C 2.45GHz, NVIDIA A100, Infiniband HDR,",1/6/2022,37,Microsoft Azure,157440,16.59,24.56,2294.598255,0,0.675488599,1,1434,2111,3545,0,1,85,3534
"Pioneer-SCUS - NDv4 cluster, AMD EPYC 7V12 48C 2.45GHz, NVIDIA A100, Infiniband HDR,",1/11/2021,33,Microsoft Azure,157440,16.59,24.56,2294.598255,0,0.675488599,1,1434,2111,3545,0,1,85,3534
"Pioneer-SCUS - NDv4 cluster, AMD EPYC 7V12 48C 2.45GHz, NVIDIA A100, Infiniband HDR,",1/6/2021,27,Microsoft Azure,157440,16.59,24.56,2294.598255,0,0.675488599,1,1434,2111,3545,0,1,85,3534
"Kempner - ThinkSystem SD665-N V3, AMD EPYC 9454 48C 2.75GHz, NVIDIA H100 80GB, Infiniband HDR, Linux,",1/11/2025,114,Lenovo,59904,16.29,20.02,2294.598255,0,0.813686314,1,1434,2111,3545,0,1,85,3534
"Kempner - ThinkSystem SD665-N V3, AMD EPYC 9454 48C 2.75GHz, NVIDIA H100 80GB, Infiniband HDR, Linux,",1/6/2025,101,Lenovo,59904,16.29,20.02,2294.598255,0,0.813686314,1,1434,2111,3545,0,1,85,3534
"Kempner - ThinkSystem SD665-N V3, AMD EPYC 9454 48C 2.75GHz, NVIDIA H100 80GB, Infiniband HDR, Linux,",1/11/2024,85,Lenovo,59904,16.29,20.02,2294.598255,0,0.813686314,1,1434,2111,3545,0,1,85,3534
"Galushkin - YANDEX Y4N-GA1-TY25-ZB0, AMD EPYC 7702 64C 2GHz, NVIDIA A100 80GB, Infiniband,",1/11/2025,115,"YANDEX, NVIDIA",134912,16.02,20.64,2294.598255,0,0.776162791,1,1434,2111,3545,0,1,85,3534
"Galushkin - YANDEX Y4N-GA1-TY25-ZB0, AMD EPYC 7702 64C 2GHz, NVIDIA A100 80GB, Infiniband,",1/6/2025,102,"YANDEX, NVIDIA",134912,16.02,20.64,2294.598255,0,0.776162791,1,1434,2111,3545,0,1,85,3534
"Galushkin - YANDEX Y4N-GA1-TY25-ZB0, AMD EPYC 7702 64C 2GHz, NVIDIA A100 80GB, Infiniband,",1/11/2024,86,"YANDEX, NVIDIA",134912,16.02,20.64,2294.598255,0,0.776162791,1,1434,2111,3545,0,1,85,3534
"Galushkin - YANDEX Y4N-GA1-TY25-ZB0, AMD EPYC 7702 64C 2GHz, NVIDIA A100 80GB, Infiniband,",1/6/2024,69,"YANDEX, NVIDIA",134912,16.02,20.64,2294.598255,0,0.776162791,1,1434,2111,3545,0,1,85,3534
"Galushkin - YANDEX Y4N-GA1-TY25-ZB0, AMD EPYC 7702 64C 2GHz, NVIDIA A100 80GB, Infiniband,",1/11/2023,57,"YANDEX, NVIDIA",134912,16.02,20.64,2294.598255,0,0.776162791,1,1434,2111,3545,0,1,85,3534
"Galushkin - YANDEX Y4N-GA1-TY25-ZB0, AMD EPYC 7702 64C 2GHz, NVIDIA A100 80GB, Infiniband,",1/6/2023,46,"YANDEX, NVIDIA",134912,16.02,20.64,2294.598255,0,0.776162791,1,1434,2111,3545,0,1,85,3534
"Galushkin - YANDEX Y4N-GA1-TY25-ZB0, AMD EPYC 7702 64C 2GHz, NVIDIA A100 80GB, Infiniband,",1/11/2022,44,"YANDEX, NVIDIA",134912,16.02,20.64,2294.598255,0,0.776162791,1,1434,2111,3545,0,1,85,3534
"Galushkin - YANDEX Y4N-GA1-TY25-ZB0, AMD EPYC 7702 64C 2GHz, NVIDIA A100 80GB, Infiniband,",1/6/2022,40,"YANDEX, NVIDIA",134912,16.02,20.64,2294.598255,0,0.776162791,1,1434,2111,3545,0,1,85,3534
"Galushkin - YANDEX Y4N-GA1-TY25-ZB0, AMD EPYC 7702 64C 2GHz, NVIDIA A100 80GB, Infiniband,",1/11/2021,36,"YANDEX, NVIDIA",134912,16.02,20.64,2294.598255,0,0.776162791,1,1434,2111,3545,0,1,85,3534
"Athena - HPE Cray EX, AMD EPYC 9745 128C 2.4GHz, Slingshot-11, Tri-Lab Operating System ,",1/11/2025,116,HPE,262144,15.98,20.13,1291.19,0.01237618,0.79384004,0,1434,2111,3545,0,1,85,3534
"kakaocloud - SP7-2608WG Cluster, Xeon Platinum 8358 32C 2.6GHz, NVIDIA A100 80GB, Infiniband HDR200, Ubuntu 22.04.3 LTS,",1/11/2025,117,eSlim Korea,115072,15.94,17.82,2294.598255,0,0.894500561,1,1434,2111,3545,0,1,85,3534
"kakaocloud - SP7-2608WG Cluster, Xeon Platinum 8358 32C 2.6GHz, NVIDIA A100 80GB, Infiniband HDR200, Ubuntu 22.04.3 LTS,",1/6/2025,103,eSlim Korea,115072,15.94,17.82,2294.598255,0,0.894500561,1,1434,2111,3545,0,1,85,3534
"kakaocloud - SP7-2608WG Cluster, Xeon Platinum 8358 32C 2.6GHz, NVIDIA A100 80GB, Infiniband HDR200, Ubuntu 22.04.3 LTS,",1/11/2024,87,eSlim Korea,115072,15.94,17.82,2294.598255,0,0.894500561,1,1434,2111,3545,0,1,85,3534
"kakaocloud - SP7-2608WG Cluster, Xeon Platinum 8358 32C 2.6GHz, NVIDIA A100 80GB, Infiniband HDR200, Ubuntu 22.04.3 LTS,",1/6/2024,70,eSlim Korea,115072,15.94,17.82,2294.598255,0,0.894500561,1,1434,2111,3545,0,1,85,3534
"Plasma Simulator Subsystem B - NEC LX 401Bax-3GA, AMD 4th Gen EPYC 24C 1.8GHz, AMD Instinct MI300A, Infiniband NDR200, Red Hat Enterprise Linux,",1/11/2025,118,NEC,70560,15.93,17.16,269,0.059219331,0.928321678,1,1434,2111,3545,0,1,85,3534
"PITAGORA CPU - ThinkSystem SD665-N V3, AMD EPYC 9745 128C 2.4GHz, Infiniband NDR200, Linux,",1/11/2025,119,Lenovo,258048,15.27,19.82,2294.598255,0,0.770433905,0,1434,2111,3545,0,1,85,3534
"PITAGORA CPU - ThinkSystem SD665-N V3, AMD EPYC 9745 128C 2.4GHz, Infiniband NDR200, Linux,",1/6/2025,104,Lenovo,258048,15.27,19.82,2294.598255,0,0.770433905,0,1434,2111,3545,0,1,85,3534
"Hopper NUS - PowerEdge XE9680, Xeon Platinum 8480+ 56C 2GHz, NVIDIA H100/H200, Infiniband NDR400, RedHat 9.4,",1/11/2025,120,DELL,34592,15.05,24.99,2294.598255,0,0.602240896,1,1434,2111,3545,0,1,85,3534
"Hopper NUS - PowerEdge XE9680, Xeon Platinum 8480+ 56C 2GHz, NVIDIA H100/H200, Infiniband NDR400, RedHat 9.4,",1/6/2025,105,DELL,34592,15.05,24.99,2294.598255,0,0.602240896,1,1434,2111,3545,0,1,85,3534
"Virga - PowerEdge XE9640, Xeon Platinum 8452Y 36C 2GHz, Nvidia H100 94Gb SXM5, Infiniband NDR,",1/11/2025,121,DELL,60000,14.94,18.46,2294.598255,0,0.809317443,1,1434,2111,3545,0,1,85,3534
"Virga - PowerEdge XE9640, Xeon Platinum 8452Y 36C 2GHz, Nvidia H100 94Gb SXM5, Infiniband NDR,",1/6/2025,106,DELL,60000,14.94,18.46,2294.598255,0,0.809317443,1,1434,2111,3545,0,1,85,3534
"Virga - PowerEdge XE9640, Xeon Platinum 8452Y 36C 2GHz, Nvidia H100 94Gb SXM5, Infiniband NDR,",1/11/2024,88,DELL,60000,14.94,18.46,2294.598255,0,0.809317443,1,1434,2111,3545,0,1,85,3534
"Virga - PowerEdge XE9640, Xeon Platinum 8452Y 36C 2GHz, Nvidia H100 94Gb SXM5, Infiniband NDR,",1/6/2024,72,DELL,60000,14.94,18.46,2294.598255,0,0.809317443,1,1434,2111,3545,0,1,85,3534
"Santos Dumont - BullSequana XH3000, Grace Hopper Superchip 72C 3GHz, NVIDIA GH200 Superchip, Quad-Rail NVIDIA InfiniBand NDR200, Red Hat Enterprise Linux,",1/11/2025,122,EVIDEN,68064,14.29,20.26,312.03,0.045796879,0.705330701,1,1434,2111,3545,0,1,85,3534
"Santos Dumont - BullSequana XH3000, Grace Hopper Superchip 72C 3GHz, NVIDIA GH200 Superchip, Quad-Rail NVIDIA InfiniBand NDR200, Red Hat Enterprise Linux,",1/6/2025,107,EVIDEN,68064,14.29,20.26,312.03,0.045796879,0.705330701,1,1434,2111,3545,0,1,85,3534
"Santos Dumont - BullSequana XH3000, Grace Hopper Superchip 72C 3GHz, NVIDIA GH200 Superchip, Quad-Rail NVIDIA InfiniBand NDR200, Red Hat Enterprise Linux,",1/11/2024,89,EVIDEN,68064,14.29,20.26,312.03,0.045796879,0.705330701,1,1434,2111,3545,0,1,85,3534
"davinci-2 - HPE Cray XD670, Intel Xeon Platinum 8568Y+ 48C 2.3GHz, NVIDIA H200 SXM5 141 GB, Infiniband NDR400, Linux,",1/11/2025,123,HPE,43776,14.21,20.64,2294.598255,0,0.688468992,1,1434,2111,3545,0,1,85,3534
"ASPIRE 2A+ - NVIDIA DGX H100, Xeon Platinum 8480C 56C 2GHz, NVIDIA H100 SXM5 80GB, Infiniband NDR, Ubuntu 22.04,",1/11/2025,124,Nvidia,46720,14.2,21.73,2294.598255,0,0.653474459,1,1434,2111,3545,0,1,85,3534
"ASPIRE 2A+ - NVIDIA DGX H100, Xeon Platinum 8480C 56C 2GHz, NVIDIA H100 SXM5 80GB, Infiniband NDR, Ubuntu 22.04,",1/6/2025,108,Nvidia,46720,14.2,21.73,2294.598255,0,0.653474459,1,1434,2111,3545,0,1,85,3534
"ASPIRE 2A+ - NVIDIA DGX H100, Xeon Platinum 8480C 56C 2GHz, NVIDIA H100 SXM5 80GB, Infiniband NDR, Ubuntu 22.04,",1/11/2024,90,Nvidia,46720,14.2,21.73,2294.598255,0,0.653474459,1,1434,2111,3545,0,1,85,3534
"PERUN (Slovak Academy of Sciences (SAV)) - BullSequana XH3000, GH Superchip 72C 3GHz, NVIDIA GH200 Superchip, Quad-Rail NVIDIA InfiniBand NDR200, RedHat Enterprise Linux,",1/11/2025,125,EVIDEN,62016,14.04,18,2294.598255,0,0.78,1,1434,2111,3545,0,1,85,3534
"Nurion - Cray CS500, Intel Xeon Phi 7250 68C 1.4GHz, Intel Omni-Path,",1/11/2025,126,Cray/HPE,570020,13.93,25.71,2294.598255,0,0.541812524,0,1434,2111,3545,0,1,85,3534
"Nurion - Cray CS500, Intel Xeon Phi 7250 68C 1.4GHz, Intel Omni-Path,",1/6/2025,109,Cray/HPE,570020,13.93,25.71,2294.598255,0,0.541812524,0,1434,2111,3545,0,1,85,3534
"Nurion - Cray CS500, Intel Xeon Phi 7250 68C 1.4GHz, Intel Omni-Path,",1/11/2024,91,Cray/HPE,570020,13.93,25.71,2294.598255,0,0.541812524,0,1434,2111,3545,0,1,85,3534
"Nurion - Cray CS500, Intel Xeon Phi 7250 68C 1.4GHz, Intel Omni-Path,",1/6/2024,75,Cray/HPE,570020,13.93,25.71,2294.598255,0,0.541812524,0,1434,2111,3545,0,1,85,3534
"Nurion - Cray CS500, Intel Xeon Phi 7250 68C 1.4GHz, Intel Omni-Path,",1/11/2023,60,Cray/HPE,570020,13.93,25.71,2294.598255,0,0.541812524,0,1434,2111,3545,0,1,85,3534
"Nurion - Cray CS500, Intel Xeon Phi 7250 68C 1.4GHz, Intel Omni-Path,",1/6/2023,49,Cray/HPE,570020,13.93,25.71,2294.598255,0,0.541812524,0,1434,2111,3545,0,1,85,3534
"Nurion - Cray CS500, Intel Xeon Phi 7250 68C 1.4GHz, Intel Omni-Path,",1/11/2022,46,Cray/HPE,570020,13.93,25.71,2294.598255,0,0.541812524,0,1434,2111,3545,0,1,85,3534
"Nurion - Cray CS500, Intel Xeon Phi 7250 68C 1.4GHz, Intel Omni-Path,",1/6/2022,42,Cray/HPE,570020,13.93,25.71,2294.598255,0,0.541812524,0,1434,2111,3545,0,1,85,3534
"Nurion - Cray CS500, Intel Xeon Phi 7250 68C 1.4GHz, Intel Omni-Path,",1/11/2021,38,Cray/HPE,570020,13.93,25.71,2294.598255,0,0.541812524,0,1434,2111,3545,0,1,85,3534
"Nurion - Cray CS500, Intel Xeon Phi 7250 68C 1.4GHz, Intel Omni-Path,",1/6/2021,31,Cray/HPE,570020,13.93,25.71,2294.598255,0,0.541812524,0,1434,2111,3545,0,1,85,3534
"Nurion - Cray CS500, Intel Xeon Phi 7250 68C 1.4GHz, Intel Omni-Path,",1/11/2020,21,Cray/HPE,570020,13.93,25.71,2294.598255,0,0.541812524,0,1434,2111,3545,0,1,85,3534
"Nurion - Cray CS500, Intel Xeon Phi 7250 68C 1.4GHz, Intel Omni-Path,",1/6/2020,17,Cray/HPE,570020,13.93,25.71,2294.598255,0,0.541812524,0,1434,2111,3545,0,1,85,3534
"Nurion - Cray CS500, Intel Xeon Phi 7250 68C 1.4GHz, Intel Omni-Path,",1/11/2019,14,Cray/HPE,570020,13.93,25.71,2294.598255,0,0.541812524,0,1434,2111,3545,0,1,85,3534
"Nurion - Cray CS500, Intel Xeon Phi 7250 68C 1.4GHz, Intel Omni-Path,",1/6/2019,15,Cray/HPE,570020,13.93,25.71,2294.598255,0,0.541812524,0,1434,2111,3545,0,1,85,3534
"Nurion - Cray CS500, Intel Xeon Phi 7250 68C 1.4GHz, Intel Omni-Path,",1/11/2018,13,Cray/HPE,570020,13.93,25.71,2294.598255,0,0.541812524,0,1434,2111,3545,0,1,85,3534
"Nurion - Cray CS500, Intel Xeon Phi 7250 68C 1.4GHz, Intel Omni-Path,",1/6/2018,11,Cray/HPE,570020,13.93,25.71,2294.598255,0,0.541812524,0,1434,2111,3545,0,1,85,3534
"THE CRUST 2.5 - HPE Cray XD665, AMD EPYC 9354 32C 3.25GHz, Nvidia H100 SXM5 94Gb, Infiniband NDR400, RHEL 8.9,",1/11/2025,127,HPE,47360,13.85,21.68,2294.598255,0,0.638837638,1,1434,2111,3545,0,1,85,3534
"THE CRUST 2.5 - HPE Cray XD665, AMD EPYC 9354 32C 3.25GHz, Nvidia H100 SXM5 94Gb, Infiniband NDR400, RHEL 8.9,",1/6/2025,110,HPE,47360,13.85,21.68,2294.598255,0,0.638837638,1,1434,2111,3545,0,1,85,3534
"THE CRUST 2.5 - HPE Cray XD665, AMD EPYC 9354 32C 3.25GHz, Nvidia H100 SXM5 94Gb, Infiniband NDR400, RHEL 8.9,",1/11/2024,92,HPE,47360,13.85,21.68,2294.598255,0,0.638837638,1,1434,2111,3545,0,1,85,3534
"Proxima - HPE Cray XD220v/HPE Cray XD665, EPYC 9334 32C 3Ghz/Xeon Platinum 8480+ 56C 2GHz, Infiniband NDR200,",1/11/2025,128,"HPE, GALAXY",58224,13.82,23.32,2294.598255,0,0.592624357,0,1434,2111,3545,0,1,85,3534
"Proxima - HPE Cray XD220v/HPE Cray XD665, EPYC 9334 32C 3Ghz/Xeon Platinum 8480+ 56C 2GHz, Infiniband NDR200,",1/6/2025,111,"HPE, GALAXY",58224,13.82,23.32,2294.598255,0,0.592624357,0,1434,2111,3545,0,1,85,3534
"Proxima - HPE Cray XD220v/HPE Cray XD665, EPYC 9334 32C 3Ghz/Xeon Platinum 8480+ 56C 2GHz, Infiniband NDR200,",1/11/2024,93,"HPE, GALAXY",58224,13.82,23.32,2294.598255,0,0.592624357,0,1434,2111,3545,0,1,85,3534
"Proxima - HPE Cray XD220v/HPE Cray XD665, EPYC 9334 32C 3Ghz/Xeon Platinum 8480+ 56C 2GHz, Infiniband NDR200,",1/6/2024,76,"HPE, GALAXY",58224,13.82,23.32,2294.598255,0,0.592624357,0,1434,2111,3545,0,1,85,3534
"Snellius Phase 3 GPU - ThinkSystem SD665-N V3, AMD EPYC 9334 32C 2.7GHz, Nvidia H100 SXM5 94Gb, Infiniband HDR200, RHEL 9.2,",1/11/2025,129,Lenovo,52096,13.64,21.66,295.67,0.046132513,0.629732225,1,1434,2111,3545,0,1,85,3534
"Snellius Phase 3 GPU - ThinkSystem SD665-N V3, AMD EPYC 9334 32C 2.7GHz, Nvidia H100 SXM5 94Gb, Infiniband HDR200, RHEL 9.2,",1/6/2025,112,Lenovo,52096,13.64,21.66,295.67,0.046132513,0.629732225,1,1434,2111,3545,0,1,85,3534
"Snellius Phase 3 GPU - ThinkSystem SD665-N V3, AMD EPYC 9334 32C 2.7GHz, Nvidia H100 SXM5 94Gb, Infiniband HDR200, RHEL 9.2,",1/11/2024,94,Lenovo,52096,13.64,21.66,295.67,0.046132513,0.629732225,1,1434,2111,3545,0,1,85,3534
"SX-Aurora TSUBASA C401-8, Vector Engine Type 30A 1.6Ghz (16C), Infiniband NDR200, VEOS,",1/11/2025,130,NEC,54400,13.58,16.43,1692.1,0.00802553,0.826536823,0,1434,2111,3545,0,1,85,3534
"SX-Aurora TSUBASA C401-8, Vector Engine Type 30A 1.6Ghz (16C), Infiniband NDR200, VEOS,",1/6/2025,113,NEC,54400,13.58,16.43,1692.1,0.00802553,0.826536823,0,1434,2111,3545,0,1,85,3534
"TX-GAIN - HP DL385 Cluster, AMD EPYC 9254 24C 3.9GHz, NVIDIA H100, 100G Ethernet, Ubuntu,",1/11/2025,131,HPE,99216,13.39,41.82,2294.598255,0,0.320181731,1,1434,2111,3545,0,1,85,3534
"TX-GAIN - HP DL385 Cluster, AMD EPYC 9254 24C 3.9GHz, NVIDIA H100, 100G Ethernet, Ubuntu,",1/6/2025,114,HPE,99216,13.39,41.82,2294.598255,0,0.320181731,1,1434,2111,3545,0,1,85,3534
"PRIMEHPC FX1000, A64FX 48C 2.2GHz, Tofu interconnect D,",1/11/2025,132,Fujitsu,221184,13.37,15.57,904.72,0.014778053,0.858702633,0,1434,2111,3545,0,1,85,3534
"PRIMEHPC FX1000, A64FX 48C 2.2GHz, Tofu interconnect D,",1/6/2025,115,Fujitsu,221184,13.37,15.57,904.72,0.014778053,0.858702633,0,1434,2111,3545,0,1,85,3534
"PRIMEHPC FX1000, A64FX 48C 2.2GHz, Tofu interconnect D,",1/11/2024,95,Fujitsu,221184,13.37,15.57,904.72,0.014778053,0.858702633,0,1434,2111,3545,0,1,85,3534
"PRIMEHPC FX1000, A64FX 48C 2.2GHz, Tofu interconnect D,",1/6/2024,77,Fujitsu,221184,13.37,15.57,904.72,0.014778053,0.858702633,0,1434,2111,3545,0,1,85,3534
"PRIMEHPC FX1000, A64FX 48C 2.2GHz, Tofu interconnect D,",1/11/2023,61,Fujitsu,221184,13.37,15.57,904.72,0.014778053,0.858702633,0,1434,2111,3545,0,1,85,3534
"PRIMEHPC FX1000, A64FX 48C 2.2GHz, Tofu interconnect D,",1/6/2023,50,Fujitsu,221184,13.37,15.57,904.72,0.014778053,0.858702633,0,1434,2111,3545,0,1,85,3534
"PRIMEHPC FX1000, A64FX 48C 2.2GHz, Tofu interconnect D,",1/11/2025,133,Fujitsu,221184,13.37,15.57,904.72,0.014778053,0.858702633,0,1434,2111,3545,0,1,85,3534
"PRIMEHPC FX1000, A64FX 48C 2.2GHz, Tofu interconnect D,",1/6/2025,116,Fujitsu,221184,13.37,15.57,904.72,0.014778053,0.858702633,0,1434,2111,3545,0,1,85,3534
"PRIMEHPC FX1000, A64FX 48C 2.2GHz, Tofu interconnect D,",1/11/2024,96,Fujitsu,221184,13.37,15.57,904.72,0.014778053,0.858702633,0,1434,2111,3545,0,1,85,3534
"PRIMEHPC FX1000, A64FX 48C 2.2GHz, Tofu interconnect D,",1/6/2024,78,Fujitsu,221184,13.37,15.57,904.72,0.014778053,0.858702633,0,1434,2111,3545,0,1,85,3534
"PRIMEHPC FX1000, A64FX 48C 2.2GHz, Tofu interconnect D,",1/11/2023,62,Fujitsu,221184,13.37,15.57,904.72,0.014778053,0.858702633,0,1434,2111,3545,0,1,85,3534
"PRIMEHPC FX1000, A64FX 48C 2.2GHz, Tofu interconnect D,",1/6/2023,51,Fujitsu,221184,13.37,15.57,904.72,0.014778053,0.858702633,0,1434,2111,3545,0,1,85,3534
"Olivia (GPU) - HPE Cray EX254n, NVIDIA Grace 72C 3.1GHz, NVIDIA GH200 Superchip, Slingshot-11, HPE Cray OS,",1/11/2025,134,HPE,62016,13.2,16.8,219,0.060273973,0.785714286,1,1434,2111,3545,0,1,85,3534
"Olivia (GPU) - HPE Cray EX254n, NVIDIA Grace 72C 3.1GHz, NVIDIA GH200 Superchip, Slingshot-11, HPE Cray OS,",1/6/2025,117,HPE,62016,13.2,16.8,219,0.060273973,0.785714286,1,1434,2111,3545,0,1,85,3534
"Nano 5 - NVIDIA DGX H100, Xeon Platinum 8480+ 56C 2GHz, NVIDIA H100 SXM5 80GB, Infiniband NDR400, RHEL,",1/11/2025,135,ASUSTeK / ASUS Cloud / Taiwan Web Service Corporation,40880,13.06,19.01,424.6,0.030758361,0.687006839,1,1434,2111,3545,0,1,85,3534
"Nano 5 - NVIDIA DGX H100, Xeon Platinum 8480+ 56C 2GHz, NVIDIA H100 SXM5 80GB, Infiniband NDR400, RHEL,",1/6/2025,118,ASUSTeK / ASUS Cloud / Taiwan Web Service Corporation,40880,13.06,19.01,424.6,0.030758361,0.687006839,1,1434,2111,3545,0,1,85,3534
"SAKURAONE CYB - SuperServer B200, Intel Xeon 6960P 72C 2.7GHz, NVIDIA B200 SXM 180GB, Gigabit Ethernet, Rocky Linux 9.6,",1/11/2025,136,Supermicro,63744,13.05,14.81,2294.598255,0,0.881161377,1,1434,2111,3545,0,1,85,3534
"Moira - Lenovo ThinkSystem SC750, Intel Xeon 6980P 128C 2GHz, Infiniband NDR, RHEL 9.4,",1/11/2025,137,Lenovo,232960,12.91,14.91,2294.598255,0,0.865861838,0,1434,2111,3545,0,1,85,3534
"Conrad - Lenovo ThinkSystem SC750, Intel Xeon 6980P 128C 2GHz, Infiniband NDR, RHEL 9.4,",1/11/2025,138,Lenovo,232960,12.91,14.91,2294.598255,0,0.865861838,0,1434,2111,3545,0,1,85,3534
"NHN CLOUD GWANGJU AI - PowerEdge XE9680, Xeon Platinum 8468 48C 2.1GHz, NVIDIA H100 80GB, Infiniband NDR, Ubuntu 22.04.3 LTS,",1/11/2025,139,DELL,43776,12.84,20.58,2294.598255,0,0.623906706,1,1434,2111,3545,0,1,85,3534
"NHN CLOUD GWANGJU AI - PowerEdge XE9680, Xeon Platinum 8468 48C 2.1GHz, NVIDIA H100 80GB, Infiniband NDR, Ubuntu 22.04.3 LTS,",1/6/2025,119,DELL,43776,12.84,20.58,2294.598255,0,0.623906706,1,1434,2111,3545,0,1,85,3534
"NHN CLOUD GWANGJU AI - PowerEdge XE9680, Xeon Platinum 8468 48C 2.1GHz, NVIDIA H100 80GB, Infiniband NDR, Ubuntu 22.04.3 LTS,",1/11/2024,97,DELL,43776,12.84,20.58,2294.598255,0,0.623906706,1,1434,2111,3545,0,1,85,3534
"Lyapunov - Inspur NF5488A5, AMD EPYC 7662 64C 2GHz, NVIDIA A100 40GB, Infiniband,",1/11/2025,140,"NVIDIA, Inspur",130944,12.81,20.03,2294.598255,0,0.639540689,1,1434,2111,3545,0,1,85,3534
"Lyapunov - Inspur NF5488A5, AMD EPYC 7662 64C 2GHz, NVIDIA A100 40GB, Infiniband,",1/6/2025,120,"NVIDIA, Inspur",130944,12.81,20.03,2294.598255,0,0.639540689,1,1434,2111,3545,0,1,85,3534
"Lyapunov - Inspur NF5488A5, AMD EPYC 7662 64C 2GHz, NVIDIA A100 40GB, Infiniband,",1/11/2024,98,"NVIDIA, Inspur",130944,12.81,20.03,2294.598255,0,0.639540689,1,1434,2111,3545,0,1,85,3534
"Lyapunov - Inspur NF5488A5, AMD EPYC 7662 64C 2GHz, NVIDIA A100 40GB, Infiniband,",1/6/2024,79,"NVIDIA, Inspur",130944,12.81,20.03,2294.598255,0,0.639540689,1,1434,2111,3545,0,1,85,3534
"Lyapunov - Inspur NF5488A5, AMD EPYC 7662 64C 2GHz, NVIDIA A100 40GB, Infiniband,",1/11/2023,63,"NVIDIA, Inspur",130944,12.81,20.03,2294.598255,0,0.639540689,1,1434,2111,3545,0,1,85,3534
"Lyapunov - Inspur NF5488A5, AMD EPYC 7662 64C 2GHz, NVIDIA A100 40GB, Infiniband,",1/6/2023,52,"NVIDIA, Inspur",130944,12.81,20.03,2294.598255,0,0.639540689,1,1434,2111,3545,0,1,85,3534
"Lyapunov - Inspur NF5488A5, AMD EPYC 7662 64C 2GHz, NVIDIA A100 40GB, Infiniband,",1/11/2022,47,"NVIDIA, Inspur",130944,12.81,20.03,2294.598255,0,0.639540689,1,1434,2111,3545,0,1,85,3534
"Lyapunov - Inspur NF5488A5, AMD EPYC 7662 64C 2GHz, NVIDIA A100 40GB, Infiniband,",1/6/2022,43,"NVIDIA, Inspur",130944,12.81,20.03,2294.598255,0,0.639540689,1,1434,2111,3545,0,1,85,3534
"Lyapunov - Inspur NF5488A5, AMD EPYC 7662 64C 2GHz, NVIDIA A100 40GB, Infiniband,",1/11/2021,40,"NVIDIA, Inspur",130944,12.81,20.03,2294.598255,0,0.639540689,1,1434,2111,3545,0,1,85,3534
"Lem - PowerEdge XE9640, Intel Xeon Platinum 8462Y+ 32C 2.8GHz, Nvidia H100 94Gb SXM5, Infiniband NDR200,",1/11/2025,141,DELL,44992,12.8,20.37,2294.598255,0,0.628375061,1,1434,2111,3545,0,1,85,3534
"Lem - PowerEdge XE9640, Intel Xeon Platinum 8462Y+ 32C 2.8GHz, Nvidia H100 94Gb SXM5, Infiniband NDR200,",1/6/2025,121,DELL,44992,12.8,20.37,2294.598255,0,0.628375061,1,1434,2111,3545,0,1,85,3534
"Lem - PowerEdge XE9640, Intel Xeon Platinum 8462Y+ 32C 2.8GHz, Nvidia H100 94Gb SXM5, Infiniband NDR200,",1/11/2024,99,DELL,44992,12.8,20.37,2294.598255,0,0.628375061,1,1434,2111,3545,0,1,85,3534
"Lem - PowerEdge XE9640, Intel Xeon Platinum 8462Y+ 32C 2.8GHz, Nvidia H100 94Gb SXM5, Infiniband NDR200,",1/6/2024,80,DELL,44992,12.8,20.37,2294.598255,0,0.628375061,1,1434,2111,3545,0,1,85,3534
"Trillium - ThinkSystem SD665 V3, AMD EPYC 9655 96C 2.6GHz, Infiniband NDR, Rocky Linux 9.4,",1/11/2025,142,Lenovo,230400,12.55,19.17,2294.598255,0,0.654668753,0,1434,2111,3545,0,1,85,3534
"Kuma - ThinkSystem SR675 V3, AMD EPYC 9334 32C 2.7GHz, NVIDIA H100, ConnectX-7 Infiniband, RHEL 9,",1/11/2025,143,Lenovo,49728,12.31,21.66,291.92,0.042169087,0.568328717,1,1434,2111,3545,0,1,85,3534
"Kuma - ThinkSystem SR675 V3, AMD EPYC 9334 32C 2.7GHz, NVIDIA H100, ConnectX-7 Infiniband, RHEL 9,",1/6/2025,124,Lenovo,26240,11.95,21.66,274.36,0.043555912,0.551708218,1,1434,2111,3545,0,1,85,3534
"Kuma - ThinkSystem SR675 V3, AMD EPYC 9334 32C 2.7GHz, NVIDIA H100, ConnectX-7 Infiniband, RHEL 9,",1/11/2024,102,Lenovo,26240,11.95,21.66,274.36,0.043555912,0.551708218,1,1434,2111,3545,0,1,85,3534
"HPC4 - Proliant DL380 Gen10, Xeon Platinum 8160 24C 2.1GHz, Mellanox InfiniBand EDR, NVIDIA Tesla P100,",1/11/2025,144,HPE,253600,12.21,18.62,1320,0.00925,0.655746509,1,1434,2111,3545,0,1,85,3534
"HPC4 - Proliant DL380 Gen10, Xeon Platinum 8160 24C 2.1GHz, Mellanox InfiniBand EDR, NVIDIA Tesla P100,",1/6/2025,122,HPE,253600,12.21,18.62,1320,0.00925,0.655746509,1,1434,2111,3545,0,1,85,3534
"HPC4 - Proliant DL380 Gen10, Xeon Platinum 8160 24C 2.1GHz, Mellanox InfiniBand EDR, NVIDIA Tesla P100,",1/11/2024,100,HPE,253600,12.21,18.62,1320,0.00925,0.655746509,1,1434,2111,3545,0,1,85,3534
"HPC4 - Proliant DL380 Gen10, Xeon Platinum 8160 24C 2.1GHz, Mellanox InfiniBand EDR, NVIDIA Tesla P100,",1/6/2024,81,HPE,253600,12.21,18.62,1320,0.00925,0.655746509,1,1434,2111,3545,0,1,85,3534
"HPC4 - Proliant DL380 Gen10, Xeon Platinum 8160 24C 2.1GHz, Mellanox InfiniBand EDR, NVIDIA Tesla P100,",1/11/2023,64,HPE,253600,12.21,18.62,1320,0.00925,0.655746509,1,1434,2111,3545,0,1,85,3534
"HPC4 - Proliant DL380 Gen10, Xeon Platinum 8160 24C 2.1GHz, Mellanox InfiniBand EDR, NVIDIA Tesla P100,",1/6/2023,53,HPE,253600,12.21,18.62,1320,0.00925,0.655746509,1,1434,2111,3545,0,1,85,3534
"HPC4 - Proliant DL380 Gen10, Xeon Platinum 8160 24C 2.1GHz, Mellanox InfiniBand EDR, NVIDIA Tesla P100,",1/11/2022,48,HPE,253600,12.21,18.62,1320,0.00925,0.655746509,1,1434,2111,3545,0,1,85,3534
"HPC4 - Proliant DL380 Gen10, Xeon Platinum 8160 24C 2.1GHz, Mellanox InfiniBand EDR, NVIDIA Tesla P100,",1/6/2022,44,HPE,253600,12.21,18.62,1320,0.00925,0.655746509,1,1434,2111,3545,0,1,85,3534
"HPC4 - Proliant DL380 Gen10, Xeon Platinum 8160 24C 2.1GHz, Mellanox InfiniBand EDR, NVIDIA Tesla P100,",1/11/2021,41,HPE,253600,12.21,18.62,1320,0.00925,0.655746509,1,1434,2111,3545,0,1,85,3534
"HPC4 - Proliant DL380 Gen10, Xeon Platinum 8160 24C 2.1GHz, Mellanox InfiniBand EDR, NVIDIA Tesla P100,",1/6/2021,33,HPE,253600,12.21,18.62,1320,0.00925,0.655746509,1,1434,2111,3545,0,1,85,3534
"HPC4 - Proliant DL380 Gen10, Xeon Platinum 8160 24C 2.1GHz, Mellanox InfiniBand EDR, NVIDIA Tesla P100,",1/11/2020,23,HPE,253600,12.21,18.62,1320,0.00925,0.655746509,1,1434,2111,3545,0,1,85,3534
"HPC4 - Proliant DL380 Gen10, Xeon Platinum 8160 24C 2.1GHz, Mellanox InfiniBand EDR, NVIDIA Tesla P100,",1/6/2020,19,HPE,253600,12.21,18.62,1320,0.00925,0.655746509,1,1434,2111,3545,0,1,85,3534
"HPC4 - Proliant DL380 Gen10, Xeon Platinum 8160 24C 2.1GHz, Mellanox InfiniBand EDR, NVIDIA Tesla P100,",1/11/2019,16,HPE,253600,12.21,18.62,1320,0.00925,0.655746509,1,1434,2111,3545,0,1,85,3534
"HPC4 - Proliant DL380 Gen10, Xeon Platinum 8160 24C 2.1GHz, Mellanox InfiniBand EDR, NVIDIA Tesla P100,",1/6/2019,17,HPE,253600,12.21,18.62,1320,0.00925,0.655746509,1,1434,2111,3545,0,1,85,3534
"HPC4 - Proliant DL380 Gen10, Xeon Platinum 8160 24C 2.1GHz, Mellanox InfiniBand EDR, NVIDIA Tesla P100,",1/11/2018,15,HPE,253600,12.21,18.62,1320,0.00925,0.655746509,1,1434,2111,3545,0,1,85,3534
"HPC4 - Proliant DL380 Gen10, Xeon Platinum 8160 24C 2.1GHz, Mellanox InfiniBand EDR, NVIDIA Tesla P100,",1/6/2018,13,HPE,253600,12.21,18.62,1320,0.00925,0.655746509,1,1434,2111,3545,0,1,85,3534
"ARF ACC - ThinkSystem SD650-N V3, Xeon Gold 6548Y+ 32C 2.5GHz, NVIDIA H100/H200, Infiniband NDR200, Rocky Linux 9.4,",1/11/2025,145,Lenovo,26496,12.09,18.82,238.87,0.050613304,0.6424017,1,1434,2111,3545,0,1,85,3534
"ARF ACC - ThinkSystem SD650-N V3, Xeon Gold 6548Y+ 32C 2.5GHz, NVIDIA H100/H200, Infiniband NDR200, Rocky Linux 9.4,",1/6/2025,266,Lenovo,14208,4.36,6.55,83.03,0.052511141,0.665648855,1,1434,2111,3545,0,1,85,3534
"ARF ACC - ThinkSystem SD650-N V3, Xeon Gold 6548Y+ 32C 2.5GHz, NVIDIA H100/H200, Infiniband NDR200, Rocky Linux 9.4,",1/11/2024,227,Lenovo,14208,4.36,6.55,83.03,0.052511141,0.665648855,1,1434,2111,3545,0,1,85,3534
"Tera-1000-2 - Bull Sequana X1000, Intel Xeon Phi 7250 68C 1.4GHz, Bull BXI 1.2,",1/11/2025,146,EVIDEN,561408,11.97,23.4,3178,0.00376652,0.511538462,0,1434,2111,3545,0,1,85,3534
"Tera-1000-2 - Bull Sequana X1000, Intel Xeon Phi 7250 68C 1.4GHz, Bull BXI 1.2,",1/6/2025,123,EVIDEN,561408,11.97,23.4,3178,0.00376652,0.511538462,0,1434,2111,3545,0,1,85,3534
"Tera-1000-2 - Bull Sequana X1000, Intel Xeon Phi 7250 68C 1.4GHz, Bull BXI 1.2,",1/11/2024,101,EVIDEN,561408,11.97,23.4,3178,0.00376652,0.511538462,0,1434,2111,3545,0,1,85,3534
"Tera-1000-2 - Bull Sequana X1000, Intel Xeon Phi 7250 68C 1.4GHz, Bull BXI 1.2,",1/6/2024,82,EVIDEN,561408,11.97,23.4,3178,0.00376652,0.511538462,0,1434,2111,3545,0,1,85,3534
"Tera-1000-2 - Bull Sequana X1000, Intel Xeon Phi 7250 68C 1.4GHz, Bull BXI 1.2,",1/11/2023,65,EVIDEN,561408,11.97,23.4,3178,0.00376652,0.511538462,0,1434,2111,3545,0,1,85,3534
"Tera-1000-2 - Bull Sequana X1000, Intel Xeon Phi 7250 68C 1.4GHz, Bull BXI 1.2,",1/6/2023,54,EVIDEN,561408,11.97,23.4,3178,0.00376652,0.511538462,0,1434,2111,3545,0,1,85,3534
"Tera-1000-2 - Bull Sequana X1000, Intel Xeon Phi 7250 68C 1.4GHz, Bull BXI 1.2,",1/11/2022,49,EVIDEN,561408,11.97,23.4,3178,0.00376652,0.511538462,0,1434,2111,3545,0,1,85,3534
"Tera-1000-2 - Bull Sequana X1000, Intel Xeon Phi 7250 68C 1.4GHz, Bull BXI 1.2,",1/6/2022,45,EVIDEN,561408,11.97,23.4,3178,0.00376652,0.511538462,0,1434,2111,3545,0,1,85,3534
"Tera-1000-2 - Bull Sequana X1000, Intel Xeon Phi 7250 68C 1.4GHz, Bull BXI 1.2,",1/11/2021,42,EVIDEN,561408,11.97,23.4,3178,0.00376652,0.511538462,0,1434,2111,3545,0,1,85,3534
"Tera-1000-2 - Bull Sequana X1000, Intel Xeon Phi 7250 68C 1.4GHz, Bull BXI 1.2,",1/6/2021,34,EVIDEN,561408,11.97,23.4,3178,0.00376652,0.511538462,0,1434,2111,3545,0,1,85,3534
"Tera-1000-2 - Bull Sequana X1000, Intel Xeon Phi 7250 68C 1.4GHz, Bull BXI 1.2,",1/11/2020,24,EVIDEN,561408,11.97,23.4,3178,0.00376652,0.511538462,0,1434,2111,3545,0,1,85,3534
"Tera-1000-2 - Bull Sequana X1000, Intel Xeon Phi 7250 68C 1.4GHz, Bull BXI 1.2,",1/6/2020,20,EVIDEN,561408,11.97,23.4,3178,0.00376652,0.511538462,0,1434,2111,3545,0,1,85,3534
"Tera-1000-2 - Bull Sequana X1000, Intel Xeon Phi 7250 68C 1.4GHz, Bull BXI 1.2,",1/11/2019,17,EVIDEN,561408,11.97,23.4,3178,0.00376652,0.511538462,0,1434,2111,3545,0,1,85,3534
"Tera-1000-2 - Bull Sequana X1000, Intel Xeon Phi 7250 68C 1.4GHz, Bull BXI 1.2,",1/6/2019,18,EVIDEN,561408,11.97,23.4,3178,0.00376652,0.511538462,0,1434,2111,3545,0,1,85,3534
"Tera-1000-2 - Bull Sequana X1000, Intel Xeon Phi 7250 68C 1.4GHz, Bull BXI 1.2,",1/11/2018,16,EVIDEN,561408,11.97,23.4,3178,0.00376652,0.511538462,0,1434,2111,3545,0,1,85,3534
"Tera-1000-2 - Bull Sequana X1000, Intel Xeon Phi 7250 68C 1.4GHz, Bull BXI 1.2,",1/6/2018,14,EVIDEN,561408,11.97,23.4,3178,0.00376652,0.511538462,0,1434,2111,3545,0,1,85,3534
"Christofari Neo - NVIDIA DGX A100, AMD EPYC 7742 64C 2.25GHz, NVIDIA A100 80GB, Infiniband,",1/11/2025,147,Nvidia,98208,11.95,14.91,2294.598255,0,0.80147552,1,1434,2111,3545,0,1,85,3534
"Christofari Neo - NVIDIA DGX A100, AMD EPYC 7742 64C 2.25GHz, NVIDIA A100 80GB, Infiniband,",1/6/2025,125,Nvidia,98208,11.95,14.91,2294.598255,0,0.80147552,1,1434,2111,3545,0,1,85,3534
"Christofari Neo - NVIDIA DGX A100, AMD EPYC 7742 64C 2.25GHz, NVIDIA A100 80GB, Infiniband,",1/11/2024,103,Nvidia,98208,11.95,14.91,2294.598255,0,0.80147552,1,1434,2111,3545,0,1,85,3534
"Christofari Neo - NVIDIA DGX A100, AMD EPYC 7742 64C 2.25GHz, NVIDIA A100 80GB, Infiniband,",1/6/2024,83,Nvidia,98208,11.95,14.91,2294.598255,0,0.80147552,1,1434,2111,3545,0,1,85,3534
"Christofari Neo - NVIDIA DGX A100, AMD EPYC 7742 64C 2.25GHz, NVIDIA A100 80GB, Infiniband,",1/11/2023,66,Nvidia,98208,11.95,14.91,2294.598255,0,0.80147552,1,1434,2111,3545,0,1,85,3534
"Christofari Neo - NVIDIA DGX A100, AMD EPYC 7742 64C 2.25GHz, NVIDIA A100 80GB, Infiniband,",1/6/2023,55,Nvidia,98208,11.95,14.91,2294.598255,0,0.80147552,1,1434,2111,3545,0,1,85,3534
"Christofari Neo - NVIDIA DGX A100, AMD EPYC 7742 64C 2.25GHz, NVIDIA A100 80GB, Infiniband,",1/11/2022,50,Nvidia,98208,11.95,14.91,2294.598255,0,0.80147552,1,1434,2111,3545,0,1,85,3534
"Christofari Neo - NVIDIA DGX A100, AMD EPYC 7742 64C 2.25GHz, NVIDIA A100 80GB, Infiniband,",1/6/2022,46,Nvidia,98208,11.95,14.91,2294.598255,0,0.80147552,1,1434,2111,3545,0,1,85,3534
"Christofari Neo - NVIDIA DGX A100, AMD EPYC 7742 64C 2.25GHz, NVIDIA A100 80GB, Infiniband,",1/11/2021,43,Nvidia,98208,11.95,14.91,2294.598255,0,0.80147552,1,1434,2111,3545,0,1,85,3534
"Carpenter - HPE Cray EX, AMD EPYC 9654 96C 2.4GHz, Slingshot-11,",1/11/2025,148,HPE,276480,11.62,12.47,1100,0.010563636,0.931836407,0,1434,2111,3545,0,1,85,3534
"Carpenter - HPE Cray EX, AMD EPYC 9654 96C 2.4GHz, Slingshot-11,",1/6/2025,126,HPE,276480,11.62,12.47,1100,0.010563636,0.931836407,0,1434,2111,3545,0,1,85,3534
"Carpenter - HPE Cray EX, AMD EPYC 9654 96C 2.4GHz, Slingshot-11,",1/11/2024,104,HPE,276480,11.62,12.47,1100,0.010563636,0.931836407,0,1434,2111,3545,0,1,85,3534
"Carpenter - HPE Cray EX, AMD EPYC 9654 96C 2.4GHz, Slingshot-11,",1/6/2024,84,HPE,276480,11.62,12.47,1100,0.010563636,0.931836407,0,1434,2111,3545,0,1,85,3534
"Kestrel CPU - HPE Cray EX, Xeon Platinum 8470Q 52C 2.1GHz, Slingshot-11,",1/11/2025,149,HPE,212992,11.37,14.31,2294.598255,0,0.794549266,0,1434,2111,3545,0,1,85,3534
"Kestrel CPU - HPE Cray EX, Xeon Platinum 8470Q 52C 2.1GHz, Slingshot-11,",1/6/2025,127,HPE,212992,11.37,14.31,2294.598255,0,0.794549266,0,1434,2111,3545,0,1,85,3534
"Kestrel CPU - HPE Cray EX, Xeon Platinum 8470Q 52C 2.1GHz, Slingshot-11,",1/11/2024,105,HPE,212992,11.37,14.31,2294.598255,0,0.794549266,0,1434,2111,3545,0,1,85,3534
"Kestrel CPU - HPE Cray EX, Xeon Platinum 8470Q 52C 2.1GHz, Slingshot-11,",1/6/2024,85,HPE,212992,11.37,14.31,2294.598255,0,0.794549266,0,1434,2111,3545,0,1,85,3534
"Kestrel CPU - HPE Cray EX, Xeon Platinum 8470Q 52C 2.1GHz, Slingshot-11,",1/11/2023,67,HPE,212992,11.37,14.31,2294.598255,0,0.794549266,0,1434,2111,3545,0,1,85,3534
"NeXXt AI Factory - NVIDIA DGX H100 P4387, Xeon Platinum 8480C 56C 3.8GHz, NVIDIA H100 80GB, Infiniband NDR400, Ubuntu 22.04.3 LTS,",1/11/2025,150,Nvidia,36208,11.3,17.02,2294.598255,0,0.663924794,1,1434,2111,3545,0,1,85,3534
"NeXXt AI Factory - NVIDIA DGX H100 P4387, Xeon Platinum 8480C 56C 3.8GHz, NVIDIA H100 80GB, Infiniband NDR400, Ubuntu 22.04.3 LTS,",1/6/2025,128,Nvidia,36208,11.3,17.02,2294.598255,0,0.663924794,1,1434,2111,3545,0,1,85,3534
"NeXXt AI Factory - NVIDIA DGX H100 P4387, Xeon Platinum 8480C 56C 3.8GHz, NVIDIA H100 80GB, Infiniband NDR400, Ubuntu 22.04.3 LTS,",1/11/2024,106,Nvidia,36208,11.3,17.02,2294.598255,0,0.663924794,1,1434,2111,3545,0,1,85,3534
"DeepL Ceres - NVIDIA DGX H100, Xeon Platinum 8480C 56C 2GHz, NVIDIA H100, NVIDIA Infiniband NDR, Ubuntu 22.04.3 LTS,",1/11/2025,151,Nvidia,20480,11.3,16.92,278,0.040647482,0.6678487,1,1434,2111,3545,0,1,85,3534
"DeepL Ceres - NVIDIA DGX H100, Xeon Platinum 8480C 56C 2GHz, NVIDIA H100, NVIDIA Infiniband NDR, Ubuntu 22.04.3 LTS,",1/6/2025,129,Nvidia,20480,11.3,16.92,278,0.040647482,0.6678487,1,1434,2111,3545,0,1,85,3534
"DeepL Ceres - NVIDIA DGX H100, Xeon Platinum 8480C 56C 2GHz, NVIDIA H100, NVIDIA Infiniband NDR, Ubuntu 22.04.3 LTS,",1/11/2024,107,Nvidia,20480,11.3,16.92,278,0.040647482,0.6678487,1,1434,2111,3545,0,1,85,3534
"43 - HPE Cray XD670, Xeon Platinum 8480+ 56C 2GHz, NVIDIA H100 SXM5 80GB, Infiniband NDR, Rocky Linux 8.9,",1/11/2025,152,HPE,39712,11.27,14.86,259.2,0.043479938,0.758411844,1,1434,2111,3545,0,1,85,3534
"43 - HPE Cray XD670, Xeon Platinum 8480+ 56C 2GHz, NVIDIA H100 SXM5 80GB, Infiniband NDR, Rocky Linux 8.9,",1/6/2025,130,HPE,39712,11.27,14.86,259.2,0.043479938,0.758411844,1,1434,2111,3545,0,1,85,3534
"43 - HPE Cray XD670, Xeon Platinum 8480+ 56C 2GHz, NVIDIA H100 SXM5 80GB, Infiniband NDR, Rocky Linux 8.9,",1/11/2024,108,HPE,39712,11.27,14.86,259.2,0.043479938,0.758411844,1,1434,2111,3545,0,1,85,3534
"PRIMEHPC FX1000, A64FX 48C 2.2GHz, Tofu interconnect D,",1/11/2025,153,Fujitsu,184320,11.16,12.98,673.56,0.01656868,0.859784284,0,1434,2111,3545,0,1,85,3534
"PRIMEHPC FX1000, A64FX 48C 2.2GHz, Tofu interconnect D,",1/6/2025,131,Fujitsu,184320,11.16,12.98,673.56,0.01656868,0.859784284,0,1434,2111,3545,0,1,85,3534
"PRIMEHPC FX1000, A64FX 48C 2.2GHz, Tofu interconnect D,",1/11/2024,109,Fujitsu,184320,11.16,12.98,673.56,0.01656868,0.859784284,0,1434,2111,3545,0,1,85,3534
"PRIMEHPC FX1000, A64FX 48C 2.2GHz, Tofu interconnect D,",1/6/2024,86,Fujitsu,184320,11.16,12.98,673.56,0.01656868,0.859784284,0,1434,2111,3545,0,1,85,3534
"PRIMEHPC FX1000, A64FX 48C 2.2GHz, Tofu interconnect D,",1/11/2023,68,Fujitsu,184320,11.16,12.98,673.56,0.01656868,0.859784284,0,1434,2111,3545,0,1,85,3534
"Cycloud ML Platform - PowerEdge XE9680, Xeon Platinum 8480+ 56C 2GHz, NVIDIA H100, 400g Ethernet, Ubuntu 22.04.5 LTS,",1/11/2025,154,Nvidia,37376,10.82,16.97,2294.598255,0,0.637595757,1,1434,2111,3545,0,1,85,3534
"Cycloud ML Platform - PowerEdge XE9680, Xeon Platinum 8480+ 56C 2GHz, NVIDIA H100, 400g Ethernet, Ubuntu 22.04.5 LTS,",1/6/2025,132,Nvidia,37376,10.82,16.97,2294.598255,0,0.637595757,1,1434,2111,3545,0,1,85,3534
"Torch - HPE Cray XD670, Xeon Platinum 8592+ 64C 1.9GHz, NVIDIA H200 SXM5 141 GB, Infiniband NDR400, RHEL 9.4,",1/11/2025,155,HPE,33152,10.79,12.25,210.53,0.051251603,0.880816327,1,1434,2111,3545,0,1,85,3534
"Torch - HPE Cray XD670, Xeon Platinum 8592+ 64C 1.9GHz, NVIDIA H200 SXM5 141 GB, Infiniband NDR400, RHEL 9.4,",1/6/2025,133,HPE,33152,10.79,12.25,210.53,0.051251603,0.880816327,1,1434,2111,3545,0,1,85,3534
"Opera Iceland KEF-1 SuperPOD - NVIDIA DGX H100, Xeon Platinum 8480C 56C 3.8GHz, NVIDIA H100 80GB, Infiniband NDR400,",1/11/2025,156,Nvidia,36208,10.53,17.02,2294.598255,0,0.618683901,1,1434,2111,3545,0,1,85,3534
"Opera Iceland KEF-1 SuperPOD - NVIDIA DGX H100, Xeon Platinum 8480C 56C 3.8GHz, NVIDIA H100 80GB, Infiniband NDR400,",1/6/2025,135,Nvidia,36208,10.53,17.02,2294.598255,0,0.618683901,1,1434,2111,3545,0,1,85,3534
"Opera Iceland KEF-1 SuperPOD - NVIDIA DGX H100, Xeon Platinum 8480C 56C 3.8GHz, NVIDIA H100 80GB, Infiniband NDR400,",1/11/2024,111,Nvidia,36208,10.53,17.02,2294.598255,0,0.618683901,1,1434,2111,3545,0,1,85,3534
"Opera Iceland KEF-1 SuperPOD - NVIDIA DGX H100, Xeon Platinum 8480C 56C 3.8GHz, NVIDIA H100 80GB, Infiniband NDR400,",1/6/2024,88,Nvidia,36208,10.53,17.02,2294.598255,0,0.618683901,1,1434,2111,3545,0,1,85,3534
"MeluXina - Accelerator Module - BullSequana XH2000, AMD EPYC 7452 32C 2.35GHz, NVIDIA A100 40GB, Mellanox HDR InfiniBand/ParTec ParaStation ClusterSuite,",1/11/2025,157,EVIDEN,99200,10.52,15.29,390.25,0.026957079,0.688031393,1,1434,2111,3545,0,1,85,3534
"MeluXina - Accelerator Module - BullSequana XH2000, AMD EPYC 7452 32C 2.35GHz, NVIDIA A100 40GB, Mellanox HDR InfiniBand/ParTec ParaStation ClusterSuite,",1/6/2025,136,EVIDEN,99200,10.52,15.29,390.25,0.026957079,0.688031393,1,1434,2111,3545,0,1,85,3534
"MeluXina - Accelerator Module - BullSequana XH2000, AMD EPYC 7452 32C 2.35GHz, NVIDIA A100 40GB, Mellanox HDR InfiniBand/ParTec ParaStation ClusterSuite,",1/11/2024,112,EVIDEN,99200,10.52,15.29,390.25,0.026957079,0.688031393,1,1434,2111,3545,0,1,85,3534
"MeluXina - Accelerator Module - BullSequana XH2000, AMD EPYC 7452 32C 2.35GHz, NVIDIA A100 40GB, Mellanox HDR InfiniBand/ParTec ParaStation ClusterSuite,",1/6/2024,89,EVIDEN,99200,10.52,15.29,390.25,0.026957079,0.688031393,1,1434,2111,3545,0,1,85,3534
"MeluXina - Accelerator Module - BullSequana XH2000, AMD EPYC 7452 32C 2.35GHz, NVIDIA A100 40GB, Mellanox HDR InfiniBand/ParTec ParaStation ClusterSuite,",1/11/2023,70,EVIDEN,99200,10.52,15.29,390.25,0.026957079,0.688031393,1,1434,2111,3545,0,1,85,3534
"MeluXina - Accelerator Module - BullSequana XH2000, AMD EPYC 7452 32C 2.35GHz, NVIDIA A100 40GB, Mellanox HDR InfiniBand/ParTec ParaStation ClusterSuite,",1/6/2023,57,EVIDEN,99200,10.52,15.29,390.25,0.026957079,0.688031393,1,1434,2111,3545,0,1,85,3534
"MeluXina - Accelerator Module - BullSequana XH2000, AMD EPYC 7452 32C 2.35GHz, NVIDIA A100 40GB, Mellanox HDR InfiniBand/ParTec ParaStation ClusterSuite,",1/11/2022,52,EVIDEN,99200,10.52,15.29,390.25,0.026957079,0.688031393,1,1434,2111,3545,0,1,85,3534
"MeluXina - Accelerator Module - BullSequana XH2000, AMD EPYC 7452 32C 2.35GHz, NVIDIA A100 40GB, Mellanox HDR InfiniBand/ParTec ParaStation ClusterSuite,",1/6/2022,48,EVIDEN,99200,10.52,15.29,390.25,0.026957079,0.688031393,1,1434,2111,3545,0,1,85,3534
"MeluXina - Accelerator Module - BullSequana XH2000, AMD EPYC 7452 32C 2.35GHz, NVIDIA A100 40GB, Mellanox HDR InfiniBand/ParTec ParaStation ClusterSuite,",1/11/2021,45,EVIDEN,99200,10.52,15.29,390.25,0.026957079,0.688031393,1,1434,2111,3545,0,1,85,3534
"MeluXina - Accelerator Module - BullSequana XH2000, AMD EPYC 7452 32C 2.35GHz, NVIDIA A100 40GB, Mellanox HDR InfiniBand/ParTec ParaStation ClusterSuite,",1/6/2021,36,EVIDEN,99200,10.52,15.29,390.25,0.026957079,0.688031393,1,1434,2111,3545,0,1,85,3534
"Honhai Super AI Computing Center 2 - DGX GB200 Compute Tray, NVIDIA Grace 72C 3.1GHz, NVIDIA B200 180 GB, NVLink 5 & NDR 400 InfiniBand, NVIDIA DGX OS 5,",1/11/2025,158,Nvidia,52992,10.46,12.03,2294.598255,0,0.869492934,1,1434,2111,3545,0,1,85,3534
"KT DGX SuperPOD - NVIDIA DGX A100, AMD EPYC 7742 64C 2.25GHz, NVIDIA A100, Infiniband HDR,",1/11/2025,159,Nvidia,98208,10.38,14.42,2294.598255,0,0.719833564,1,1434,2111,3545,0,1,85,3534
"KT DGX SuperPOD - NVIDIA DGX A100, AMD EPYC 7742 64C 2.25GHz, NVIDIA A100, Infiniband HDR,",1/6/2025,137,Nvidia,98208,10.38,14.42,2294.598255,0,0.719833564,1,1434,2111,3545,0,1,85,3534
"KT DGX SuperPOD - NVIDIA DGX A100, AMD EPYC 7742 64C 2.25GHz, NVIDIA A100, Infiniband HDR,",1/11/2024,113,Nvidia,98208,10.38,14.42,2294.598255,0,0.719833564,1,1434,2111,3545,0,1,85,3534
"KT DGX SuperPOD - NVIDIA DGX A100, AMD EPYC 7742 64C 2.25GHz, NVIDIA A100, Infiniband HDR,",1/6/2024,90,Nvidia,98208,10.38,14.42,2294.598255,0,0.719833564,1,1434,2111,3545,0,1,85,3534
"KT DGX SuperPOD - NVIDIA DGX A100, AMD EPYC 7742 64C 2.25GHz, NVIDIA A100, Infiniband HDR,",1/11/2023,71,Nvidia,98208,10.38,14.42,2294.598255,0,0.719833564,1,1434,2111,3545,0,1,85,3534
"KT DGX SuperPOD - NVIDIA DGX A100, AMD EPYC 7742 64C 2.25GHz, NVIDIA A100, Infiniband HDR,",1/6/2023,58,Nvidia,98208,10.38,14.42,2294.598255,0,0.719833564,1,1434,2111,3545,0,1,85,3534
"Derecho CPU partition - HPE Cray EX, AMD EPYC 7763 64C 2.45GHz, Slingshot-11,",1/11/2025,160,HPE,316416,10.32,12.4,2294.598255,0,0.832258065,0,1434,2111,3545,0,1,85,3534
"Derecho CPU partition - HPE Cray EX, AMD EPYC 7763 64C 2.45GHz, Slingshot-11,",1/6/2025,138,HPE,316416,10.32,12.4,2294.598255,0,0.832258065,0,1434,2111,3545,0,1,85,3534
"Derecho CPU partition - HPE Cray EX, AMD EPYC 7763 64C 2.45GHz, Slingshot-11,",1/11/2024,114,HPE,316416,10.32,12.4,2294.598255,0,0.832258065,0,1434,2111,3545,0,1,85,3534
"Derecho CPU partition - HPE Cray EX, AMD EPYC 7763 64C 2.45GHz, Slingshot-11,",1/6/2024,91,HPE,316416,10.32,12.4,2294.598255,0,0.832258065,0,1434,2111,3545,0,1,85,3534
"Derecho CPU partition - HPE Cray EX, AMD EPYC 7763 64C 2.45GHz, Slingshot-11,",1/11/2023,72,HPE,316416,10.32,12.4,2294.598255,0,0.832258065,0,1434,2111,3545,0,1,85,3534
"Derecho CPU partition - HPE Cray EX, AMD EPYC 7763 64C 2.45GHz, Slingshot-11,",1/6/2023,59,HPE,316416,10.32,12.4,2294.598255,0,0.832258065,0,1434,2111,3545,0,1,85,3534
"Blueback CPU - HPE Cray EX, AMD EPYC 9654 96C 2.4GHz, Slingshot-11, HPE Cray OS,",1/11/2025,161,HPE,245760,10.3,11.09,2294.598255,0,0.928764653,0,1434,2111,3545,0,1,85,3534
"Blueback CPU - HPE Cray EX, AMD EPYC 9654 96C 2.4GHz, Slingshot-11, HPE Cray OS,",1/6/2025,139,HPE,245760,10.3,11.09,2294.598255,0,0.928764653,0,1434,2111,3545,0,1,85,3534
"PERUN - HPE ProLiant Compute XD685, AMD EPYC 9535 64C 2.4GHz, NVIDIA H200 SXM5 141 GB, Infiniband NDR400, Rocky Linux 9.5,",1/11/2025,162,HPE,30784,10.21,11.43,199.85,0.051088316,0.893263342,1,1434,2111,3545,0,1,85,3534
"Levante - BullSequana XH2000, AMD EPYC 7763 64C 2.45GHz, InfiniBand HDR100,",1/11/2025,163,EVIDEN,352000,10.11,13.8,2294.598255,0,0.732608696,0,1434,2111,3545,0,1,85,3534
"Levante - BullSequana XH2000, AMD EPYC 7763 64C 2.45GHz, InfiniBand HDR100,",1/6/2025,140,EVIDEN,352000,10.11,13.8,2294.598255,0,0.732608696,0,1434,2111,3545,0,1,85,3534
"Levante - BullSequana XH2000, AMD EPYC 7763 64C 2.45GHz, InfiniBand HDR100,",1/11/2024,115,EVIDEN,352000,10.11,13.8,2294.598255,0,0.732608696,0,1434,2111,3545,0,1,85,3534
"Levante - BullSequana XH2000, AMD EPYC 7763 64C 2.45GHz, InfiniBand HDR100,",1/6/2024,92,EVIDEN,352000,10.11,13.8,2294.598255,0,0.732608696,0,1434,2111,3545,0,1,85,3534
"Levante - BullSequana XH2000, AMD EPYC 7763 64C 2.45GHz, InfiniBand HDR100,",1/11/2023,73,EVIDEN,352000,10.11,13.8,2294.598255,0,0.732608696,0,1434,2111,3545,0,1,85,3534
"Levante - BullSequana XH2000, AMD EPYC 7763 64C 2.45GHz, InfiniBand HDR100,",1/6/2023,60,EVIDEN,352000,10.11,13.8,2294.598255,0,0.732608696,0,1434,2111,3545,0,1,85,3534
"Levante - BullSequana XH2000, AMD EPYC 7763 64C 2.45GHz, InfiniBand HDR100,",1/11/2022,53,EVIDEN,352000,10.11,13.8,2294.598255,0,0.732608696,0,1434,2111,3545,0,1,85,3534
"Levante - BullSequana XH2000, AMD EPYC 7763 64C 2.45GHz, InfiniBand HDR100,",1/6/2022,76,EVIDEN,308096,7,10.28,2294.598255,0,0.680933852,0,1434,2111,3545,0,1,85,3534
"Levante - BullSequana XH2000, AMD EPYC 7763 64C 2.45GHz, InfiniBand HDR100,",1/11/2021,68,EVIDEN,308096,7,10.28,2294.598255,0,0.680933852,0,1434,2111,3545,0,1,85,3534
"GMO GPU Cloud - PowerEdge XE9680, Xeon Platinum 8480L 56C 2GHz, NVIDIA Tesla GP100, NVIDIA Spectrum-X Ethernet, Ubuntu 22.04.4 LTS,",1/11/2024,37,DELL,112128,38.06,52.07,2294.598255,0,0.73093912,1,1434,2111,3545,0,1,85,3534
"GMO GPU Cloud - PowerEdge XE9680, Xeon Platinum 8480L 56C 2GHz, NVIDIA Tesla GP100, NVIDIA Spectrum-X Ethernet, Ubuntu 22.04.4 LTS,",1/11/2025,164,DELL,35328,10.05,17.36,186.78,0.053806617,0.578917051,1,1434,2111,3545,0,1,85,3534
"GMO GPU Cloud - PowerEdge XE9680, Xeon Platinum 8480L 56C 2GHz, NVIDIA Tesla GP100, NVIDIA Spectrum-X Ethernet, Ubuntu 22.04.4 LTS,",1/6/2025,141,DELL,112128,10.05,17.36,186.78,0.053806617,0.578917051,1,1434,2111,3545,0,1,85,3534
"SNL CTS-2 Hops - PowerEdge XE8640, Xeon Platinum 8480+ 56C 2GHz, NVIDIA H100 SXM5 80GB, NVIDIA Infiniband NDR, Linux/TOSS,",1/11/2025,165,DELL,40960,10.03,17.59,2294.598255,0,0.570210347,1,1434,2111,3545,0,1,85,3534
"SNL CTS-2 Hops - PowerEdge XE8640, Xeon Platinum 8480+ 56C 2GHz, NVIDIA H100 SXM5 80GB, NVIDIA Infiniband NDR, Linux/TOSS,",1/6/2025,142,DELL,40960,10.03,17.59,2294.598255,0,0.570210347,1,1434,2111,3545,0,1,85,3534
"SNL CTS-2 Hops - PowerEdge XE8640, Xeon Platinum 8480+ 56C 2GHz, NVIDIA H100 SXM5 80GB, NVIDIA Infiniband NDR, Linux/TOSS,",1/11/2024,116,DELL,40960,10.03,17.59,2294.598255,0,0.570210347,1,1434,2111,3545,0,1,85,3534
"Cactus - HPE Cray EX, AMD EPYC 7742 64C 2.25GHz, Slingshot-10,",1/11/2025,166,HPE,327680,10.01,11.8,2294.598255,0,0.848305085,0,1434,2111,3545,0,1,85,3534
"Cactus - HPE Cray EX, AMD EPYC 7742 64C 2.25GHz, Slingshot-10,",1/6/2025,143,HPE,327680,10.01,11.8,2294.598255,0,0.848305085,0,1434,2111,3545,0,1,85,3534
"Cactus - HPE Cray EX, AMD EPYC 7742 64C 2.25GHz, Slingshot-10,",1/11/2024,117,HPE,327680,10.01,11.8,2294.598255,0,0.848305085,0,1434,2111,3545,0,1,85,3534
"Cactus - HPE Cray EX, AMD EPYC 7742 64C 2.25GHz, Slingshot-10,",1/6/2024,93,HPE,327680,10.01,11.8,2294.598255,0,0.848305085,0,1434,2111,3545,0,1,85,3534
"Cactus - HPE Cray EX, AMD EPYC 7742 64C 2.25GHz, Slingshot-10,",1/11/2023,74,HPE,327680,10.01,11.8,2294.598255,0,0.848305085,0,1434,2111,3545,0,1,85,3534
"Cactus - HPE Cray EX, AMD EPYC 7742 64C 2.25GHz, Slingshot-10,",1/6/2023,61,HPE,327680,10.01,11.8,2294.598255,0,0.848305085,0,1434,2111,3545,0,1,85,3534
"Cactus - HPE Cray EX, AMD EPYC 7742 64C 2.25GHz, Slingshot-10,",1/11/2022,54,HPE,327680,10.01,11.8,2294.598255,0,0.848305085,0,1434,2111,3545,0,1,85,3534
"Cactus - HPE Cray EX, AMD EPYC 7742 64C 2.25GHz, Slingshot-10,",1/6/2022,49,HPE,327680,10.01,11.8,2294.598255,0,0.848305085,0,1434,2111,3545,0,1,85,3534
"Cactus - HPE Cray EX, AMD EPYC 7742 64C 2.25GHz, Slingshot-10,",1/11/2021,46,HPE,327680,10.01,11.8,2294.598255,0,0.848305085,0,1434,2111,3545,0,1,85,3534
"Cactus - HPE Cray EX, AMD EPYC 7742 64C 2.25GHz, Slingshot-10,",1/6/2021,37,HPE,327680,10.01,11.8,2294.598255,0,0.848305085,0,1434,2111,3545,0,1,85,3534
"Dogwood - HPE Cray EX, AMD EPYC 7742 64C 2.25GHz, Slingshot-10,",1/11/2025,167,HPE,327680,10.01,11.8,2294.598255,0,0.848305085,0,1434,2111,3545,0,1,85,3534
"Dogwood - HPE Cray EX, AMD EPYC 7742 64C 2.25GHz, Slingshot-10,",1/6/2025,144,HPE,327680,10.01,11.8,2294.598255,0,0.848305085,0,1434,2111,3545,0,1,85,3534
"Dogwood - HPE Cray EX, AMD EPYC 7742 64C 2.25GHz, Slingshot-10,",1/11/2024,118,HPE,327680,10.01,11.8,2294.598255,0,0.848305085,0,1434,2111,3545,0,1,85,3534
"Dogwood - HPE Cray EX, AMD EPYC 7742 64C 2.25GHz, Slingshot-10,",1/6/2024,94,HPE,327680,10.01,11.8,2294.598255,0,0.848305085,0,1434,2111,3545,0,1,85,3534
"Dogwood - HPE Cray EX, AMD EPYC 7742 64C 2.25GHz, Slingshot-10,",1/11/2023,75,HPE,327680,10.01,11.8,2294.598255,0,0.848305085,0,1434,2111,3545,0,1,85,3534
"Dogwood - HPE Cray EX, AMD EPYC 7742 64C 2.25GHz, Slingshot-10,",1/6/2023,62,HPE,327680,10.01,11.8,2294.598255,0,0.848305085,0,1434,2111,3545,0,1,85,3534
"Dogwood - HPE Cray EX, AMD EPYC 7742 64C 2.25GHz, Slingshot-10,",1/11/2022,55,HPE,327680,10.01,11.8,2294.598255,0,0.848305085,0,1434,2111,3545,0,1,85,3534
"Dogwood - HPE Cray EX, AMD EPYC 7742 64C 2.25GHz, Slingshot-10,",1/6/2022,50,HPE,327680,10.01,11.8,2294.598255,0,0.848305085,0,1434,2111,3545,0,1,85,3534
"Dogwood - HPE Cray EX, AMD EPYC 7742 64C 2.25GHz, Slingshot-10,",1/11/2021,47,HPE,327680,10.01,11.8,2294.598255,0,0.848305085,0,1434,2111,3545,0,1,85,3534
"Dogwood - HPE Cray EX, AMD EPYC 7742 64C 2.25GHz, Slingshot-10,",1/6/2021,38,HPE,327680,10.01,11.8,2294.598255,0,0.848305085,0,1434,2111,3545,0,1,85,3534
"Earth Simulator -SX-Aurora TSUBASA - SX-Aurora TSUBASA B401-8, Vector Engine Type20B 8C 1.6GHz, Infiniband HDR200,",1/11/2025,168,NEC,43776,9.99,13.45,1390.95,0.007182142,0.742750929,0,1434,2111,3545,0,1,85,3534
"Earth Simulator -SX-Aurora TSUBASA - SX-Aurora TSUBASA B401-8, Vector Engine Type20B 8C 1.6GHz, Infiniband HDR200,",1/6/2025,145,NEC,43776,9.99,13.45,1390.95,0.007182142,0.742750929,0,1434,2111,3545,0,1,85,3534
"Earth Simulator -SX-Aurora TSUBASA - SX-Aurora TSUBASA B401-8, Vector Engine Type20B 8C 1.6GHz, Infiniband HDR200,",1/11/2024,119,NEC,43776,9.99,13.45,1390.95,0.007182142,0.742750929,0,1434,2111,3545,0,1,85,3534
"Earth Simulator -SX-Aurora TSUBASA - SX-Aurora TSUBASA B401-8, Vector Engine Type20B 8C 1.6GHz, Infiniband HDR200,",1/6/2024,95,NEC,43776,9.99,13.45,1390.95,0.007182142,0.742750929,0,1434,2111,3545,0,1,85,3534
"Earth Simulator -SX-Aurora TSUBASA - SX-Aurora TSUBASA B401-8, Vector Engine Type20B 8C 1.6GHz, Infiniband HDR200,",1/11/2023,76,NEC,43776,9.99,13.45,1390.95,0.007182142,0.742750929,0,1434,2111,3545,0,1,85,3534
"Earth Simulator -SX-Aurora TSUBASA - SX-Aurora TSUBASA B401-8, Vector Engine Type20B 8C 1.6GHz, Infiniband HDR200,",1/6/2023,63,NEC,43776,9.99,13.45,1390.95,0.007182142,0.742750929,0,1434,2111,3545,0,1,85,3534
"Earth Simulator -SX-Aurora TSUBASA - SX-Aurora TSUBASA B401-8, Vector Engine Type20B 8C 1.6GHz, Infiniband HDR200,",1/11/2022,56,NEC,43776,9.99,13.45,1390.95,0.007182142,0.742750929,0,1434,2111,3545,0,1,85,3534
"Earth Simulator -SX-Aurora TSUBASA - SX-Aurora TSUBASA B401-8, Vector Engine Type20B 8C 1.6GHz, Infiniband HDR200,",1/6/2022,51,NEC,43776,9.99,13.45,1390.95,0.007182142,0.742750929,0,1434,2111,3545,0,1,85,3534
"Earth Simulator -SX-Aurora TSUBASA - SX-Aurora TSUBASA B401-8, Vector Engine Type20B 8C 1.6GHz, Infiniband HDR200,",1/11/2021,48,NEC,43776,9.99,13.45,1390.95,0.007182142,0.742750929,0,1434,2111,3545,0,1,85,3534
"Earth Simulator -SX-Aurora TSUBASA - SX-Aurora TSUBASA B401-8, Vector Engine Type20B 8C 1.6GHz, Infiniband HDR200,",1/6/2021,39,NEC,43776,9.99,13.45,1390.95,0.007182142,0.742750929,0,1434,2111,3545,0,1,85,3534
"Amazon EC2 Instance Cluster us-east-1a - Amazon EC2 r5.24xlarge, Xeon Platinum 8260 24C 2.4GHz, 25G Ethernet,",1/11/2025,169,Amazon Web Services,172692,9.95,15.11,2294.598255,0,0.658504302,0,1434,2111,3545,0,1,85,3534
"Amazon EC2 Instance Cluster us-east-1a - Amazon EC2 r5.24xlarge, Xeon Platinum 8260 24C 2.4GHz, 25G Ethernet,",1/6/2025,146,Amazon Web Services,172692,9.95,15.11,2294.598255,0,0.658504302,0,1434,2111,3545,0,1,85,3534
"Amazon EC2 Instance Cluster us-east-1a - Amazon EC2 r5.24xlarge, Xeon Platinum 8260 24C 2.4GHz, 25G Ethernet,",1/11/2024,120,Amazon Web Services,172692,9.95,15.11,2294.598255,0,0.658504302,0,1434,2111,3545,0,1,85,3534
"Amazon EC2 Instance Cluster us-east-1a - Amazon EC2 r5.24xlarge, Xeon Platinum 8260 24C 2.4GHz, 25G Ethernet,",1/6/2024,96,Amazon Web Services,172692,9.95,15.11,2294.598255,0,0.658504302,0,1434,2111,3545,0,1,85,3534
"Amazon EC2 Instance Cluster us-east-1a - Amazon EC2 r5.24xlarge, Xeon Platinum 8260 24C 2.4GHz, 25G Ethernet,",1/11/2023,77,Amazon Web Services,172692,9.95,15.11,2294.598255,0,0.658504302,0,1434,2111,3545,0,1,85,3534
"Amazon EC2 Instance Cluster us-east-1a - Amazon EC2 r5.24xlarge, Xeon Platinum 8260 24C 2.4GHz, 25G Ethernet,",1/6/2023,64,Amazon Web Services,172692,9.95,15.11,2294.598255,0,0.658504302,0,1434,2111,3545,0,1,85,3534
"Amazon EC2 Instance Cluster us-east-1a - Amazon EC2 r5.24xlarge, Xeon Platinum 8260 24C 2.4GHz, 25G Ethernet,",1/11/2022,57,Amazon Web Services,172692,9.95,15.11,2294.598255,0,0.658504302,0,1434,2111,3545,0,1,85,3534
"Amazon EC2 Instance Cluster us-east-1a - Amazon EC2 r5.24xlarge, Xeon Platinum 8260 24C 2.4GHz, 25G Ethernet,",1/6/2022,52,Amazon Web Services,172692,9.95,15.11,2294.598255,0,0.658504302,0,1434,2111,3545,0,1,85,3534
"Amazon EC2 Instance Cluster us-east-1a - Amazon EC2 r5.24xlarge, Xeon Platinum 8260 24C 2.4GHz, 25G Ethernet,",1/11/2021,49,Amazon Web Services,172692,9.95,15.11,2294.598255,0,0.658504302,0,1434,2111,3545,0,1,85,3534
"Amazon EC2 Instance Cluster us-east-1a - Amazon EC2 r5.24xlarge, Xeon Platinum 8260 24C 2.4GHz, 25G Ethernet,",1/6/2021,40,Amazon Web Services,172692,9.95,15.11,2294.598255,0,0.658504302,0,1434,2111,3545,0,1,85,3534
"Dardel GPU - HPE Cray EX235a, AMD Optimized 3rd Generation EPYC 64C 2GHz, AMD Instinct MI250X, Slingshot-11, HPE Cray OS,",1/11/2025,170,HPE,56640,9.9,10.94,167.71,0.059030469,0.904936015,1,1434,2111,3545,0,1,85,3534
"Dardel GPU - HPE Cray EX235a, AMD Optimized 3rd Generation EPYC 64C 2GHz, AMD Instinct MI250X, Slingshot-11, HPE Cray OS,",1/6/2025,147,HPE,56640,9.9,10.94,167.71,0.059030469,0.904936015,1,1434,2111,3545,0,1,85,3534
"Dardel GPU - HPE Cray EX235a, AMD Optimized 3rd Generation EPYC 64C 2GHz, AMD Instinct MI250X, Slingshot-11, HPE Cray OS,",1/11/2024,121,HPE,56640,9.9,10.94,167.71,0.059030469,0.904936015,1,1434,2111,3545,0,1,85,3534
"Dardel GPU - HPE Cray EX235a, AMD Optimized 3rd Generation EPYC 64C 2GHz, AMD Instinct MI250X, Slingshot-11, HPE Cray OS,",1/6/2024,114,HPE,52864,8.26,10.21,146.2,0.056497948,0.809010774,1,1434,2111,3545,0,1,85,3534
"Dardel GPU - HPE Cray EX235a, AMD Optimized 3rd Generation EPYC 64C 2GHz, AMD Instinct MI250X, Slingshot-11, HPE Cray OS,",1/11/2023,91,HPE,52864,8.26,10.21,146.2,0.056497948,0.809010774,1,1434,2111,3545,0,1,85,3534
"Dardel GPU - HPE Cray EX235a, AMD Optimized 3rd Generation EPYC 64C 2GHz, AMD Instinct MI250X, Slingshot-11, HPE Cray OS,",1/6/2023,77,HPE,52864,8.26,10.21,146.2,0.056497948,0.809010774,1,1434,2111,3545,0,1,85,3534
"Dardel GPU - HPE Cray EX235a, AMD Optimized 3rd Generation EPYC 64C 2GHz, AMD Instinct MI250X, Slingshot-11, HPE Cray OS,",1/11/2022,68,HPE,52864,8.26,10.21,146.2,0.056497948,0.809010774,1,1434,2111,3545,0,1,85,3534
"ROMEO-2025 - BullSequana XH3000, Grace Hopper Superchip 72C 3GHz, NVIDIA GH200 Superchip, Quad-Rail NVIDIA InfiniBand NDR200, Red Hat Enterprise Linux,",1/11/2025,171,EVIDEN,47328,9.86,16.32,160.16,0.061563437,0.604166667,1,1434,2111,3545,0,1,85,3534
"ROMEO-2025 - BullSequana XH3000, Grace Hopper Superchip 72C 3GHz, NVIDIA GH200 Superchip, Quad-Rail NVIDIA InfiniBand NDR200, Red Hat Enterprise Linux,",1/6/2025,148,EVIDEN,47328,9.86,16.32,160.16,0.061563437,0.604166667,1,1434,2111,3545,0,1,85,3534
"ROMEO-2025 - BullSequana XH3000, Grace Hopper Superchip 72C 3GHz, NVIDIA GH200 Superchip, Quad-Rail NVIDIA InfiniBand NDR200, Red Hat Enterprise Linux,",1/11/2024,122,EVIDEN,47328,9.86,11.2,160.16,0.061563437,0.880357143,1,1434,2111,3545,0,1,85,3534
"NVIDIA Cambridge-1 DGX SuperPOD - NVIDIA DGX A100, AMD EPYC 7742 64C 2.25GHz, NVIDIA A100 80GB, Infiniband HDR,",1/11/2025,172,Nvidia,79360,9.68,12.05,2294.598255,0,0.803319502,1,1434,2111,3545,0,1,85,3534
"NVIDIA Cambridge-1 DGX SuperPOD - NVIDIA DGX A100, AMD EPYC 7742 64C 2.25GHz, NVIDIA A100 80GB, Infiniband HDR,",1/6/2025,149,Nvidia,79360,9.68,12.05,2294.598255,0,0.803319502,1,1434,2111,3545,0,1,85,3534
"NVIDIA Cambridge-1 DGX SuperPOD - NVIDIA DGX A100, AMD EPYC 7742 64C 2.25GHz, NVIDIA A100 80GB, Infiniband HDR,",1/11/2024,123,Nvidia,79360,9.68,12.05,2294.598255,0,0.803319502,1,1434,2111,3545,0,1,85,3534
"NVIDIA Cambridge-1 DGX SuperPOD - NVIDIA DGX A100, AMD EPYC 7742 64C 2.25GHz, NVIDIA A100 80GB, Infiniband HDR,",1/6/2024,97,Nvidia,79360,9.68,12.05,2294.598255,0,0.803319502,1,1434,2111,3545,0,1,85,3534
"NVIDIA Cambridge-1 DGX SuperPOD - NVIDIA DGX A100, AMD EPYC 7742 64C 2.25GHz, NVIDIA A100 80GB, Infiniband HDR,",1/11/2023,78,Nvidia,79360,9.68,12.05,2294.598255,0,0.803319502,1,1434,2111,3545,0,1,85,3534
"NVIDIA Cambridge-1 DGX SuperPOD - NVIDIA DGX A100, AMD EPYC 7742 64C 2.25GHz, NVIDIA A100 80GB, Infiniband HDR,",1/6/2023,65,Nvidia,79360,9.68,12.05,2294.598255,0,0.803319502,1,1434,2111,3545,0,1,85,3534
"NVIDIA Cambridge-1 DGX SuperPOD - NVIDIA DGX A100, AMD EPYC 7742 64C 2.25GHz, NVIDIA A100 80GB, Infiniband HDR,",1/11/2022,58,Nvidia,79360,9.68,12.05,2294.598255,0,0.803319502,1,1434,2111,3545,0,1,85,3534
"NVIDIA Cambridge-1 DGX SuperPOD - NVIDIA DGX A100, AMD EPYC 7742 64C 2.25GHz, NVIDIA A100 80GB, Infiniband HDR,",1/6/2022,53,Nvidia,79360,9.68,12.05,2294.598255,0,0.803319502,1,1434,2111,3545,0,1,85,3534
"NVIDIA Cambridge-1 DGX SuperPOD - NVIDIA DGX A100, AMD EPYC 7742 64C 2.25GHz, NVIDIA A100 80GB, Infiniband HDR,",1/11/2021,50,Nvidia,79360,9.68,12.05,2294.598255,0,0.803319502,1,1434,2111,3545,0,1,85,3534
"NVIDIA Cambridge-1 DGX SuperPOD - NVIDIA DGX A100, AMD EPYC 7742 64C 2.25GHz, NVIDIA A100 80GB, Infiniband HDR,",1/6/2021,41,Nvidia,79360,9.68,12.05,2294.598255,0,0.803319502,1,1434,2111,3545,0,1,85,3534
"SNL CTS-2 Stout - PowerEdge C6220, Xeon Platinum 8480+ 56C 2GHz, Cornelis Networks Omni-Path, Linux/TOSS,",1/11/2025,173,DELL,170128,9.53,10.89,1491.14,0.006391083,0.875114784,0,1434,2111,3545,0,1,85,3534
"SNL CTS-2 Stout - PowerEdge C6220, Xeon Platinum 8480+ 56C 2GHz, Cornelis Networks Omni-Path, Linux/TOSS,",1/6/2025,150,DELL,170128,9.53,10.89,1491.14,0.006391083,0.875114784,0,1434,2111,3545,0,1,85,3534
"SNL CTS-2 Stout - PowerEdge C6220, Xeon Platinum 8480+ 56C 2GHz, Cornelis Networks Omni-Path, Linux/TOSS,",1/11/2024,124,DELL,170128,9.53,10.89,1491.14,0.006391083,0.875114784,0,1434,2111,3545,0,1,85,3534
"SNL CTS-2 Stout - PowerEdge C6220, Xeon Platinum 8480+ 56C 2GHz, Cornelis Networks Omni-Path, Linux/TOSS,",1/6/2024,107,DELL,157248,8.99,10.06,1491.14,0.006028944,0.893638171,0,1434,2111,3545,0,1,85,3534
"SNL CTS-2 Stout - PowerEdge C6220, Xeon Platinum 8480+ 56C 2GHz, Cornelis Networks Omni-Path, Linux/TOSS,",1/11/2023,86,DELL,157248,8.99,10.06,1491.14,0.006028944,0.893638171,0,1434,2111,3545,0,1,85,3534
"SNL/NNSA CTS-2 Amber - PowerEdge C6220, Xeon Platinum 8480+ 56C 2GHz, Cornelis Networks Omni-Path,",1/11/2025,174,DELL,169344,9.51,10.84,2294.598255,0,0.877306273,0,1434,2111,3545,0,1,85,3534
"SNL/NNSA CTS-2 Amber - PowerEdge C6220, Xeon Platinum 8480+ 56C 2GHz, Cornelis Networks Omni-Path,",1/6/2025,151,DELL,169344,9.51,10.84,2294.598255,0,0.877306273,0,1434,2111,3545,0,1,85,3534
"SNL/NNSA CTS-2 Amber - PowerEdge C6220, Xeon Platinum 8480+ 56C 2GHz, Cornelis Networks Omni-Path,",1/11/2024,125,DELL,169344,9.51,10.84,2294.598255,0,0.877306273,0,1434,2111,3545,0,1,85,3534
"SNL/NNSA CTS-2 Amber - PowerEdge C6220, Xeon Platinum 8480+ 56C 2GHz, Cornelis Networks Omni-Path,",1/6/2024,98,DELL,169344,9.51,10.84,2294.598255,0,0.877306273,0,1434,2111,3545,0,1,85,3534
"Trillium-GPU - ThinkSystem SD665-N V3, AMD EPYC 9654 96C 2.4GHz, NVIDIA H100 SXM5 80GB, Infiniband NDR, Rocky Linux 9.4,",1/11/2025,175,Lenovo,37440,9.49,16.52,2294.598255,0,0.574455206,1,1434,2111,3545,0,1,85,3534
"Apollo 6500, AMD EPYC 7543 32C 2.8GHz, NVIDIA A100 SXM4 80 GB, Mellanox HDR Infiniband,",1/11/2025,176,HPE,72384,9.46,9.67,2294.598255,0,0.978283351,1,1434,2111,3545,0,1,85,3534
"Apollo 6500, AMD EPYC 7543 32C 2.8GHz, NVIDIA A100 SXM4 80 GB, Mellanox HDR Infiniband,",1/6/2025,152,HPE,72384,9.46,9.67,2294.598255,0,0.978283351,1,1434,2111,3545,0,1,85,3534
"Apollo 6500, AMD EPYC 7543 32C 2.8GHz, NVIDIA A100 SXM4 80 GB, Mellanox HDR Infiniband,",1/11/2024,126,HPE,72384,9.46,9.67,2294.598255,0,0.978283351,1,1434,2111,3545,0,1,85,3534
"Apollo 6500, AMD EPYC 7543 32C 2.8GHz, NVIDIA A100 SXM4 80 GB, Mellanox HDR Infiniband,",1/6/2024,99,HPE,72384,9.46,9.67,2294.598255,0,0.978283351,1,1434,2111,3545,0,1,85,3534
"Apollo 6500, AMD EPYC 7543 32C 2.8GHz, NVIDIA A100 SXM4 80 GB, Mellanox HDR Infiniband,",1/11/2023,79,HPE,72384,9.46,9.67,2294.598255,0,0.978283351,1,1434,2111,3545,0,1,85,3534
"Apollo 6500, AMD EPYC 7543 32C 2.8GHz, NVIDIA A100 SXM4 80 GB, Mellanox HDR Infiniband,",1/6/2023,66,HPE,72384,9.46,9.67,2294.598255,0,0.978283351,1,1434,2111,3545,0,1,85,3534
"Apollo 6500, AMD EPYC 7543 32C 2.8GHz, NVIDIA A100 SXM4 80 GB, Mellanox HDR Infiniband,",1/11/2022,59,HPE,72384,9.46,9.67,2294.598255,0,0.978283351,1,1434,2111,3545,0,1,85,3534
"Apollo 6500, AMD EPYC 7543 32C 2.8GHz, NVIDIA A100 SXM4 80 GB, Mellanox HDR Infiniband,",1/6/2022,54,HPE,72384,9.46,9.67,2294.598255,0,0.978283351,1,1434,2111,3545,0,1,85,3534
"DGX SuperPOD - NVIDIA DGX-2H, Xeon Platinum 8174 24C 3.1GHz, NVIDIA Tesla V100, Mellanox InfiniBand EDR,",1/11/2025,177,Nvidia,127488,9.44,11.21,2294.598255,0,0.842105263,1,1434,2111,3545,0,1,85,3534
"DGX SuperPOD - NVIDIA DGX-2H, Xeon Platinum 8174 24C 3.1GHz, NVIDIA Tesla V100, Mellanox InfiniBand EDR,",1/6/2025,153,Nvidia,127488,9.44,11.21,2294.598255,0,0.842105263,1,1434,2111,3545,0,1,85,3534
"DGX SuperPOD - NVIDIA DGX-2H, Xeon Platinum 8174 24C 3.1GHz, NVIDIA Tesla V100, Mellanox InfiniBand EDR,",1/11/2024,127,Nvidia,127488,9.44,11.21,2294.598255,0,0.842105263,1,1434,2111,3545,0,1,85,3534
"DGX SuperPOD - NVIDIA DGX-2H, Xeon Platinum 8174 24C 3.1GHz, NVIDIA Tesla V100, Mellanox InfiniBand EDR,",1/6/2024,100,Nvidia,127488,9.44,11.21,2294.598255,0,0.842105263,1,1434,2111,3545,0,1,85,3534
"DGX SuperPOD - NVIDIA DGX-2H, Xeon Platinum 8174 24C 3.1GHz, NVIDIA Tesla V100, Mellanox InfiniBand EDR,",1/11/2023,80,Nvidia,127488,9.44,11.21,2294.598255,0,0.842105263,1,1434,2111,3545,0,1,85,3534
"DGX SuperPOD - NVIDIA DGX-2H, Xeon Platinum 8174 24C 3.1GHz, NVIDIA Tesla V100, Mellanox InfiniBand EDR,",1/6/2023,67,Nvidia,127488,9.44,11.21,2294.598255,0,0.842105263,1,1434,2111,3545,0,1,85,3534
"DGX SuperPOD - NVIDIA DGX-2H, Xeon Platinum 8174 24C 3.1GHz, NVIDIA Tesla V100, Mellanox InfiniBand EDR,",1/11/2022,60,Nvidia,127488,9.44,11.21,2294.598255,0,0.842105263,1,1434,2111,3545,0,1,85,3534
"DGX SuperPOD - NVIDIA DGX-2H, Xeon Platinum 8174 24C 3.1GHz, NVIDIA Tesla V100, Mellanox InfiniBand EDR,",1/6/2022,55,Nvidia,127488,9.44,11.21,2294.598255,0,0.842105263,1,1434,2111,3545,0,1,85,3534
"DGX SuperPOD - NVIDIA DGX-2H, Xeon Platinum 8174 24C 3.1GHz, NVIDIA Tesla V100, Mellanox InfiniBand EDR,",1/11/2021,51,Nvidia,127488,9.44,11.21,2294.598255,0,0.842105263,1,1434,2111,3545,0,1,85,3534
"DGX SuperPOD - NVIDIA DGX-2H, Xeon Platinum 8174 24C 3.1GHz, NVIDIA Tesla V100, Mellanox InfiniBand EDR,",1/6/2021,42,Nvidia,127488,9.44,11.21,2294.598255,0,0.842105263,1,1434,2111,3545,0,1,85,3534
"DGX SuperPOD - NVIDIA DGX-2H, Xeon Platinum 8174 24C 3.1GHz, NVIDIA Tesla V100, Mellanox InfiniBand EDR,",1/11/2020,26,Nvidia,127488,9.44,11.21,2294.598255,0,0.842105263,1,1434,2111,3545,0,1,85,3534
"DGX SuperPOD - NVIDIA DGX-2H, Xeon Platinum 8174 24C 3.1GHz, NVIDIA Tesla V100, Mellanox InfiniBand EDR,",1/6/2020,23,Nvidia,127488,9.44,11.21,2294.598255,0,0.842105263,1,1434,2111,3545,0,1,85,3534
"DGX SuperPOD - NVIDIA DGX-2H, Xeon Platinum 8174 24C 3.1GHz, NVIDIA Tesla V100, Mellanox InfiniBand EDR,",1/11/2019,20,Nvidia,127488,9.44,11.21,2294.598255,0,0.842105263,1,1434,2111,3545,0,1,85,3534
"DGX SuperPOD - NVIDIA DGX-2H, Xeon Platinum 8174 24C 3.1GHz, NVIDIA Tesla V100, Mellanox InfiniBand EDR,",1/6/2019,22,Nvidia,127488,9.44,11.21,2294.598255,0,0.842105263,1,1434,2111,3545,0,1,85,3534
"JURECA Data Centric Module - BullSequana XH2000, AMD EPYC 7742 64C 2.25GHz, NVIDIA A100 40GB, Mellanox HDR InfiniBand/ParTec ParaStation ClusterSuite,",1/11/2025,178,EVIDEN,105840,9.33,14.51,384.1,0.024290549,0.643004824,1,1434,2111,3545,0,1,85,3534
"JURECA Data Centric Module - BullSequana XH2000, AMD EPYC 7742 64C 2.25GHz, NVIDIA A100 40GB, Mellanox HDR InfiniBand/ParTec ParaStation ClusterSuite,",1/6/2025,154,EVIDEN,105840,9.33,14.51,384.1,0.024290549,0.643004824,1,1434,2111,3545,0,1,85,3534
"JURECA Data Centric Module - BullSequana XH2000, AMD EPYC 7742 64C 2.25GHz, NVIDIA A100 40GB, Mellanox HDR InfiniBand/ParTec ParaStation ClusterSuite,",1/11/2024,129,EVIDEN,105840,9.33,14.51,384.1,0.024290549,0.643004824,1,1434,2111,3545,0,1,85,3534
"JURECA Data Centric Module - BullSequana XH2000, AMD EPYC 7742 64C 2.25GHz, NVIDIA A100 40GB, Mellanox HDR InfiniBand/ParTec ParaStation ClusterSuite,",1/6/2024,102,EVIDEN,105840,9.33,14.51,384.1,0.024290549,0.643004824,1,1434,2111,3545,0,1,85,3534
"JURECA Data Centric Module - BullSequana XH2000, AMD EPYC 7742 64C 2.25GHz, NVIDIA A100 40GB, Mellanox HDR InfiniBand/ParTec ParaStation ClusterSuite,",1/11/2023,81,EVIDEN,105840,9.33,14.51,384.1,0.024290549,0.643004824,1,1434,2111,3545,0,1,85,3534
"JURECA Data Centric Module - BullSequana XH2000, AMD EPYC 7742 64C 2.25GHz, NVIDIA A100 40GB, Mellanox HDR InfiniBand/ParTec ParaStation ClusterSuite,",1/6/2023,68,EVIDEN,105840,9.33,14.51,384.1,0.024290549,0.643004824,1,1434,2111,3545,0,1,85,3534
"JURECA Data Centric Module - BullSequana XH2000, AMD EPYC 7742 64C 2.25GHz, NVIDIA A100 40GB, Mellanox HDR InfiniBand/ParTec ParaStation ClusterSuite,",1/11/2022,61,EVIDEN,105840,9.33,14.51,384.1,0.024290549,0.643004824,1,1434,2111,3545,0,1,85,3534
"JURECA Data Centric Module - BullSequana XH2000, AMD EPYC 7742 64C 2.25GHz, NVIDIA A100 40GB, Mellanox HDR InfiniBand/ParTec ParaStation ClusterSuite,",1/6/2022,56,EVIDEN,105840,9.33,14.51,384.1,0.024290549,0.643004824,1,1434,2111,3545,0,1,85,3534
"JURECA Data Centric Module - BullSequana XH2000, AMD EPYC 7742 64C 2.25GHz, NVIDIA A100 40GB, Mellanox HDR InfiniBand/ParTec ParaStation ClusterSuite,",1/11/2021,52,EVIDEN,105840,9.33,14.51,384.1,0.024290549,0.643004824,1,1434,2111,3545,0,1,85,3534
"JURECA Data Centric Module - BullSequana XH2000, AMD EPYC 7742 64C 2.25GHz, NVIDIA A100 40GB, Mellanox HDR InfiniBand/ParTec ParaStation ClusterSuite,",1/6/2021,43,EVIDEN,105840,9.33,14.51,384.1,0.024290549,0.643004824,1,1434,2111,3545,0,1,85,3534
"Gadi - PRIMERGY CX2570 M5, ThinkSystem SD650, Xeon Platinum 8274/8268, NVIDIA Tesla V100 SXM2, Mellanox HDR Infiniband,",1/11/2025,179,Fujitsu / Lenovo,204032,9.26,15.14,2294.598255,0,0.611624835,1,1434,2111,3545,0,1,85,3534
"Gadi - PRIMERGY CX2570 M5, ThinkSystem SD650, Xeon Platinum 8274/8268, NVIDIA Tesla V100 SXM2, Mellanox HDR Infiniband,",1/6/2025,155,Fujitsu / Lenovo,204032,9.26,15.14,2294.598255,0,0.611624835,1,1434,2111,3545,0,1,85,3534
"Gadi - PRIMERGY CX2570 M5, ThinkSystem SD650, Xeon Platinum 8274/8268, NVIDIA Tesla V100 SXM2, Mellanox HDR Infiniband,",1/11/2024,130,Fujitsu / Lenovo,204032,9.26,15.14,2294.598255,0,0.611624835,1,1434,2111,3545,0,1,85,3534
"Gadi - PRIMERGY CX2570 M5, ThinkSystem SD650, Xeon Platinum 8274/8268, NVIDIA Tesla V100 SXM2, Mellanox HDR Infiniband,",1/6/2024,103,Fujitsu / Lenovo,204032,9.26,15.14,2294.598255,0,0.611624835,1,1434,2111,3545,0,1,85,3534
"Gadi - PRIMERGY CX2570 M5, ThinkSystem SD650, Xeon Platinum 8274/8268, NVIDIA Tesla V100 SXM2, Mellanox HDR Infiniband,",1/11/2023,82,Fujitsu / Lenovo,204032,9.26,15.14,2294.598255,0,0.611624835,1,1434,2111,3545,0,1,85,3534
"Gadi - PRIMERGY CX2570 M5, ThinkSystem SD650, Xeon Platinum 8274/8268, NVIDIA Tesla V100 SXM2, Mellanox HDR Infiniband,",1/6/2023,69,Fujitsu / Lenovo,204032,9.26,15.14,2294.598255,0,0.611624835,1,1434,2111,3545,0,1,85,3534
"Gadi - PRIMERGY CX2570 M5, ThinkSystem SD650, Xeon Platinum 8274/8268, NVIDIA Tesla V100 SXM2, Mellanox HDR Infiniband,",1/11/2022,62,Fujitsu / Lenovo,204032,9.26,15.14,2294.598255,0,0.611624835,1,1434,2111,3545,0,1,85,3534
"Gadi - PRIMERGY CX2570 M5, ThinkSystem SD650, Xeon Platinum 8274/8268, NVIDIA Tesla V100 SXM2, Mellanox HDR Infiniband,",1/6/2022,57,Fujitsu / Lenovo,204032,9.26,15.14,2294.598255,0,0.611624835,1,1434,2111,3545,0,1,85,3534
"Gadi - PRIMERGY CX2570 M5, ThinkSystem SD650, Xeon Platinum 8274/8268, NVIDIA Tesla V100 SXM2, Mellanox HDR Infiniband,",1/11/2021,53,Fujitsu / Lenovo,204032,9.26,15.14,2294.598255,0,0.611624835,1,1434,2111,3545,0,1,85,3534
"Gadi - PRIMERGY CX2570 M5, ThinkSystem SD650, Xeon Platinum 8274/8268, NVIDIA Tesla V100 SXM2, Mellanox HDR Infiniband,",1/6/2021,44,Fujitsu / Lenovo,204032,9.26,15.14,2294.598255,0,0.611624835,1,1434,2111,3545,0,1,85,3534
"Gadi - PRIMERGY CX2570 M5, ThinkSystem SD650, Xeon Platinum 8274/8268, NVIDIA Tesla V100 SXM2, Mellanox HDR Infiniband,",1/11/2020,27,Fujitsu / Lenovo,204032,9.26,15.14,2294.598255,0,0.611624835,1,1434,2111,3545,0,1,85,3534
"Gadi - PRIMERGY CX2570 M5, ThinkSystem SD650, Xeon Platinum 8274/8268, NVIDIA Tesla V100 SXM2, Mellanox HDR Infiniband,",1/6/2020,24,Fujitsu / Lenovo,204032,9.26,15.14,2294.598255,0,0.611624835,1,1434,2111,3545,0,1,85,3534
"SX-Aurora TSUBASA C401-8, Vector Engine Type 30A 1.6Ghz (16C), Infiniband NDR200, VEOS,",1/11/2025,180,NEC,41920,9.2,12.22,1164.41,0.007900997,0.752864157,0,1434,2111,3545,0,1,85,3534
"SX-Aurora TSUBASA C401-8, Vector Engine Type 30A 1.6Ghz (16C), Infiniband NDR200, VEOS,",1/6/2025,156,NEC,41920,9.2,12.22,1164.41,0.007900997,0.752864157,0,1434,2111,3545,0,1,85,3534
"Goethe-NHR - Supermicro AS-4124GS-TNR, AMD EPYC 7452 32C 2.35GHz, AMD Instinct MI210 64 GB, Mellanox InfiniBand EDR,",1/11/2025,181,MEGWARE / Supermicro,96768,9.09,19.34,195.24,0.046558082,0.470010341,1,1434,2111,3545,0,1,85,3534
"Goethe-NHR - Supermicro AS-4124GS-TNR, AMD EPYC 7452 32C 2.35GHz, AMD Instinct MI210 64 GB, Mellanox InfiniBand EDR,",1/6/2025,157,MEGWARE / Supermicro,96768,9.09,19.34,195.24,0.046558082,0.470010341,1,1434,2111,3545,0,1,85,3534
"Goethe-NHR - Supermicro AS-4124GS-TNR, AMD EPYC 7452 32C 2.35GHz, AMD Instinct MI210 64 GB, Mellanox InfiniBand EDR,",1/11/2024,131,MEGWARE / Supermicro,96768,9.09,19.34,195.24,0.046558082,0.470010341,1,1434,2111,3545,0,1,85,3534
"Goethe-NHR - Supermicro AS-4124GS-TNR, AMD EPYC 7452 32C 2.35GHz, AMD Instinct MI210 64 GB, Mellanox InfiniBand EDR,",1/6/2024,104,MEGWARE / Supermicro,96768,9.09,19.34,195.24,0.046558082,0.470010341,1,1434,2111,3545,0,1,85,3534
"Goethe-NHR - Supermicro AS-4124GS-TNR, AMD EPYC 7452 32C 2.35GHz, AMD Instinct MI210 64 GB, Mellanox InfiniBand EDR,",1/11/2023,83,MEGWARE / Supermicro,96768,9.09,19.34,195.24,0.046558082,0.470010341,1,1434,2111,3545,0,1,85,3534
"Goethe-NHR - Supermicro AS-4124GS-TNR, AMD EPYC 7452 32C 2.35GHz, AMD Instinct MI210 64 GB, Mellanox InfiniBand EDR,",1/6/2023,70,MEGWARE / Supermicro,96768,9.09,19.34,195.24,0.046558082,0.470010341,1,1434,2111,3545,0,1,85,3534
"Aitken - HPE Apollo 9000/HPE SGI 8600, AMD EPYC 7742 64C 2.25GHz/Intel Xeon Gold 6248 20C 2.5GHz, Mellanox EDR/HDR Infiniband,",1/11/2025,182,HPE,293936,9.07,12.49,2010.1,0.004512213,0.726180945,0,1434,2111,3545,0,1,85,3534
"Aitken - HPE Apollo 9000/HPE SGI 8600, AMD EPYC 7742 64C 2.25GHz/Intel Xeon Gold 6248 20C 2.5GHz, Mellanox EDR/HDR Infiniband,",1/6/2025,158,HPE,293936,9.07,12.49,2010.1,0.004512213,0.726180945,0,1434,2111,3545,0,1,85,3534
"Aitken - HPE Apollo 9000/HPE SGI 8600, AMD EPYC 7742 64C 2.25GHz/Intel Xeon Gold 6248 20C 2.5GHz, Mellanox EDR/HDR Infiniband,",1/11/2024,132,HPE,293936,9.07,12.49,2010.1,0.004512213,0.726180945,0,1434,2111,3545,0,1,85,3534
"Aitken - HPE Apollo 9000/HPE SGI 8600, AMD EPYC 7742 64C 2.25GHz/Intel Xeon Gold 6248 20C 2.5GHz, Mellanox EDR/HDR Infiniband,",1/6/2024,105,HPE,293936,9.07,12.49,2010.1,0.004512213,0.726180945,0,1434,2111,3545,0,1,85,3534
"Aitken - HPE Apollo 9000/HPE SGI 8600, AMD EPYC 7742 64C 2.25GHz/Intel Xeon Gold 6248 20C 2.5GHz, Mellanox EDR/HDR Infiniband,",1/11/2023,84,HPE,293936,9.07,12.49,2010.1,0.004512213,0.726180945,0,1434,2111,3545,0,1,85,3534
"Aitken - HPE Apollo 9000/HPE SGI 8600, AMD EPYC 7742 64C 2.25GHz/Intel Xeon Gold 6248 20C 2.5GHz, Mellanox EDR/HDR Infiniband,",1/6/2023,71,HPE,293936,9.07,12.49,2010.1,0.004512213,0.726180945,0,1434,2111,3545,0,1,85,3534
"Aitken - HPE Apollo 9000/HPE SGI 8600, AMD EPYC 7742 64C 2.25GHz/Intel Xeon Gold 6248 20C 2.5GHz, Mellanox EDR/HDR Infiniband,",1/11/2022,63,HPE,293936,9.07,12.49,2010.1,0.004512213,0.726180945,0,1434,2111,3545,0,1,85,3534
"Aitken - HPE Apollo 9000/HPE SGI 8600, AMD EPYC 7742 64C 2.25GHz/Intel Xeon Gold 6248 20C 2.5GHz, Mellanox EDR/HDR Infiniband,",1/6/2022,58,HPE,293936,9.07,12.49,2010.1,0.004512213,0.726180945,0,1434,2111,3545,0,1,85,3534
"Aitken - HPE Apollo 9000/HPE SGI 8600, AMD EPYC 7742 64C 2.25GHz/Intel Xeon Gold 6248 20C 2.5GHz, Mellanox EDR/HDR Infiniband,",1/11/2021,84,HPE,175648,5.8,8.33,1401,0.0041399,0.696278511,0,1434,2111,3545,0,1,85,3534
"Aitken - HPE Apollo 9000/HPE SGI 8600, AMD EPYC 7742 64C 2.25GHz/Intel Xeon Gold 6248 20C 2.5GHz, Mellanox EDR/HDR Infiniband,",1/6/2021,72,HPE,175648,5.8,8.33,1401,0.0041399,0.696278511,0,1434,2111,3545,0,1,85,3534
"Taiwania 2 - QCT QuantaGrid D52G-4U/LC, Xeon Gold 6154 18C 3GHz, Mellanox InfiniBand EDR, NVIDIA Tesla V100 SXM2,",1/11/2025,183,Quanta Computer / Taiwan Fixed Network / ASUS Cloud,170352,9,15.21,797.54,0.0112847,0.591715976,1,1434,2111,3545,0,1,85,3534
"Taiwania 2 - QCT QuantaGrid D52G-4U/LC, Xeon Gold 6154 18C 3GHz, Mellanox InfiniBand EDR, NVIDIA Tesla V100 SXM2,",1/6/2025,159,Quanta Computer / Taiwan Fixed Network / ASUS Cloud,170352,9,15.21,797.54,0.0112847,0.591715976,1,1434,2111,3545,0,1,85,3534
"Taiwania 2 - QCT QuantaGrid D52G-4U/LC, Xeon Gold 6154 18C 3GHz, Mellanox InfiniBand EDR, NVIDIA Tesla V100 SXM2,",1/11/2024,133,Quanta Computer / Taiwan Fixed Network / ASUS Cloud,170352,9,15.21,797.54,0.0112847,0.591715976,1,1434,2111,3545,0,1,85,3534
"Taiwania 2 - QCT QuantaGrid D52G-4U/LC, Xeon Gold 6154 18C 3GHz, Mellanox InfiniBand EDR, NVIDIA Tesla V100 SXM2,",1/6/2024,106,Quanta Computer / Taiwan Fixed Network / ASUS Cloud,170352,9,15.21,797.54,0.0112847,0.591715976,1,1434,2111,3545,0,1,85,3534
"Taiwania 2 - QCT QuantaGrid D52G-4U/LC, Xeon Gold 6154 18C 3GHz, Mellanox InfiniBand EDR, NVIDIA Tesla V100 SXM2,",1/11/2023,85,Quanta Computer / Taiwan Fixed Network / ASUS Cloud,170352,9,15.21,797.54,0.0112847,0.591715976,1,1434,2111,3545,0,1,85,3534
"Taiwania 2 - QCT QuantaGrid D52G-4U/LC, Xeon Gold 6154 18C 3GHz, Mellanox InfiniBand EDR, NVIDIA Tesla V100 SXM2,",1/6/2023,72,Quanta Computer / Taiwan Fixed Network / ASUS Cloud,170352,9,15.21,797.54,0.0112847,0.591715976,1,1434,2111,3545,0,1,85,3534
"Taiwania 2 - QCT QuantaGrid D52G-4U/LC, Xeon Gold 6154 18C 3GHz, Mellanox InfiniBand EDR, NVIDIA Tesla V100 SXM2,",1/11/2022,64,Quanta Computer / Taiwan Fixed Network / ASUS Cloud,170352,9,15.21,797.54,0.0112847,0.591715976,1,1434,2111,3545,0,1,85,3534
"Taiwania 2 - QCT QuantaGrid D52G-4U/LC, Xeon Gold 6154 18C 3GHz, Mellanox InfiniBand EDR, NVIDIA Tesla V100 SXM2,",1/6/2022,59,Quanta Computer / Taiwan Fixed Network / ASUS Cloud,170352,9,15.21,797.54,0.0112847,0.591715976,1,1434,2111,3545,0,1,85,3534
"Taiwania 2 - QCT QuantaGrid D52G-4U/LC, Xeon Gold 6154 18C 3GHz, Mellanox InfiniBand EDR, NVIDIA Tesla V100 SXM2,",1/11/2021,54,Quanta Computer / Taiwan Fixed Network / ASUS Cloud,170352,9,15.21,797.54,0.0112847,0.591715976,1,1434,2111,3545,0,1,85,3534
"Taiwania 2 - QCT QuantaGrid D52G-4U/LC, Xeon Gold 6154 18C 3GHz, Mellanox InfiniBand EDR, NVIDIA Tesla V100 SXM2,",1/6/2021,45,Quanta Computer / Taiwan Fixed Network / ASUS Cloud,170352,9,15.21,797.54,0.0112847,0.591715976,1,1434,2111,3545,0,1,85,3534
"Taiwania 2 - QCT QuantaGrid D52G-4U/LC, Xeon Gold 6154 18C 3GHz, Mellanox InfiniBand EDR, NVIDIA Tesla V100 SXM2,",1/11/2020,28,Quanta Computer / Taiwan Fixed Network / ASUS Cloud,170352,9,15.21,797.54,0.0112847,0.591715976,1,1434,2111,3545,0,1,85,3534
"Taiwania 2 - QCT QuantaGrid D52G-4U/LC, Xeon Gold 6154 18C 3GHz, Mellanox InfiniBand EDR, NVIDIA Tesla V100 SXM2,",1/6/2020,25,Quanta Computer / Taiwan Fixed Network / ASUS Cloud,170352,9,15.21,797.54,0.0112847,0.591715976,1,1434,2111,3545,0,1,85,3534
"Taiwania 2 - QCT QuantaGrid D52G-4U/LC, Xeon Gold 6154 18C 3GHz, Mellanox InfiniBand EDR, NVIDIA Tesla V100 SXM2,",1/11/2019,21,Quanta Computer / Taiwan Fixed Network / ASUS Cloud,170352,9,15.21,797.54,0.0112847,0.591715976,1,1434,2111,3545,0,1,85,3534
"Taiwania 2 - QCT QuantaGrid D52G-4U/LC, Xeon Gold 6154 18C 3GHz, Mellanox InfiniBand EDR, NVIDIA Tesla V100 SXM2,",1/6/2019,23,Quanta Computer / Taiwan Fixed Network / ASUS Cloud,170352,9,15.21,797.54,0.0112847,0.591715976,1,1434,2111,3545,0,1,85,3534
"Taiwania 2 - QCT QuantaGrid D52G-4U/LC, Xeon Gold 6154 18C 3GHz, Mellanox InfiniBand EDR, NVIDIA Tesla V100 SXM2,",1/11/2018,20,Quanta Computer / Taiwan Fixed Network / ASUS Cloud,170352,9,15.21,797.54,0.0112847,0.591715976,1,1434,2111,3545,0,1,85,3534
"Dragão - Supermicro SYS-4029GP-TVRT, Xeon Gold 6230R 26C 2.1GHz, NVIDIA Tesla V100, Infiniband EDR,",1/11/2025,184,EVIDEN,188224,8.98,14.01,943.12,0.009521588,0.640970735,1,1434,2111,3545,0,1,85,3534
"Dragão - Supermicro SYS-4029GP-TVRT, Xeon Gold 6230R 26C 2.1GHz, NVIDIA Tesla V100, Infiniband EDR,",1/6/2025,160,EVIDEN,188224,8.98,14.01,943.12,0.009521588,0.640970735,1,1434,2111,3545,0,1,85,3534
"Dragão - Supermicro SYS-4029GP-TVRT, Xeon Gold 6230R 26C 2.1GHz, NVIDIA Tesla V100, Infiniband EDR,",1/11/2024,134,EVIDEN,188224,8.98,14.01,943.12,0.009521588,0.640970735,1,1434,2111,3545,0,1,85,3534
"Dragão - Supermicro SYS-4029GP-TVRT, Xeon Gold 6230R 26C 2.1GHz, NVIDIA Tesla V100, Infiniband EDR,",1/6/2024,108,EVIDEN,188224,8.98,14.01,943.12,0.009521588,0.640970735,1,1434,2111,3545,0,1,85,3534
"Dragão - Supermicro SYS-4029GP-TVRT, Xeon Gold 6230R 26C 2.1GHz, NVIDIA Tesla V100, Infiniband EDR,",1/11/2023,87,EVIDEN,188224,8.98,14.01,943.12,0.009521588,0.640970735,1,1434,2111,3545,0,1,85,3534
"Dragão - Supermicro SYS-4029GP-TVRT, Xeon Gold 6230R 26C 2.1GHz, NVIDIA Tesla V100, Infiniband EDR,",1/6/2023,73,EVIDEN,188224,8.98,14.01,943.12,0.009521588,0.640970735,1,1434,2111,3545,0,1,85,3534
"Dragão - Supermicro SYS-4029GP-TVRT, Xeon Gold 6230R 26C 2.1GHz, NVIDIA Tesla V100, Infiniband EDR,",1/11/2022,65,EVIDEN,188224,8.98,14.01,943.12,0.009521588,0.640970735,1,1434,2111,3545,0,1,85,3534
"Dragão - Supermicro SYS-4029GP-TVRT, Xeon Gold 6230R 26C 2.1GHz, NVIDIA Tesla V100, Infiniband EDR,",1/6/2022,60,EVIDEN,188224,8.98,14.01,943.12,0.009521588,0.640970735,1,1434,2111,3545,0,1,85,3534
"Dragão - Supermicro SYS-4029GP-TVRT, Xeon Gold 6230R 26C 2.1GHz, NVIDIA Tesla V100, Infiniband EDR,",1/11/2021,55,EVIDEN,188224,8.98,14.01,943.12,0.009521588,0.640970735,1,1434,2111,3545,0,1,85,3534
"Dragão - Supermicro SYS-4029GP-TVRT, Xeon Gold 6230R 26C 2.1GHz, NVIDIA Tesla V100, Infiniband EDR,",1/6/2021,46,EVIDEN,188224,8.98,14.01,943.12,0.009521588,0.640970735,1,1434,2111,3545,0,1,85,3534
"Tillicum - PowerEdge XE9680, Xeon Platinum 8462Y+ 32C 2.8GHz, NVIDIA H200 SXM5 141 GB, Infiniband NDR, Rocky Linux 9.6,",1/11/2025,185,DELL,26880,8.85,12.87,144,0.061458333,0.687645688,1,1434,2111,3545,0,1,85,3534
"Nibi - CPU - TRIDENT iC610DR-G7, Intel Xeon 6972P 96C 2.4GHz, 400g Ethernet, Rocky Linux 8,",1/11/2025,186,HYPERTEC,134400,8.62,10.32,2294.598255,0,0.835271318,0,1434,2111,3545,0,1,85,3534
"Raven-GPU - ThinkSystem SD650-N V2, Xeon Platinum 8360Y 36C 2.4GHz, NVIDIA A100, Mellanox HDR Infiniband,",1/11/2025,187,Lenovo,96768,8.62,16.03,377,0.022864721,0.537741734,1,1434,2111,3545,0,1,85,3534
"Raven-GPU - ThinkSystem SD650-N V2, Xeon Platinum 8360Y 36C 2.4GHz, NVIDIA A100, Mellanox HDR Infiniband,",1/6/2025,161,Lenovo,96768,8.62,16.03,377,0.022864721,0.537741734,1,1434,2111,3545,0,1,85,3534
"Raven-GPU - ThinkSystem SD650-N V2, Xeon Platinum 8360Y 36C 2.4GHz, NVIDIA A100, Mellanox HDR Infiniband,",1/11/2024,135,Lenovo,96768,8.62,16.03,377,0.022864721,0.537741734,1,1434,2111,3545,0,1,85,3534
"Raven-GPU - ThinkSystem SD650-N V2, Xeon Platinum 8360Y 36C 2.4GHz, NVIDIA A100, Mellanox HDR Infiniband,",1/6/2024,109,Lenovo,96768,8.62,16.03,377,0.022864721,0.537741734,1,1434,2111,3545,0,1,85,3534
"Raven-GPU - ThinkSystem SD650-N V2, Xeon Platinum 8360Y 36C 2.4GHz, NVIDIA A100, Mellanox HDR Infiniband,",1/11/2023,88,Lenovo,96768,8.62,16.03,377,0.022864721,0.537741734,1,1434,2111,3545,0,1,85,3534
"Raven-GPU - ThinkSystem SD650-N V2, Xeon Platinum 8360Y 36C 2.4GHz, NVIDIA A100, Mellanox HDR Infiniband,",1/6/2023,74,Lenovo,96768,8.62,16.03,377,0.022864721,0.537741734,1,1434,2111,3545,0,1,85,3534
"Raven-GPU - ThinkSystem SD650-N V2, Xeon Platinum 8360Y 36C 2.4GHz, NVIDIA A100, Mellanox HDR Infiniband,",1/11/2022,66,Lenovo,96768,8.62,16.03,377,0.022864721,0.537741734,1,1434,2111,3545,0,1,85,3534
"Raven-GPU - ThinkSystem SD650-N V2, Xeon Platinum 8360Y 36C 2.4GHz, NVIDIA A100, Mellanox HDR Infiniband,",1/6/2022,61,Lenovo,96768,8.62,16.03,377,0.022864721,0.537741734,1,1434,2111,3545,0,1,85,3534
"Raven-GPU - ThinkSystem SD650-N V2, Xeon Platinum 8360Y 36C 2.4GHz, NVIDIA A100, Mellanox HDR Infiniband,",1/11/2021,56,Lenovo,96768,8.62,16.03,377,0.022864721,0.537741734,1,1434,2111,3545,0,1,85,3534
"Raven-GPU - ThinkSystem SD650-N V2, Xeon Platinum 8360Y 36C 2.4GHz, NVIDIA A100, Mellanox HDR Infiniband,",1/6/2021,47,Lenovo,96768,8.62,16.03,377,0.022864721,0.537741734,1,1434,2111,3545,0,1,85,3534
"AIRAWAT - PSAI - NVIDIA DGX A100, AMD EPYC 7742 64C 2.25GHz, NVIDIA A100, Infiniband HDR,",1/11/2025,188,Netweb Technologies,81344,8.5,13.17,2294.598255,0,0.645406226,1,1434,2111,3545,0,1,85,3534
"AIRAWAT - PSAI - NVIDIA DGX A100, AMD EPYC 7742 64C 2.25GHz, NVIDIA A100, Infiniband HDR,",1/6/2025,162,Netweb Technologies,81344,8.5,13.17,2294.598255,0,0.645406226,1,1434,2111,3545,0,1,85,3534
"AIRAWAT - PSAI - NVIDIA DGX A100, AMD EPYC 7742 64C 2.25GHz, NVIDIA A100, Infiniband HDR,",1/11/2024,136,Netweb Technologies,81344,8.5,13.17,2294.598255,0,0.645406226,1,1434,2111,3545,0,1,85,3534
"AIRAWAT - PSAI - NVIDIA DGX A100, AMD EPYC 7742 64C 2.25GHz, NVIDIA A100, Infiniband HDR,",1/6/2024,110,Netweb Technologies,81344,8.5,13.17,2294.598255,0,0.645406226,1,1434,2111,3545,0,1,85,3534
"AIRAWAT - PSAI - NVIDIA DGX A100, AMD EPYC 7742 64C 2.25GHz, NVIDIA A100, Infiniband HDR,",1/11/2023,89,Netweb Technologies,81344,8.5,13.17,2294.598255,0,0.645406226,1,1434,2111,3545,0,1,85,3534
"AIRAWAT - PSAI - NVIDIA DGX A100, AMD EPYC 7742 64C 2.25GHz, NVIDIA A100, Infiniband HDR,",1/6/2023,75,Netweb Technologies,81344,8.5,13.17,2294.598255,0,0.645406226,1,1434,2111,3545,0,1,85,3534
"NVIDIA DGX B200, Xeon Platinum 8570 56C 2.1GHz, NVIDIA DGX B200, Infiniband NDR400, Red Hat Enterprise Linux,",1/11/2025,189,Nvidia,40176,8.49,9.46,2294.598255,0,0.897463002,1,1434,2111,3545,0,1,85,3534
"Tuwaiq-1 - PowerEdge XE8640, Intel Xeon Platinum 8462Y+ 32C 2.8GHz, NVIDIA HGX H100, Infiniband HDR,",1/11/2025,190,DELL,61568,8.49,14.17,2294.598255,0,0.59915314,1,1434,2111,3545,0,1,85,3534
"Tuwaiq-1 - PowerEdge XE8640, Intel Xeon Platinum 8462Y+ 32C 2.8GHz, NVIDIA HGX H100, Infiniband HDR,",1/6/2025,163,DELL,61568,8.49,14.17,2294.598255,0,0.59915314,1,1434,2111,3545,0,1,85,3534
"Tuwaiq-1 - PowerEdge XE8640, Intel Xeon Platinum 8462Y+ 32C 2.8GHz, NVIDIA HGX H100, Infiniband HDR,",1/11/2024,137,DELL,61568,8.49,14.17,2294.598255,0,0.59915314,1,1434,2111,3545,0,1,85,3534
"Tuwaiq-1 - PowerEdge XE8640, Intel Xeon Platinum 8462Y+ 32C 2.8GHz, NVIDIA HGX H100, Infiniband HDR,",1/6/2024,111,DELL,61568,8.49,14.17,2294.598255,0,0.59915314,1,1434,2111,3545,0,1,85,3534
"Otus (CPU only) - ThinkSystem SD665-N V3, AMD EPYC 9655 96C 2.6GHz, Infiniband NDR, Rocky Linux 9.4,",1/11/2025,191,Lenovo,137472,8.42,11.44,2294.598255,0,0.736013986,0,1434,2111,3545,0,1,85,3534
"Otus (CPU only) - ThinkSystem SD665-N V3, AMD EPYC 9655 96C 2.6GHz, Infiniband NDR, Rocky Linux 9.4,",1/6/2025,164,Lenovo,137472,8.42,11.44,2294.598255,0,0.736013986,0,1434,2111,3545,0,1,85,3534
"C24 - HPE Cray EX, AMD EPYC 9654 96C 2.4GHz, Slingshot-11,",1/11/2025,192,HPE,196608,8.4,8.87,2294.598255,0,0.947012401,0,1434,2111,3545,0,1,85,3534
"C24 - HPE Cray EX, AMD EPYC 9654 96C 2.4GHz, Slingshot-11,",1/6/2025,165,HPE,196608,8.4,8.87,2294.598255,0,0.947012401,0,1434,2111,3545,0,1,85,3534
"C24 - HPE Cray EX, AMD EPYC 9654 96C 2.4GHz, Slingshot-11,",1/11/2024,138,HPE,196608,8.4,8.87,2294.598255,0,0.947012401,0,1434,2111,3545,0,1,85,3534
"C24 - HPE Cray EX, AMD EPYC 9654 96C 2.4GHz, Slingshot-11,",1/6/2024,112,HPE,196608,8.4,8.87,2294.598255,0,0.947012401,0,1434,2111,3545,0,1,85,3534
"SNL/NNSA CTS-2 Nitro - PowerEdge C6220, Xeon Platinum 8480+ 56C 2GHz, Cornelis Networks Omni-Path, Linux/TOSS,",1/11/2025,193,DELL,148512,8.36,9.5,2294.598255,0,0.88,0,1434,2111,3545,0,1,85,3534
"AiMOS - IBM Power System AC922, IBM POWER9 20C 3.45GHz, NVIDIA Volta GV100, Dual-rail Mellanox EDR Infiniband,",1/11/2025,194,IBM,130000,8.34,11.03,512.08,0.016286518,0.756119674,1,1434,2111,3545,0,1,85,3534
"AiMOS - IBM Power System AC922, IBM POWER9 20C 3.45GHz, NVIDIA Volta GV100, Dual-rail Mellanox EDR Infiniband,",1/6/2025,166,IBM,130000,8.34,11.03,512.08,0.016286518,0.756119674,1,1434,2111,3545,0,1,85,3534
"AiMOS - IBM Power System AC922, IBM POWER9 20C 3.45GHz, NVIDIA Volta GV100, Dual-rail Mellanox EDR Infiniband,",1/11/2024,139,IBM,130000,8.34,11.03,512.08,0.016286518,0.756119674,1,1434,2111,3545,0,1,85,3534
"AiMOS - IBM Power System AC922, IBM POWER9 20C 3.45GHz, NVIDIA Volta GV100, Dual-rail Mellanox EDR Infiniband,",1/6/2024,113,IBM,130000,8.34,11.03,512.08,0.016286518,0.756119674,1,1434,2111,3545,0,1,85,3534
"AiMOS - IBM Power System AC922, IBM POWER9 20C 3.45GHz, NVIDIA Volta GV100, Dual-rail Mellanox EDR Infiniband,",1/11/2023,90,IBM,130000,8.34,11.03,512.08,0.016286518,0.756119674,1,1434,2111,3545,0,1,85,3534
"AiMOS - IBM Power System AC922, IBM POWER9 20C 3.45GHz, NVIDIA Volta GV100, Dual-rail Mellanox EDR Infiniband,",1/6/2023,76,IBM,130000,8.34,11.03,512.08,0.016286518,0.756119674,1,1434,2111,3545,0,1,85,3534
"AiMOS - IBM Power System AC922, IBM POWER9 20C 3.45GHz, NVIDIA Volta GV100, Dual-rail Mellanox EDR Infiniband,",1/11/2022,67,IBM,130000,8.34,11.03,512.08,0.016286518,0.756119674,1,1434,2111,3545,0,1,85,3534
"AiMOS - IBM Power System AC922, IBM POWER9 20C 3.45GHz, NVIDIA Volta GV100, Dual-rail Mellanox EDR Infiniband,",1/6/2022,62,IBM,130000,8.34,11.03,512.08,0.016286518,0.756119674,1,1434,2111,3545,0,1,85,3534
"AiMOS - IBM Power System AC922, IBM POWER9 20C 3.45GHz, NVIDIA Volta GV100, Dual-rail Mellanox EDR Infiniband,",1/11/2021,57,IBM,130000,8.34,11.03,512.08,0.016286518,0.756119674,1,1434,2111,3545,0,1,85,3534
"AiMOS - IBM Power System AC922, IBM POWER9 20C 3.45GHz, NVIDIA Volta GV100, Dual-rail Mellanox EDR Infiniband,",1/6/2021,48,IBM,130000,8.34,11.03,512.08,0.016286518,0.756119674,1,1434,2111,3545,0,1,85,3534
"AiMOS - IBM Power System AC922, IBM POWER9 20C 3.45GHz, NVIDIA Volta GV100, Dual-rail Mellanox EDR Infiniband,",1/11/2020,29,IBM,130000,8.34,11.03,512.08,0.016286518,0.756119674,1,1434,2111,3545,0,1,85,3534
"AiMOS - IBM Power System AC922, IBM POWER9 20C 3.45GHz, NVIDIA Volta GV100, Dual-rail Mellanox EDR Infiniband,",1/6/2020,26,IBM,130000,8.34,11.03,512.08,0.016286518,0.756119674,1,1434,2111,3545,0,1,85,3534
"AiMOS - IBM Power System AC922, IBM POWER9 20C 3.45GHz, NVIDIA Volta GV100, Dual-rail Mellanox EDR Infiniband,",1/11/2019,24,IBM,130000,8.04,11.12,510.1,0.015761615,0.723021583,1,1434,2111,3545,0,1,85,3534
"Lockhart TDS 56 - HPE Cray EX MI250x, AMD Optimized 3rd Generation EPYC 64C 2GHz, AMD Instinct MI250X, Slingshot-11, HPE Cray OS,",1/11/2025,195,HPE,52864,8.33,10.75,2294.598255,0,0.774883721,1,1434,2111,3545,0,1,85,3534
"Arka - BullSequana XH2000, AMD EPYC 7643 48C 2.3GHz, Infiniband HDR, Red Hat Enterprise Linux,",1/11/2025,196,EVIDEN,290016,8.28,10.61,2016.9,0.00410531,0.780395853,0,1434,2111,3545,0,1,85,3534
"Arka - BullSequana XH2000, AMD EPYC 7643 48C 2.3GHz, Infiniband HDR, Red Hat Enterprise Linux,",1/6/2025,220,EVIDEN,290016,5.94,7.4,1235.8,0.004806603,0.802702703,0,1434,2111,3545,0,1,85,3534
"Arka - BullSequana XH2000, AMD EPYC 7643 48C 2.3GHz, Infiniband HDR, Red Hat Enterprise Linux,",1/11/2024,188,EVIDEN,290016,5.94,7.4,1235.8,0.004806603,0.802702703,0,1434,2111,3545,0,1,85,3534
"CATT - HPE Cray EX, AMD EPYC 9654 96C 2.4GHz, Slingshot-11, HPE Cray OS,",1/11/2025,197,HPE,196608,8.27,8.87,2294.598255,0,0.932356257,0,1434,2111,3545,0,1,85,3534
"CATT - HPE Cray EX, AMD EPYC 9654 96C 2.4GHz, Slingshot-11, HPE Cray OS,",1/6/2025,167,HPE,196608,8.27,8.87,2294.598255,0,0.932356257,0,1434,2111,3545,0,1,85,3534
"CATT - HPE Cray EX, AMD EPYC 9654 96C 2.4GHz, Slingshot-11, HPE Cray OS,",1/11/2024,140,HPE,196608,8.27,8.87,2294.598255,0,0.932356257,0,1434,2111,3545,0,1,85,3534
"Taranis - Bull Sequana XH2000 , AMD EPYC 7742 64C 2.25GHz, Mellanox InfiniBand HDR100,",1/11/2025,198,EVIDEN,294912,8.19,10.32,1672,0.004898325,0.793604651,0,1434,2111,3545,0,1,85,3534
"Taranis - Bull Sequana XH2000 , AMD EPYC 7742 64C 2.25GHz, Mellanox InfiniBand HDR100,",1/6/2025,168,EVIDEN,294912,8.19,10.32,1672,0.004898325,0.793604651,0,1434,2111,3545,0,1,85,3534
"Taranis - Bull Sequana XH2000 , AMD EPYC 7742 64C 2.25GHz, Mellanox InfiniBand HDR100,",1/11/2024,141,EVIDEN,294912,8.19,10.32,1672,0.004898325,0.793604651,0,1434,2111,3545,0,1,85,3534
"Taranis - Bull Sequana XH2000 , AMD EPYC 7742 64C 2.25GHz, Mellanox InfiniBand HDR100,",1/6/2024,115,EVIDEN,294912,8.19,10.32,1672,0.004898325,0.793604651,0,1434,2111,3545,0,1,85,3534
"Taranis - Bull Sequana XH2000 , AMD EPYC 7742 64C 2.25GHz, Mellanox InfiniBand HDR100,",1/11/2023,92,EVIDEN,294912,8.19,10.32,1672,0.004898325,0.793604651,0,1434,2111,3545,0,1,85,3534
"Taranis - Bull Sequana XH2000 , AMD EPYC 7742 64C 2.25GHz, Mellanox InfiniBand HDR100,",1/6/2023,78,EVIDEN,294912,8.19,10.32,1672,0.004898325,0.793604651,0,1434,2111,3545,0,1,85,3534
"Taranis - Bull Sequana XH2000 , AMD EPYC 7742 64C 2.25GHz, Mellanox InfiniBand HDR100,",1/11/2022,69,EVIDEN,294912,8.19,10.32,1672,0.004898325,0.793604651,0,1434,2111,3545,0,1,85,3534
"Taranis - Bull Sequana XH2000 , AMD EPYC 7742 64C 2.25GHz, Mellanox InfiniBand HDR100,",1/6/2022,63,EVIDEN,294912,8.19,10.32,1672,0.004898325,0.793604651,0,1434,2111,3545,0,1,85,3534
"Taranis - Bull Sequana XH2000 , AMD EPYC 7742 64C 2.25GHz, Mellanox InfiniBand HDR100,",1/11/2021,58,EVIDEN,294912,8.19,10.32,1672,0.004898325,0.793604651,0,1434,2111,3545,0,1,85,3534
"Taranis - Bull Sequana XH2000 , AMD EPYC 7742 64C 2.25GHz, Mellanox InfiniBand HDR100,",1/6/2021,49,EVIDEN,294912,8.19,10.32,1672,0.004898325,0.793604651,0,1434,2111,3545,0,1,85,3534
"Taranis - Bull Sequana XH2000 , AMD EPYC 7742 64C 2.25GHz, Mellanox InfiniBand HDR100,",1/11/2020,30,EVIDEN,294912,8.19,10.32,1672,0.004898325,0.793604651,0,1434,2111,3545,0,1,85,3534
"LANTA - HPE Cray EX235n, AMD EPYC 7713 64C 2GHz, NVIDIA A100 40GB, Slingshot-11,",1/11/2025,199,HPE,87296,8.15,13.77,310.46,0.026251369,0.591866376,1,1434,2111,3545,0,1,85,3534
"LANTA - HPE Cray EX235n, AMD EPYC 7713 64C 2GHz, NVIDIA A100 40GB, Slingshot-11,",1/6/2025,169,HPE,87296,8.15,13.77,310.46,0.026251369,0.591866376,1,1434,2111,3545,0,1,85,3534
"LANTA - HPE Cray EX235n, AMD EPYC 7713 64C 2GHz, NVIDIA A100 40GB, Slingshot-11,",1/11/2024,142,HPE,87296,8.15,13.77,310.46,0.026251369,0.591866376,1,1434,2111,3545,0,1,85,3534
"LANTA - HPE Cray EX235n, AMD EPYC 7713 64C 2GHz, NVIDIA A100 40GB, Slingshot-11,",1/6/2024,116,HPE,87296,8.15,13.77,310.46,0.026251369,0.591866376,1,1434,2111,3545,0,1,85,3534
"LANTA - HPE Cray EX235n, AMD EPYC 7713 64C 2GHz, NVIDIA A100 40GB, Slingshot-11,",1/11/2023,93,HPE,87296,8.15,13.77,310.46,0.026251369,0.591866376,1,1434,2111,3545,0,1,85,3534
"LANTA - HPE Cray EX235n, AMD EPYC 7713 64C 2GHz, NVIDIA A100 40GB, Slingshot-11,",1/6/2023,79,HPE,87296,8.15,13.77,310.46,0.026251369,0.591866376,1,1434,2111,3545,0,1,85,3534
"LANTA - HPE Cray EX235n, AMD EPYC 7713 64C 2GHz, NVIDIA A100 40GB, Slingshot-11,",1/11/2022,70,HPE,87296,8.15,13.77,310.46,0.026251369,0.591866376,1,1434,2111,3545,0,1,85,3534
"Roxy - Apollo 2000, Xeon Gold 6248 20C 2.5GHz, Infiniband EDR,",1/11/2025,200,HPE,174720,8.12,13.98,2294.598255,0,0.580829757,0,1434,2111,3545,0,1,85,3534
"Roxy - Apollo 2000, Xeon Gold 6248 20C 2.5GHz, Infiniband EDR,",1/6/2025,170,HPE,174720,8.12,13.98,2294.598255,0,0.580829757,0,1434,2111,3545,0,1,85,3534
"Roxy - Apollo 2000, Xeon Gold 6248 20C 2.5GHz, Infiniband EDR,",1/11/2024,143,HPE,174720,8.12,13.98,2294.598255,0,0.580829757,0,1434,2111,3545,0,1,85,3534
"Roxy - Apollo 2000, Xeon Gold 6248 20C 2.5GHz, Infiniband EDR,",1/6/2024,117,HPE,174720,8.12,13.98,2294.598255,0,0.580829757,0,1434,2111,3545,0,1,85,3534
"Roxy - Apollo 2000, Xeon Gold 6248 20C 2.5GHz, Infiniband EDR,",1/11/2023,95,HPE,174720,8.12,13.98,2294.598255,0,0.580829757,0,1434,2111,3545,0,1,85,3534
"Roxy - Apollo 2000, Xeon Gold 6248 20C 2.5GHz, Infiniband EDR,",1/6/2023,81,HPE,174720,8.12,13.98,2294.598255,0,0.580829757,0,1434,2111,3545,0,1,85,3534
"Roxy - Apollo 2000, Xeon Gold 6248 20C 2.5GHz, Infiniband EDR,",1/11/2022,72,HPE,174720,8.12,13.98,2294.598255,0,0.580829757,0,1434,2111,3545,0,1,85,3534
"Roxy - Apollo 2000, Xeon Gold 6248 20C 2.5GHz, Infiniband EDR,",1/6/2022,65,HPE,174720,8.12,13.98,2294.598255,0,0.580829757,0,1434,2111,3545,0,1,85,3534
"Roxy - Apollo 2000, Xeon Gold 6248 20C 2.5GHz, Infiniband EDR,",1/11/2021,60,HPE,174720,8.12,13.98,2294.598255,0,0.580829757,0,1434,2111,3545,0,1,85,3534
"Roxy - Apollo 2000, Xeon Gold 6248 20C 2.5GHz, Infiniband EDR,",1/6/2021,51,HPE,174720,8.12,13.98,2294.598255,0,0.580829757,0,1434,2111,3545,0,1,85,3534
"Roxy - Apollo 2000, Xeon Gold 6248 20C 2.5GHz, Infiniband EDR,",1/11/2020,32,HPE,174720,8.12,13.98,2294.598255,0,0.580829757,0,1434,2111,3545,0,1,85,3534
"Roxy - Apollo 2000, Xeon Gold 6248 20C 2.5GHz, Infiniband EDR,",1/6/2020,28,HPE,174720,8.12,13.98,2294.598255,0,0.580829757,0,1434,2111,3545,0,1,85,3534
"HoreKa-Green - ThinkSystem SD650 V2, Xeon Platinum 8368 38C 2.4GHz, NVIDIA A100 40GB, Mellanox HDR Infiniband,",1/11/2025,201,Lenovo,90932,8.03,15.01,358.79,0.02238078,0.534976682,1,1434,2111,3545,0,1,85,3534
"HoreKa-Green - ThinkSystem SD650 V2, Xeon Platinum 8368 38C 2.4GHz, NVIDIA A100 40GB, Mellanox HDR Infiniband,",1/6/2025,171,Lenovo,90932,8.03,15.01,358.79,0.02238078,0.534976682,1,1434,2111,3545,0,1,85,3534
"HoreKa-Green - ThinkSystem SD650 V2, Xeon Platinum 8368 38C 2.4GHz, NVIDIA A100 40GB, Mellanox HDR Infiniband,",1/11/2024,144,Lenovo,90932,8.03,15.01,358.79,0.02238078,0.534976682,1,1434,2111,3545,0,1,85,3534
"HoreKa-Green - ThinkSystem SD650 V2, Xeon Platinum 8368 38C 2.4GHz, NVIDIA A100 40GB, Mellanox HDR Infiniband,",1/6/2024,118,Lenovo,90932,8.03,15.01,358.79,0.02238078,0.534976682,1,1434,2111,3545,0,1,85,3534
"HoreKa-Green - ThinkSystem SD650 V2, Xeon Platinum 8368 38C 2.4GHz, NVIDIA A100 40GB, Mellanox HDR Infiniband,",1/11/2023,96,Lenovo,90932,8.03,15.01,358.79,0.02238078,0.534976682,1,1434,2111,3545,0,1,85,3534
"HoreKa-Green - ThinkSystem SD650 V2, Xeon Platinum 8368 38C 2.4GHz, NVIDIA A100 40GB, Mellanox HDR Infiniband,",1/6/2023,82,Lenovo,90932,8.03,15.01,358.79,0.02238078,0.534976682,1,1434,2111,3545,0,1,85,3534
"HoreKa-Green - ThinkSystem SD650 V2, Xeon Platinum 8368 38C 2.4GHz, NVIDIA A100 40GB, Mellanox HDR Infiniband,",1/11/2022,73,Lenovo,90932,8.03,15.01,358.79,0.02238078,0.534976682,1,1434,2111,3545,0,1,85,3534
"HoreKa-Green - ThinkSystem SD650 V2, Xeon Platinum 8368 38C 2.4GHz, NVIDIA A100 40GB, Mellanox HDR Infiniband,",1/6/2022,66,Lenovo,90932,8.03,15.01,358.79,0.02238078,0.534976682,1,1434,2111,3545,0,1,85,3534
"HoreKa-Green - ThinkSystem SD650 V2, Xeon Platinum 8368 38C 2.4GHz, NVIDIA A100 40GB, Mellanox HDR Infiniband,",1/11/2021,61,Lenovo,90932,8.03,15.01,358.79,0.02238078,0.534976682,1,1434,2111,3545,0,1,85,3534
"HoreKa-Green - ThinkSystem SD650 V2, Xeon Platinum 8368 38C 2.4GHz, NVIDIA A100 40GB, Mellanox HDR Infiniband,",1/6/2021,52,Lenovo,90932,8.03,15.01,358.79,0.02238078,0.534976682,1,1434,2111,3545,0,1,85,3534
"Narwhal - HPE Cray EX, AMD EPYC 7H12 64C 2.6GHz, Slingshot-10,",1/11/2025,202,HPE,276480,8.02,11.5,2294.598255,0,0.697391304,0,1434,2111,3545,0,1,85,3534
"Narwhal - HPE Cray EX, AMD EPYC 7H12 64C 2.6GHz, Slingshot-10,",1/6/2025,172,HPE,276480,8.02,11.5,2294.598255,0,0.697391304,0,1434,2111,3545,0,1,85,3534
"Narwhal - HPE Cray EX, AMD EPYC 7H12 64C 2.6GHz, Slingshot-10,",1/11/2024,145,HPE,276480,8.02,11.5,2294.598255,0,0.697391304,0,1434,2111,3545,0,1,85,3534
"Narwhal - HPE Cray EX, AMD EPYC 7H12 64C 2.6GHz, Slingshot-10,",1/6/2024,119,HPE,276480,8.02,11.5,2294.598255,0,0.697391304,0,1434,2111,3545,0,1,85,3534
"Narwhal - HPE Cray EX, AMD EPYC 7H12 64C 2.6GHz, Slingshot-10,",1/11/2023,97,HPE,276480,8.02,11.5,2294.598255,0,0.697391304,0,1434,2111,3545,0,1,85,3534
"Narwhal - HPE Cray EX, AMD EPYC 7H12 64C 2.6GHz, Slingshot-10,",1/6/2023,83,HPE,276480,8.02,11.5,2294.598255,0,0.697391304,0,1434,2111,3545,0,1,85,3534
"Narwhal - HPE Cray EX, AMD EPYC 7H12 64C 2.6GHz, Slingshot-10,",1/11/2022,74,HPE,276480,8.02,11.5,2294.598255,0,0.697391304,0,1434,2111,3545,0,1,85,3534
"Narwhal - HPE Cray EX, AMD EPYC 7H12 64C 2.6GHz, Slingshot-10,",1/6/2022,67,HPE,276480,8.02,11.5,2294.598255,0,0.697391304,0,1434,2111,3545,0,1,85,3534
"Narwhal - HPE Cray EX, AMD EPYC 7H12 64C 2.6GHz, Slingshot-10,",1/11/2021,62,HPE,276480,8.02,11.5,2294.598255,0,0.697391304,0,1434,2111,3545,0,1,85,3534
"Narwhal - HPE Cray EX, AMD EPYC 7H12 64C 2.6GHz, Slingshot-10,",1/6/2021,53,HPE,276480,8.02,11.5,2294.598255,0,0.697391304,0,1434,2111,3545,0,1,85,3534
"Nibi - GPU - TRIDENT iC610DR-G7, Intel Xeon 6972P 96C 2.4GHz, 400g Ethernet, Rocky Linux 8,",1/11/2025,203,HYPERTEC,6144,7.98,15.36,2294.598255,0,0.51953125,1,1434,2111,3545,0,1,85,3534
"Nibi - GPU - TRIDENT iC610DR-G7, Intel Xeon 6972P 96C 2.4GHz, 400g Ethernet, Rocky Linux 8,",1/6/2025,173,HYPERTEC,6144,7.98,15.36,2294.598255,0,0.51953125,1,1434,2111,3545,0,1,85,3534
"42 - Apollo 6500, AMD EPYC 7313 16C 3GHz, NVIDIA A100 SXM4 80 GB, Infiniband HDR,",1/11/2025,204,HPE,64512,7.94,8.83,352.8,0.022505669,0.899207248,1,1434,2111,3545,0,1,85,3534
"42 - Apollo 6500, AMD EPYC 7313 16C 3GHz, NVIDIA A100 SXM4 80 GB, Infiniband HDR,",1/6/2025,174,HPE,64512,7.94,8.83,352.8,0.022505669,0.899207248,1,1434,2111,3545,0,1,85,3534
"42 - Apollo 6500, AMD EPYC 7313 16C 3GHz, NVIDIA A100 SXM4 80 GB, Infiniband HDR,",1/11/2024,146,HPE,64512,7.94,8.83,352.8,0.022505669,0.899207248,1,1434,2111,3545,0,1,85,3534
"42 - Apollo 6500, AMD EPYC 7313 16C 3GHz, NVIDIA A100 SXM4 80 GB, Infiniband HDR,",1/6/2024,120,HPE,64512,7.94,8.83,352.8,0.022505669,0.899207248,1,1434,2111,3545,0,1,85,3534
"42 - Apollo 6500, AMD EPYC 7313 16C 3GHz, NVIDIA A100 SXM4 80 GB, Infiniband HDR,",1/11/2023,98,HPE,64512,7.94,8.83,352.8,0.022505669,0.899207248,1,1434,2111,3545,0,1,85,3534
"Minerva - ThinkSystem SD650 V3, Intel Xeon Platinum 9242 48C 2.3GHz, NVIDIA H100 SXM5 80GB, Infiniband NDR400, Linux,",1/11/2025,205,Lenovo,28080,7.91,9.99,170.91,0.046281669,0.791791792,1,1434,2111,3545,0,1,85,3534
"Minerva - ThinkSystem SD650 V3, Intel Xeon Platinum 9242 48C 2.3GHz, NVIDIA H100 SXM5 80GB, Infiniband NDR400, Linux,",1/6/2025,175,Lenovo,28080,7.91,9.99,170.91,0.046281669,0.791791792,1,1434,2111,3545,0,1,85,3534
"Minerva - ThinkSystem SD650 V3, Intel Xeon Platinum 9242 48C 2.3GHz, NVIDIA H100 SXM5 80GB, Infiniband NDR400, Linux,",1/11/2024,147,Lenovo,28080,7.91,9.99,170.91,0.046281669,0.791791792,1,1434,2111,3545,0,1,85,3534
"Leonardo-CPU - EVIDEN BullSequana XH2000, Xeon Platinum 8480L 56C 2GHz, InfiniBand HDR 100,",1/11/2025,206,EVIDEN,172032,7.84,9.43,1118.37,0.007010202,0.831389183,0,1434,2111,3545,0,1,85,3534
"Leonardo-CPU - EVIDEN BullSequana XH2000, Xeon Platinum 8480L 56C 2GHz, InfiniBand HDR 100,",1/6/2025,177,EVIDEN,172032,7.84,9.43,1118.37,0.007010202,0.831389183,0,1434,2111,3545,0,1,85,3534
"Leonardo-CPU - EVIDEN BullSequana XH2000, Xeon Platinum 8480L 56C 2GHz, InfiniBand HDR 100,",1/11/2024,149,EVIDEN,172032,7.84,9.43,1118.37,0.007010202,0.831389183,0,1434,2111,3545,0,1,85,3534
"Leonardo-CPU - EVIDEN BullSequana XH2000, Xeon Platinum 8480L 56C 2GHz, InfiniBand HDR 100,",1/6/2024,122,EVIDEN,172032,7.84,9.43,1118.37,0.007010202,0.831389183,0,1434,2111,3545,0,1,85,3534
"Leonardo-CPU - EVIDEN BullSequana XH2000, Xeon Platinum 8480L 56C 2GHz, InfiniBand HDR 100,",1/11/2023,100,EVIDEN,172032,7.84,9.43,1118.37,0.007010202,0.831389183,0,1434,2111,3545,0,1,85,3534
"Underhill - ThinkSystem SD650 V2, Xeon Platinum 8380 40C 2.3GHz, Infiniband HDR,",1/11/2025,207,Lenovo,148320,7.76,10.92,1294.72,0.005993574,0.710622711,0,1434,2111,3545,0,1,85,3534
"Underhill - ThinkSystem SD650 V2, Xeon Platinum 8380 40C 2.3GHz, Infiniband HDR,",1/6/2025,178,Lenovo,148320,7.76,10.92,1294.72,0.005993574,0.710622711,0,1434,2111,3545,0,1,85,3534
"Underhill - ThinkSystem SD650 V2, Xeon Platinum 8380 40C 2.3GHz, Infiniband HDR,",1/11/2024,150,Lenovo,148320,7.76,10.92,1294.72,0.005993574,0.710622711,0,1434,2111,3545,0,1,85,3534
"Underhill - ThinkSystem SD650 V2, Xeon Platinum 8380 40C 2.3GHz, Infiniband HDR,",1/6/2024,123,Lenovo,148320,7.76,10.92,1294.72,0.005993574,0.710622711,0,1434,2111,3545,0,1,85,3534
"Underhill - ThinkSystem SD650 V2, Xeon Platinum 8380 40C 2.3GHz, Infiniband HDR,",1/11/2023,101,Lenovo,148320,7.76,10.92,1294.72,0.005993574,0.710622711,0,1434,2111,3545,0,1,85,3534
"Underhill - ThinkSystem SD650 V2, Xeon Platinum 8380 40C 2.3GHz, Infiniband HDR,",1/6/2023,85,Lenovo,148320,7.76,10.92,1294.72,0.005993574,0.710622711,0,1434,2111,3545,0,1,85,3534
"Underhill - ThinkSystem SD650 V2, Xeon Platinum 8380 40C 2.3GHz, Infiniband HDR,",1/11/2022,76,Lenovo,148320,7.76,10.92,1294.72,0.005993574,0.710622711,0,1434,2111,3545,0,1,85,3534
"Underhill - ThinkSystem SD650 V2, Xeon Platinum 8380 40C 2.3GHz, Infiniband HDR,",1/6/2022,69,Lenovo,148320,7.76,10.92,1294.72,0.005993574,0.710622711,0,1434,2111,3545,0,1,85,3534
"Robert - ThinkSystem SD650-N V2, Xeon Platinum 8380 40C 2.3GHz, Infiniband HDR,",1/11/2025,208,Lenovo,148320,7.76,10.92,1294.72,0.005993574,0.710622711,0,1434,2111,3545,0,1,85,3534
"Robert - ThinkSystem SD650-N V2, Xeon Platinum 8380 40C 2.3GHz, Infiniband HDR,",1/6/2025,179,Lenovo,148320,7.76,10.92,1294.72,0.005993574,0.710622711,0,1434,2111,3545,0,1,85,3534
"Robert - ThinkSystem SD650-N V2, Xeon Platinum 8380 40C 2.3GHz, Infiniband HDR,",1/11/2024,151,Lenovo,148320,7.76,10.92,1294.72,0.005993574,0.710622711,0,1434,2111,3545,0,1,85,3534
"Robert - ThinkSystem SD650-N V2, Xeon Platinum 8380 40C 2.3GHz, Infiniband HDR,",1/6/2024,124,Lenovo,148320,7.76,10.92,1294.72,0.005993574,0.710622711,0,1434,2111,3545,0,1,85,3534
"Robert - ThinkSystem SD650-N V2, Xeon Platinum 8380 40C 2.3GHz, Infiniband HDR,",1/11/2023,102,Lenovo,148320,7.76,10.92,1294.72,0.005993574,0.710622711,0,1434,2111,3545,0,1,85,3534
"Robert - ThinkSystem SD650-N V2, Xeon Platinum 8380 40C 2.3GHz, Infiniband HDR,",1/6/2023,86,Lenovo,148320,7.76,10.92,1294.72,0.005993574,0.710622711,0,1434,2111,3545,0,1,85,3534
"Robert - ThinkSystem SD650-N V2, Xeon Platinum 8380 40C 2.3GHz, Infiniband HDR,",1/11/2022,77,Lenovo,148320,7.76,10.92,1294.72,0.005993574,0.710622711,0,1434,2111,3545,0,1,85,3534
"Robert - ThinkSystem SD650-N V2, Xeon Platinum 8380 40C 2.3GHz, Infiniband HDR,",1/6/2022,70,Lenovo,148320,7.76,10.92,1294.72,0.005993574,0.710622711,0,1434,2111,3545,0,1,85,3534
"Belenos - Bull Sequana XH2000 , AMD EPYC 7742 64C 2.25GHz, Mellanox HDR100,",1/11/2025,209,EVIDEN,294912,7.68,10.47,1655,0.004640483,0.733524355,0,1434,2111,3545,0,1,85,3534
"Belenos - Bull Sequana XH2000 , AMD EPYC 7742 64C 2.25GHz, Mellanox HDR100,",1/6/2025,180,EVIDEN,294912,7.68,10.47,1655,0.004640483,0.733524355,0,1434,2111,3545,0,1,85,3534
"Belenos - Bull Sequana XH2000 , AMD EPYC 7742 64C 2.25GHz, Mellanox HDR100,",1/11/2024,152,EVIDEN,294912,7.68,10.47,1655,0.004640483,0.733524355,0,1434,2111,3545,0,1,85,3534
"Belenos - Bull Sequana XH2000 , AMD EPYC 7742 64C 2.25GHz, Mellanox HDR100,",1/6/2024,125,EVIDEN,294912,7.68,10.47,1655,0.004640483,0.733524355,0,1434,2111,3545,0,1,85,3534
"Belenos - Bull Sequana XH2000 , AMD EPYC 7742 64C 2.25GHz, Mellanox HDR100,",1/11/2023,103,EVIDEN,294912,7.68,10.47,1655,0.004640483,0.733524355,0,1434,2111,3545,0,1,85,3534
"Belenos - Bull Sequana XH2000 , AMD EPYC 7742 64C 2.25GHz, Mellanox HDR100,",1/6/2023,87,EVIDEN,294912,7.68,10.47,1655,0.004640483,0.733524355,0,1434,2111,3545,0,1,85,3534
"Belenos - Bull Sequana XH2000 , AMD EPYC 7742 64C 2.25GHz, Mellanox HDR100,",1/11/2022,78,EVIDEN,294912,7.68,10.47,1655,0.004640483,0.733524355,0,1434,2111,3545,0,1,85,3534
"Belenos - Bull Sequana XH2000 , AMD EPYC 7742 64C 2.25GHz, Mellanox HDR100,",1/6/2022,71,EVIDEN,294912,7.68,10.47,1655,0.004640483,0.733524355,0,1434,2111,3545,0,1,85,3534
"Belenos - Bull Sequana XH2000 , AMD EPYC 7742 64C 2.25GHz, Mellanox HDR100,",1/11/2021,64,EVIDEN,294912,7.68,10.47,1655,0.004640483,0.733524355,0,1434,2111,3545,0,1,85,3534
"Belenos - Bull Sequana XH2000 , AMD EPYC 7742 64C 2.25GHz, Mellanox HDR100,",1/6/2021,55,EVIDEN,294912,7.68,10.47,1655,0.004640483,0.733524355,0,1434,2111,3545,0,1,85,3534
"Belenos - Bull Sequana XH2000 , AMD EPYC 7742 64C 2.25GHz, Mellanox HDR100,",1/11/2020,34,EVIDEN,294912,7.68,10.47,1655,0.004640483,0.733524355,0,1434,2111,3545,0,1,85,3534
"Belenos - Bull Sequana XH2000 , AMD EPYC 7742 64C 2.25GHz, Mellanox HDR100,",1/6/2020,29,EVIDEN,294912,7.68,10.47,1655,0.004640483,0.733524355,0,1434,2111,3545,0,1,85,3534
"alpha ONE - Apollo 6500, AMD EPYC 7F52 16C 3.5GHz, NVIDIA A100 SXM4 80 GB, Mellanox HDR Infiniband,",1/11/2025,210,HPE,57344,7.62,7.86,2294.598255,0,0.969465649,1,1434,2111,3545,0,1,85,3534
"alpha ONE - Apollo 6500, AMD EPYC 7F52 16C 3.5GHz, NVIDIA A100 SXM4 80 GB, Mellanox HDR Infiniband,",1/6/2025,181,HPE,57344,7.62,7.86,2294.598255,0,0.969465649,1,1434,2111,3545,0,1,85,3534
"alpha ONE - Apollo 6500, AMD EPYC 7F52 16C 3.5GHz, NVIDIA A100 SXM4 80 GB, Mellanox HDR Infiniband,",1/11/2024,153,HPE,57344,7.62,7.86,2294.598255,0,0.969465649,1,1434,2111,3545,0,1,85,3534
"alpha ONE - Apollo 6500, AMD EPYC 7F52 16C 3.5GHz, NVIDIA A100 SXM4 80 GB, Mellanox HDR Infiniband,",1/6/2024,126,HPE,57344,7.62,7.86,2294.598255,0,0.969465649,1,1434,2111,3545,0,1,85,3534
"alpha ONE - Apollo 6500, AMD EPYC 7F52 16C 3.5GHz, NVIDIA A100 SXM4 80 GB, Mellanox HDR Infiniband,",1/11/2023,104,HPE,57344,7.62,7.86,2294.598255,0,0.969465649,1,1434,2111,3545,0,1,85,3534
"alpha ONE - Apollo 6500, AMD EPYC 7F52 16C 3.5GHz, NVIDIA A100 SXM4 80 GB, Mellanox HDR Infiniband,",1/6/2023,88,HPE,57344,7.62,7.86,2294.598255,0,0.969465649,1,1434,2111,3545,0,1,85,3534
"alpha ONE - Apollo 6500, AMD EPYC 7F52 16C 3.5GHz, NVIDIA A100 SXM4 80 GB, Mellanox HDR Infiniband,",1/11/2022,79,HPE,57344,7.62,7.86,2294.598255,0,0.969465649,1,1434,2111,3545,0,1,85,3534
"alpha ONE - Apollo 6500, AMD EPYC 7F52 16C 3.5GHz, NVIDIA A100 SXM4 80 GB, Mellanox HDR Infiniband,",1/6/2022,72,HPE,57344,7.62,7.86,2294.598255,0,0.969465649,1,1434,2111,3545,0,1,85,3534
"The F.I.N - NVIDIA DGX B200, Xeon Platinum 8570 56C 2.1GHz, NVIDIA B200 180 GB, Infiniband NDR400, Ubuntu 24.04,",1/11/2025,211,Nvidia,38880,7.57,9.36,2294.598255,0,0.808760684,1,1434,2111,3545,0,1,85,3534
"PupMaya - Apollo 2000, Xeon Gold 6148 20C 2.4GHz, Infiniband EDR,",1/11/2025,212,HPE,169920,7.48,12.9,2294.598255,0,0.579844961,0,1434,2111,3545,0,1,85,3534
"PupMaya - Apollo 2000, Xeon Gold 6148 20C 2.4GHz, Infiniband EDR,",1/6/2025,182,HPE,169920,7.48,12.9,2294.598255,0,0.579844961,0,1434,2111,3545,0,1,85,3534
"PupMaya - Apollo 2000, Xeon Gold 6148 20C 2.4GHz, Infiniband EDR,",1/11/2024,154,HPE,169920,7.48,12.9,2294.598255,0,0.579844961,0,1434,2111,3545,0,1,85,3534
"PupMaya - Apollo 2000, Xeon Gold 6148 20C 2.4GHz, Infiniband EDR,",1/6/2024,127,HPE,169920,7.48,12.9,2294.598255,0,0.579844961,0,1434,2111,3545,0,1,85,3534
"PupMaya - Apollo 2000, Xeon Gold 6148 20C 2.4GHz, Infiniband EDR,",1/11/2023,105,HPE,169920,7.48,12.9,2294.598255,0,0.579844961,0,1434,2111,3545,0,1,85,3534
"PupMaya - Apollo 2000, Xeon Gold 6148 20C 2.4GHz, Infiniband EDR,",1/6/2023,89,HPE,169920,7.48,12.9,2294.598255,0,0.579844961,0,1434,2111,3545,0,1,85,3534
"PupMaya - Apollo 2000, Xeon Gold 6148 20C 2.4GHz, Infiniband EDR,",1/11/2022,80,HPE,169920,7.48,12.9,2294.598255,0,0.579844961,0,1434,2111,3545,0,1,85,3534
"PupMaya - Apollo 2000, Xeon Gold 6148 20C 2.4GHz, Infiniband EDR,",1/6/2022,73,HPE,169920,7.48,12.9,2294.598255,0,0.579844961,0,1434,2111,3545,0,1,85,3534
"PupMaya - Apollo 2000, Xeon Gold 6148 20C 2.4GHz, Infiniband EDR,",1/11/2021,65,HPE,169920,7.48,12.9,2294.598255,0,0.579844961,0,1434,2111,3545,0,1,85,3534
"PupMaya - Apollo 2000, Xeon Gold 6148 20C 2.4GHz, Infiniband EDR,",1/6/2021,56,HPE,169920,7.48,12.9,2294.598255,0,0.579844961,0,1434,2111,3545,0,1,85,3534
"PupMaya - Apollo 2000, Xeon Gold 6148 20C 2.4GHz, Infiniband EDR,",1/11/2020,35,HPE,169920,7.48,12.9,2294.598255,0,0.579844961,0,1434,2111,3545,0,1,85,3534
"PupMaya - Apollo 2000, Xeon Gold 6148 20C 2.4GHz, Infiniband EDR,",1/6/2020,30,HPE,169920,7.48,12.9,2294.598255,0,0.579844961,0,1434,2111,3545,0,1,85,3534
"PupMaya - Apollo 2000, Xeon Gold 6148 20C 2.4GHz, Infiniband EDR,",1/11/2019,25,HPE,169920,7.48,12.9,2294.598255,0,0.579844961,0,1434,2111,3545,0,1,85,3534
"PupMaya - Apollo 2000, Xeon Gold 6148 20C 2.4GHz, Infiniband EDR,",1/6/2019,26,HPE,169920,7.48,12.9,2294.598255,0,0.579844961,0,1434,2111,3545,0,1,85,3534
"Isambard-AI phase 1 - HPE Cray EX254n, NVIDIA Grace 72C 3.1GHz, NVIDIA GH200 Superchip, Slingshot-11,",1/11/2025,213,HPE,34272,7.42,9.29,117.08,0.06337547,0.798708288,1,1434,2111,3545,0,1,85,3534
"Isambard-AI phase 1 - HPE Cray EX254n, NVIDIA Grace 72C 3.1GHz, NVIDIA GH200 Superchip, Slingshot-11,",1/6/2025,183,HPE,34272,7.42,9.29,117.08,0.06337547,0.798708288,1,1434,2111,3545,0,1,85,3534
"Isambard-AI phase 1 - HPE Cray EX254n, NVIDIA Grace 72C 3.1GHz, NVIDIA GH200 Superchip, Slingshot-11,",1/11/2024,155,HPE,34272,7.42,9.29,117.08,0.06337547,0.798708288,1,1434,2111,3545,0,1,85,3534
"Isambard-AI phase 1 - HPE Cray EX254n, NVIDIA Grace 72C 3.1GHz, NVIDIA GH200 Superchip, Slingshot-11,",1/6/2024,128,HPE,34272,7.42,9.29,117.08,0.06337547,0.798708288,1,1434,2111,3545,0,1,85,3534
"Nscale Svartisen - Supermicro AS-4124GQ-TNMI, AMD EPYC 7713 64C 3.7GHz, AMD Instinct MI250X, Ethernet, 4x 200Gb/s, Rocky Linux 8.9,",1/11/2025,214,Nscale,66528,7.4,12.38,2294.598255,0,0.597738288,1,1434,2111,3545,0,1,85,3534
"Nscale Svartisen - Supermicro AS-4124GQ-TNMI, AMD EPYC 7713 64C 3.7GHz, AMD Instinct MI250X, Ethernet, 4x 200Gb/s, Rocky Linux 8.9,",1/6/2025,184,Nscale,66528,7.4,12.38,2294.598255,0,0.597738288,1,1434,2111,3545,0,1,85,3534
"Nscale Svartisen - Supermicro AS-4124GQ-TNMI, AMD EPYC 7713 64C 3.7GHz, AMD Instinct MI250X, Ethernet, 4x 200Gb/s, Rocky Linux 8.9,",1/11/2024,156,Nscale,66528,7.4,12.38,2294.598255,0,0.597738288,1,1434,2111,3545,0,1,85,3534
"Gautschi AI - PowerEdge XE 9680, Xeon Platinum 8480C 56C 3.8GHz, NVIDIA H100 SXM5 80GB, Infiniband NDR, Rocky Linux 9,",1/11/2025,215,DELL,23360,7.26,10.86,168,0.043214286,0.668508287,1,1434,2111,3545,0,1,85,3534
"Gautschi AI - PowerEdge XE 9680, Xeon Platinum 8480C 56C 3.8GHz, NVIDIA H100 SXM5 80GB, Infiniband NDR, Rocky Linux 9,",1/6/2025,185,DELL,23360,7.26,10.86,168,0.043214286,0.668508287,1,1434,2111,3545,0,1,85,3534
"Gautschi AI - PowerEdge XE 9680, Xeon Platinum 8480C 56C 3.8GHz, NVIDIA H100 SXM5 80GB, Infiniband NDR, Rocky Linux 9,",1/11/2024,157,DELL,23360,7.26,10.86,168,0.043214286,0.668508287,1,1434,2111,3545,0,1,85,3534
"Artemis - NVIDIA DGX-2, Xeon Platinum 8168 24C 2.7GHz, Infiniband EDR, NVIDIA Tesla V100,",1/11/2025,216,Nvidia,107568,7.26,9.49,673,0.010787519,0.765015806,1,1434,2111,3545,0,1,85,3534
"Artemis - NVIDIA DGX-2, Xeon Platinum 8168 24C 2.7GHz, Infiniband EDR, NVIDIA Tesla V100,",1/6/2025,186,Nvidia,107568,7.26,9.49,673,0.010787519,0.765015806,1,1434,2111,3545,0,1,85,3534
"Artemis - NVIDIA DGX-2, Xeon Platinum 8168 24C 2.7GHz, Infiniband EDR, NVIDIA Tesla V100,",1/11/2024,158,Nvidia,107568,7.26,9.49,673,0.010787519,0.765015806,1,1434,2111,3545,0,1,85,3534
"Artemis - NVIDIA DGX-2, Xeon Platinum 8168 24C 2.7GHz, Infiniband EDR, NVIDIA Tesla V100,",1/6/2024,129,Nvidia,107568,7.26,9.49,673,0.010787519,0.765015806,1,1434,2111,3545,0,1,85,3534
"Artemis - NVIDIA DGX-2, Xeon Platinum 8168 24C 2.7GHz, Infiniband EDR, NVIDIA Tesla V100,",1/11/2023,106,Nvidia,107568,7.26,9.49,673,0.010787519,0.765015806,1,1434,2111,3545,0,1,85,3534
"Artemis - NVIDIA DGX-2, Xeon Platinum 8168 24C 2.7GHz, Infiniband EDR, NVIDIA Tesla V100,",1/6/2023,90,Nvidia,107568,7.26,9.49,673,0.010787519,0.765015806,1,1434,2111,3545,0,1,85,3534
"Artemis - NVIDIA DGX-2, Xeon Platinum 8168 24C 2.7GHz, Infiniband EDR, NVIDIA Tesla V100,",1/11/2022,81,Nvidia,107568,7.26,9.49,673,0.010787519,0.765015806,1,1434,2111,3545,0,1,85,3534
"Artemis - NVIDIA DGX-2, Xeon Platinum 8168 24C 2.7GHz, Infiniband EDR, NVIDIA Tesla V100,",1/6/2022,74,Nvidia,107568,7.26,9.49,673,0.010787519,0.765015806,1,1434,2111,3545,0,1,85,3534
"Artemis - NVIDIA DGX-2, Xeon Platinum 8168 24C 2.7GHz, Infiniband EDR, NVIDIA Tesla V100,",1/11/2021,66,Nvidia,107568,7.26,9.49,673,0.010787519,0.765015806,1,1434,2111,3545,0,1,85,3534
"Artemis - NVIDIA DGX-2, Xeon Platinum 8168 24C 2.7GHz, Infiniband EDR, NVIDIA Tesla V100,",1/6/2021,57,Nvidia,107568,7.26,9.49,673,0.010787519,0.765015806,1,1434,2111,3545,0,1,85,3534
"Artemis - NVIDIA DGX-2, Xeon Platinum 8168 24C 2.7GHz, Infiniband EDR, NVIDIA Tesla V100,",1/11/2020,36,Nvidia,107568,7.26,9.49,673,0.010787519,0.765015806,1,1434,2111,3545,0,1,85,3534
"Artemis - NVIDIA DGX-2, Xeon Platinum 8168 24C 2.7GHz, Infiniband EDR, NVIDIA Tesla V100,",1/6/2020,31,Nvidia,107568,7.26,9.49,673,0.010787519,0.765015806,1,1434,2111,3545,0,1,85,3534
"Artemis - NVIDIA DGX-2, Xeon Platinum 8168 24C 2.7GHz, Infiniband EDR, NVIDIA Tesla V100,",1/11/2019,26,Nvidia,107568,7.26,9.49,673,0.010787519,0.765015806,1,1434,2111,3545,0,1,85,3534
"LLNL/NNSA CTS-2 Bengal - DELL PowerEdge C6620, Xeon Platinum 8480+ 56C 2GHz, Cornelis Networks Omni-Path, Linux/TOSS,",1/11/2025,217,DELL,107520,7.2,8.09,2294.598255,0,0.889987639,0,1434,2111,3545,0,1,85,3534
"LLNL/NNSA CTS-2 Bengal - DELL PowerEdge C6620, Xeon Platinum 8480+ 56C 2GHz, Cornelis Networks Omni-Path, Linux/TOSS,",1/6/2025,187,DELL,107520,7.2,8.09,2294.598255,0,0.889987639,0,1434,2111,3545,0,1,85,3534
"LLNL/NNSA CTS-2 Bengal - DELL PowerEdge C6620, Xeon Platinum 8480+ 56C 2GHz, Cornelis Networks Omni-Path, Linux/TOSS,",1/11/2024,159,DELL,107520,7.2,8.09,2294.598255,0,0.889987639,0,1434,2111,3545,0,1,85,3534
"LLNL/NNSA CTS-2 Bengal - DELL PowerEdge C6620, Xeon Platinum 8480+ 56C 2GHz, Cornelis Networks Omni-Path, Linux/TOSS,",1/6/2024,151,DELL,107520,6.13,6.88,2294.598255,0,0.890988372,0,1434,2111,3545,0,1,85,3534
"LLNL/NNSA CTS-2 Bengal - DELL PowerEdge C6620, Xeon Platinum 8480+ 56C 2GHz, Cornelis Networks Omni-Path, Linux/TOSS,",1/11/2023,128,DELL,107520,6.13,6.88,2294.598255,0,0.890988372,0,1434,2111,3545,0,1,85,3534
"SNL CTS-2 Mead - PowerEdge C6220, Xeon Platinum 8480+ 56C 2GHz, Cornelis Networks Omni-Path, Linux/TOSS,",1/11/2025,218,DELL,123648,7.06,7.91,2294.598255,0,0.892541087,0,1434,2111,3545,0,1,85,3534
"SNL CTS-2 Mead - PowerEdge C6220, Xeon Platinum 8480+ 56C 2GHz, Cornelis Networks Omni-Path, Linux/TOSS,",1/6/2025,188,DELL,123648,7.06,7.91,2294.598255,0,0.892541087,0,1434,2111,3545,0,1,85,3534
"LLNL CTS-2 Dane - DELL PowerEdge C6620, Xeon Platinum 8480+ 56C 2GHz, Cornelis Networks Omni-Path,",1/11/2025,219,DELL,123648,7.04,7.91,2294.598255,0,0.890012642,0,1434,2111,3545,0,1,85,3534
"LLNL CTS-2 Dane - DELL PowerEdge C6620, Xeon Platinum 8480+ 56C 2GHz, Cornelis Networks Omni-Path,",1/6/2025,189,DELL,123648,7.04,7.91,2294.598255,0,0.890012642,0,1434,2111,3545,0,1,85,3534
"LLNL CTS-2 Dane - DELL PowerEdge C6620, Xeon Platinum 8480+ 56C 2GHz, Cornelis Networks Omni-Path,",1/11/2024,160,DELL,123648,7.04,7.91,2294.598255,0,0.890012642,0,1434,2111,3545,0,1,85,3534
"LLNL CTS-2 Dane - DELL PowerEdge C6620, Xeon Platinum 8480+ 56C 2GHz, Cornelis Networks Omni-Path,",1/6/2024,130,DELL,123648,7.04,7.91,2294.598255,0,0.890012642,0,1434,2111,3545,0,1,85,3534
"LLNL CTS-2 Dane - DELL PowerEdge C6620, Xeon Platinum 8480+ 56C 2GHz, Cornelis Networks Omni-Path,",1/11/2023,107,DELL,123648,7.04,7.91,2294.598255,0,0.890012642,0,1434,2111,3545,0,1,85,3534
"JOLIOT-CURIE ROME - Bull Sequana XH2000 , AMD Rome 7H12 64C 2.6GHz, Mellanox HDR100,",1/11/2025,220,EVIDEN,197120,6.99,12.04,1436,0.004867688,0.580564784,0,1434,2111,3545,0,1,85,3534
"JOLIOT-CURIE ROME - Bull Sequana XH2000 , AMD Rome 7H12 64C 2.6GHz, Mellanox HDR100,",1/6/2025,191,EVIDEN,197120,6.99,12.04,1436,0.004867688,0.580564784,0,1434,2111,3545,0,1,85,3534
"JOLIOT-CURIE ROME - Bull Sequana XH2000 , AMD Rome 7H12 64C 2.6GHz, Mellanox HDR100,",1/11/2024,162,EVIDEN,197120,6.99,12.04,1436,0.004867688,0.580564784,0,1434,2111,3545,0,1,85,3534
"JOLIOT-CURIE ROME - Bull Sequana XH2000 , AMD Rome 7H12 64C 2.6GHz, Mellanox HDR100,",1/6/2024,132,EVIDEN,197120,6.99,12.04,1436,0.004867688,0.580564784,0,1434,2111,3545,0,1,85,3534
"JOLIOT-CURIE ROME - Bull Sequana XH2000 , AMD Rome 7H12 64C 2.6GHz, Mellanox HDR100,",1/11/2023,109,EVIDEN,197120,6.99,12.04,1436,0.004867688,0.580564784,0,1434,2111,3545,0,1,85,3534
"JOLIOT-CURIE ROME - Bull Sequana XH2000 , AMD Rome 7H12 64C 2.6GHz, Mellanox HDR100,",1/6/2023,92,EVIDEN,197120,6.99,12.04,1436,0.004867688,0.580564784,0,1434,2111,3545,0,1,85,3534
"JOLIOT-CURIE ROME - Bull Sequana XH2000 , AMD Rome 7H12 64C 2.6GHz, Mellanox HDR100,",1/11/2022,83,EVIDEN,197120,6.99,12.04,1436,0.004867688,0.580564784,0,1434,2111,3545,0,1,85,3534
"JOLIOT-CURIE ROME - Bull Sequana XH2000 , AMD Rome 7H12 64C 2.6GHz, Mellanox HDR100,",1/6/2022,77,EVIDEN,197120,6.99,12.04,1436,0.004867688,0.580564784,0,1434,2111,3545,0,1,85,3534
"JOLIOT-CURIE ROME - Bull Sequana XH2000 , AMD Rome 7H12 64C 2.6GHz, Mellanox HDR100,",1/11/2021,69,EVIDEN,197120,6.99,12.04,1436,0.004867688,0.580564784,0,1434,2111,3545,0,1,85,3534
"JOLIOT-CURIE ROME - Bull Sequana XH2000 , AMD Rome 7H12 64C 2.6GHz, Mellanox HDR100,",1/6/2021,59,EVIDEN,197120,6.99,12.04,1436,0.004867688,0.580564784,0,1434,2111,3545,0,1,85,3534
"JOLIOT-CURIE ROME - Bull Sequana XH2000 , AMD Rome 7H12 64C 2.6GHz, Mellanox HDR100,",1/11/2020,38,EVIDEN,197120,6.99,12.04,1436,0.004867688,0.580564784,0,1434,2111,3545,0,1,85,3534
"JOLIOT-CURIE ROME - Bull Sequana XH2000 , AMD Rome 7H12 64C 2.6GHz, Mellanox HDR100,",1/6/2020,33,EVIDEN,197120,6.99,12.04,1436,0.004867688,0.580564784,0,1434,2111,3545,0,1,85,3534
"JOLIOT-CURIE ROME - Bull Sequana XH2000 , AMD Rome 7H12 64C 2.6GHz, Mellanox HDR100,",1/11/2019,59,EVIDEN,160000,3.69,6.66,795,0.004641509,0.554054054,0,1434,2111,3545,0,1,85,3534
"Rorqual (GPU) - PowerEdge XE8640, Xeon Gold 6448Y 32C 2.1GHz, NVIDIA H100 SXM5 80GB, Infiniband HDR200, AlmaLinux 9.5,",1/11/2025,221,DELL,47952,6.97,19.79,228.42,0.030513966,0.35219808,1,1434,2111,3545,0,1,85,3534
"Rorqual (GPU) - PowerEdge XE8640, Xeon Gold 6448Y 32C 2.1GHz, NVIDIA H100 SXM5 80GB, Infiniband HDR200, AlmaLinux 9.5,",1/6/2025,192,DELL,47952,6.97,19.79,228.42,0.030513966,0.35219808,1,1434,2111,3545,0,1,85,3534
"Gaia - PowerEdge XE8545, AMD EPYC 74F3 24C 3.2GHz, NVIDIA A100, Infiniband,",1/11/2025,222,DELL,84480,6.97,13.73,574,0.012142857,0.507647487,1,1434,2111,3545,0,1,85,3534
"Gaia - PowerEdge XE8545, AMD EPYC 74F3 24C 3.2GHz, NVIDIA A100, Infiniband,",1/6/2025,193,DELL,84480,6.97,13.73,574,0.012142857,0.507647487,1,1434,2111,3545,0,1,85,3534
"Gaia - PowerEdge XE8545, AMD EPYC 74F3 24C 3.2GHz, NVIDIA A100, Infiniband,",1/11/2024,163,DELL,84480,6.97,13.73,574,0.012142857,0.507647487,1,1434,2111,3545,0,1,85,3534
"Gaia - PowerEdge XE8545, AMD EPYC 74F3 24C 3.2GHz, NVIDIA A100, Infiniband,",1/6/2024,133,DELL,84480,6.97,13.73,574,0.012142857,0.507647487,1,1434,2111,3545,0,1,85,3534
"Gaia - PowerEdge XE8545, AMD EPYC 74F3 24C 3.2GHz, NVIDIA A100, Infiniband,",1/11/2023,110,DELL,84480,6.97,13.73,574,0.012142857,0.507647487,1,1434,2111,3545,0,1,85,3534
"Gaia - PowerEdge XE8545, AMD EPYC 74F3 24C 3.2GHz, NVIDIA A100, Infiniband,",1/6/2023,93,DELL,84480,6.97,13.73,574,0.012142857,0.507647487,1,1434,2111,3545,0,1,85,3534
"Theta - Cray XC40, Intel Xeon Phi 7230 64C 1.3GHz, Aries interconnect,",1/11/2025,223,Cray/HPE,280320,6.92,11.66,2294.598255,0,0.59348199,0,1434,2111,3545,0,1,85,3534
"Theta - Cray XC40, Intel Xeon Phi 7230 64C 1.3GHz, Aries interconnect,",1/6/2025,194,Cray/HPE,280320,6.92,11.66,2294.598255,0,0.59348199,0,1434,2111,3545,0,1,85,3534
"Theta - Cray XC40, Intel Xeon Phi 7230 64C 1.3GHz, Aries interconnect,",1/11/2024,164,Cray/HPE,280320,6.92,11.66,2294.598255,0,0.59348199,0,1434,2111,3545,0,1,85,3534
"Theta - Cray XC40, Intel Xeon Phi 7230 64C 1.3GHz, Aries interconnect,",1/6/2024,134,Cray/HPE,280320,6.92,11.66,2294.598255,0,0.59348199,0,1434,2111,3545,0,1,85,3534
"Theta - Cray XC40, Intel Xeon Phi 7230 64C 1.3GHz, Aries interconnect,",1/11/2023,111,Cray/HPE,280320,6.92,11.66,2294.598255,0,0.59348199,0,1434,2111,3545,0,1,85,3534
"Theta - Cray XC40, Intel Xeon Phi 7230 64C 1.3GHz, Aries interconnect,",1/6/2023,94,Cray/HPE,280320,6.92,11.66,2294.598255,0,0.59348199,0,1434,2111,3545,0,1,85,3534
"Theta - Cray XC40, Intel Xeon Phi 7230 64C 1.3GHz, Aries interconnect,",1/11/2022,84,Cray/HPE,280320,6.92,11.66,2294.598255,0,0.59348199,0,1434,2111,3545,0,1,85,3534
"Theta - Cray XC40, Intel Xeon Phi 7230 64C 1.3GHz, Aries interconnect,",1/6/2022,78,Cray/HPE,280320,6.92,11.66,2294.598255,0,0.59348199,0,1434,2111,3545,0,1,85,3534
"Theta - Cray XC40, Intel Xeon Phi 7230 64C 1.3GHz, Aries interconnect,",1/11/2021,70,Cray/HPE,280320,6.92,11.66,2294.598255,0,0.59348199,0,1434,2111,3545,0,1,85,3534
"Theta - Cray XC40, Intel Xeon Phi 7230 64C 1.3GHz, Aries interconnect,",1/6/2021,60,Cray/HPE,280320,6.92,11.66,2294.598255,0,0.59348199,0,1434,2111,3545,0,1,85,3534
"Theta - Cray XC40, Intel Xeon Phi 7230 64C 1.3GHz, Aries interconnect,",1/11/2020,39,Cray/HPE,280320,6.92,11.66,2294.598255,0,0.59348199,0,1434,2111,3545,0,1,85,3534
"Theta - Cray XC40, Intel Xeon Phi 7230 64C 1.3GHz, Aries interconnect,",1/6/2020,34,Cray/HPE,280320,6.92,11.66,2294.598255,0,0.59348199,0,1434,2111,3545,0,1,85,3534
"Theta - Cray XC40, Intel Xeon Phi 7230 64C 1.3GHz, Aries interconnect,",1/11/2019,28,Cray/HPE,280320,6.92,11.66,2294.598255,0,0.59348199,0,1434,2111,3545,0,1,85,3534
"Theta - Cray XC40, Intel Xeon Phi 7230 64C 1.3GHz, Aries interconnect,",1/6/2019,28,Cray/HPE,280320,6.92,11.66,2294.598255,0,0.59348199,0,1434,2111,3545,0,1,85,3534
"Theta - Cray XC40, Intel Xeon Phi 7230 64C 1.3GHz, Aries interconnect,",1/11/2018,24,Cray/HPE,280320,6.92,11.66,2294.598255,0,0.59348199,0,1434,2111,3545,0,1,85,3534
"Theta - Cray XC40, Intel Xeon Phi 7230 64C 1.3GHz, Aries interconnect,",1/6/2018,21,Cray/HPE,280320,6.92,11.66,2294.598255,0,0.59348199,0,1434,2111,3545,0,1,85,3534
"Theta - Cray XC40, Intel Xeon Phi 7230 64C 1.3GHz, Aries interconnect,",1/11/2017,18,Cray/HPE,231424,5.88,9.63,1087,0.005409384,0.6105919,0,1434,2111,3545,0,1,85,3534
"Theta - Cray XC40, Intel Xeon Phi 7230 64C 1.3GHz, Aries interconnect,",1/6/2017,16,Cray/HPE,231424,5.88,9.63,1087,0.005409384,0.6105919,0,1434,2111,3545,0,1,85,3534
"Theta - Cray XC40, Intel Xeon Phi 7230 64C 1.3GHz, Aries interconnect,",1/11/2016,18,Cray/HPE,207360,5.1,8.63,1087,0.004691812,0.590961761,0,1434,2111,3545,0,1,85,3534
"Karolina, GPU partition - Apollo 6500, AMD EPYC 7763 64C 2.45GHz, NVIDIA A100 SXM4 40 GB, Infiniband HDR200,",1/11/2025,224,HPE,71424,6.75,9.08,310.99,0.021704878,0.74339207,1,1434,2111,3545,0,1,85,3534
"Karolina, GPU partition - Apollo 6500, AMD EPYC 7763 64C 2.45GHz, NVIDIA A100 SXM4 40 GB, Infiniband HDR200,",1/6/2025,195,HPE,71424,6.75,9.08,310.99,0.021704878,0.74339207,1,1434,2111,3545,0,1,85,3534
"Karolina, GPU partition - Apollo 6500, AMD EPYC 7763 64C 2.45GHz, NVIDIA A100 SXM4 40 GB, Infiniband HDR200,",1/11/2024,165,HPE,71424,6.75,9.08,310.99,0.021704878,0.74339207,1,1434,2111,3545,0,1,85,3534
"Karolina, GPU partition - Apollo 6500, AMD EPYC 7763 64C 2.45GHz, NVIDIA A100 SXM4 40 GB, Infiniband HDR200,",1/6/2024,135,HPE,71424,6.75,9.08,310.99,0.021704878,0.74339207,1,1434,2111,3545,0,1,85,3534
"Karolina, GPU partition - Apollo 6500, AMD EPYC 7763 64C 2.45GHz, NVIDIA A100 SXM4 40 GB, Infiniband HDR200,",1/11/2023,112,HPE,71424,6.75,9.08,310.99,0.021704878,0.74339207,1,1434,2111,3545,0,1,85,3534
"Karolina, GPU partition - Apollo 6500, AMD EPYC 7763 64C 2.45GHz, NVIDIA A100 SXM4 40 GB, Infiniband HDR200,",1/6/2023,95,HPE,71424,6.75,9.08,310.99,0.021704878,0.74339207,1,1434,2111,3545,0,1,85,3534
"Karolina, GPU partition - Apollo 6500, AMD EPYC 7763 64C 2.45GHz, NVIDIA A100 SXM4 40 GB, Infiniband HDR200,",1/11/2022,85,HPE,71424,6.75,9.08,310.99,0.021704878,0.74339207,1,1434,2111,3545,0,1,85,3534
"Karolina, GPU partition - Apollo 6500, AMD EPYC 7763 64C 2.45GHz, NVIDIA A100 SXM4 40 GB, Infiniband HDR200,",1/6/2022,79,HPE,71424,6.75,9.08,310.99,0.021704878,0.74339207,1,1434,2111,3545,0,1,85,3534
"Karolina, GPU partition - Apollo 6500, AMD EPYC 7763 64C 2.45GHz, NVIDIA A100 SXM4 40 GB, Infiniband HDR200,",1/11/2021,71,HPE,71424,6.75,9.08,310.99,0.021704878,0.74339207,1,1434,2111,3545,0,1,85,3534
"Levante GPU extension - BullSequana XH3000, GH Superchip 72C 3GHz, NVIDIA GH200 Superchip, Quad-Rail NVIDIA InfiniBand NDR200, RedHat Enterprise Linux,",1/11/2025,225,EVIDEN,35904,6.75,8.34,109.78,0.06148661,0.809352518,1,1434,2111,3545,0,1,85,3534
"Camphor 3 - DELL PowerEdge C6620, Xeon CPU Max 9480 56C 1.9GHz, Infiniband NDR,",1/11/2025,226,NEC / DELL,125440,6.71,7.63,1026.64,0.006535884,0.879423329,0,1434,2111,3545,0,1,85,3534
"Camphor 3 - DELL PowerEdge C6620, Xeon CPU Max 9480 56C 1.9GHz, Infiniband NDR,",1/6/2025,196,NEC / DELL,125440,6.71,7.63,1026.64,0.006535884,0.879423329,0,1434,2111,3545,0,1,85,3534
"Camphor 3 - DELL PowerEdge C6620, Xeon CPU Max 9480 56C 1.9GHz, Infiniband NDR,",1/11/2024,167,NEC / DELL,125440,6.71,7.63,1026.64,0.006535884,0.879423329,0,1434,2111,3545,0,1,85,3534
"Camphor 3 - DELL PowerEdge C6620, Xeon CPU Max 9480 56C 1.9GHz, Infiniband NDR,",1/6/2024,137,NEC / DELL,125440,6.71,7.63,1026.64,0.006535884,0.879423329,0,1434,2111,3545,0,1,85,3534
"Camphor 3 - DELL PowerEdge C6620, Xeon CPU Max 9480 56C 1.9GHz, Infiniband NDR,",1/11/2023,113,NEC / DELL,125440,6.71,7.63,1026.64,0.006535884,0.879423329,0,1434,2111,3545,0,1,85,3534
"HPCF-AD - EVIDEN BullSequana XH2000, AMD EPYC 7742 64C 2.25GHz, Infiniband HDR200,",1/11/2025,227,EVIDEN,245760,6.67,8.85,1200,0.005558333,0.753672316,0,1434,2111,3545,0,1,85,3534
"HPCF-AD - EVIDEN BullSequana XH2000, AMD EPYC 7742 64C 2.25GHz, Infiniband HDR200,",1/6/2025,197,EVIDEN,245760,6.67,8.85,1200,0.005558333,0.753672316,0,1434,2111,3545,0,1,85,3534
"HPCF-AD - EVIDEN BullSequana XH2000, AMD EPYC 7742 64C 2.25GHz, Infiniband HDR200,",1/11/2024,168,EVIDEN,245760,6.67,8.85,1200,0.005558333,0.753672316,0,1434,2111,3545,0,1,85,3534
"HPCF-AD - EVIDEN BullSequana XH2000, AMD EPYC 7742 64C 2.25GHz, Infiniband HDR200,",1/6/2024,138,EVIDEN,245760,6.67,8.85,1200,0.005558333,0.753672316,0,1434,2111,3545,0,1,85,3534
"HPCF-AD - EVIDEN BullSequana XH2000, AMD EPYC 7742 64C 2.25GHz, Infiniband HDR200,",1/11/2023,114,EVIDEN,245760,6.67,8.85,1200,0.005558333,0.753672316,0,1434,2111,3545,0,1,85,3534
"HPCF-AC - EVIDEN BullSequana XH2000, AMD EPYC 7742 64C 2.25GHz, Infiniband HDR200,",1/11/2025,228,EVIDEN,245760,6.67,8.85,1200,0.005558333,0.753672316,0,1434,2111,3545,0,1,85,3534
"HPCF-AC - EVIDEN BullSequana XH2000, AMD EPYC 7742 64C 2.25GHz, Infiniband HDR200,",1/6/2025,198,EVIDEN,245760,6.67,8.85,1200,0.005558333,0.753672316,0,1434,2111,3545,0,1,85,3534
"HPCF-AC - EVIDEN BullSequana XH2000, AMD EPYC 7742 64C 2.25GHz, Infiniband HDR200,",1/11/2024,169,EVIDEN,245760,6.67,8.85,1200,0.005558333,0.753672316,0,1434,2111,3545,0,1,85,3534
"HPCF-AC - EVIDEN BullSequana XH2000, AMD EPYC 7742 64C 2.25GHz, Infiniband HDR200,",1/6/2024,139,EVIDEN,245760,6.67,8.85,1200,0.005558333,0.753672316,0,1434,2111,3545,0,1,85,3534
"HPCF-AC - EVIDEN BullSequana XH2000, AMD EPYC 7742 64C 2.25GHz, Infiniband HDR200,",1/11/2023,115,EVIDEN,245760,6.67,8.85,1200,0.005558333,0.753672316,0,1434,2111,3545,0,1,85,3534
"HPCF-AB - EVIDEN BullSequana XH2000, AMD EPYC 7742 64C 2.25GHz, Infiniband HDR200,",1/11/2025,229,EVIDEN,245760,6.67,8.85,1200,0.005558333,0.753672316,0,1434,2111,3545,0,1,85,3534
"HPCF-AB - EVIDEN BullSequana XH2000, AMD EPYC 7742 64C 2.25GHz, Infiniband HDR200,",1/6/2025,199,EVIDEN,245760,6.67,8.85,1200,0.005558333,0.753672316,0,1434,2111,3545,0,1,85,3534
"HPCF-AB - EVIDEN BullSequana XH2000, AMD EPYC 7742 64C 2.25GHz, Infiniband HDR200,",1/11/2024,170,EVIDEN,245760,6.67,8.85,1200,0.005558333,0.753672316,0,1434,2111,3545,0,1,85,3534
"HPCF-AB - EVIDEN BullSequana XH2000, AMD EPYC 7742 64C 2.25GHz, Infiniband HDR200,",1/6/2024,140,EVIDEN,245760,6.67,8.85,1200,0.005558333,0.753672316,0,1434,2111,3545,0,1,85,3534
"HPCF-AB - EVIDEN BullSequana XH2000, AMD EPYC 7742 64C 2.25GHz, Infiniband HDR200,",1/11/2023,116,EVIDEN,245760,6.67,8.85,1200,0.005558333,0.753672316,0,1434,2111,3545,0,1,85,3534
"HPCF-AA - EVIDEN BullSequana XH2000, AMD EPYC 7742 64C 2.25GHz, Infiniband HDR200,",1/11/2025,230,EVIDEN,245760,6.67,8.85,1200,0.005558333,0.753672316,0,1434,2111,3545,0,1,85,3534
"HPCF-AA - EVIDEN BullSequana XH2000, AMD EPYC 7742 64C 2.25GHz, Infiniband HDR200,",1/6/2025,200,EVIDEN,245760,6.67,8.85,1200,0.005558333,0.753672316,0,1434,2111,3545,0,1,85,3534
"HPCF-AA - EVIDEN BullSequana XH2000, AMD EPYC 7742 64C 2.25GHz, Infiniband HDR200,",1/11/2024,171,EVIDEN,245760,6.67,8.85,1200,0.005558333,0.753672316,0,1434,2111,3545,0,1,85,3534
"HPCF-AA - EVIDEN BullSequana XH2000, AMD EPYC 7742 64C 2.25GHz, Infiniband HDR200,",1/6/2024,141,EVIDEN,245760,6.67,8.85,1200,0.005558333,0.753672316,0,1434,2111,3545,0,1,85,3534
"HPCF-AA - EVIDEN BullSequana XH2000, AMD EPYC 7742 64C 2.25GHz, Infiniband HDR200,",1/11/2023,117,EVIDEN,245760,6.67,8.85,1200,0.005558333,0.753672316,0,1434,2111,3545,0,1,85,3534
"Christofari - NVIDIA DGX-2, Xeon Platinum 8168 24C 2.7GHz, Mellanox InfiniBand EDR, NVIDIA Tesla V100,",1/11/2025,231,Nvidia,99600,6.67,8.79,2294.598255,0,0.758816837,1,1434,2111,3545,0,1,85,3534
"Christofari - NVIDIA DGX-2, Xeon Platinum 8168 24C 2.7GHz, Mellanox InfiniBand EDR, NVIDIA Tesla V100,",1/6/2025,201,Nvidia,99600,6.67,8.79,2294.598255,0,0.758816837,1,1434,2111,3545,0,1,85,3534
"Christofari - NVIDIA DGX-2, Xeon Platinum 8168 24C 2.7GHz, Mellanox InfiniBand EDR, NVIDIA Tesla V100,",1/11/2024,172,Nvidia,99600,6.67,8.79,2294.598255,0,0.758816837,1,1434,2111,3545,0,1,85,3534
"Christofari - NVIDIA DGX-2, Xeon Platinum 8168 24C 2.7GHz, Mellanox InfiniBand EDR, NVIDIA Tesla V100,",1/6/2024,142,Nvidia,99600,6.67,8.79,2294.598255,0,0.758816837,1,1434,2111,3545,0,1,85,3534
"Christofari - NVIDIA DGX-2, Xeon Platinum 8168 24C 2.7GHz, Mellanox InfiniBand EDR, NVIDIA Tesla V100,",1/11/2023,118,Nvidia,99600,6.67,8.79,2294.598255,0,0.758816837,1,1434,2111,3545,0,1,85,3534
"Christofari - NVIDIA DGX-2, Xeon Platinum 8168 24C 2.7GHz, Mellanox InfiniBand EDR, NVIDIA Tesla V100,",1/6/2023,96,Nvidia,99600,6.67,8.79,2294.598255,0,0.758816837,1,1434,2111,3545,0,1,85,3534
"Christofari - NVIDIA DGX-2, Xeon Platinum 8168 24C 2.7GHz, Mellanox InfiniBand EDR, NVIDIA Tesla V100,",1/11/2022,86,Nvidia,99600,6.67,8.79,2294.598255,0,0.758816837,1,1434,2111,3545,0,1,85,3534
"Christofari - NVIDIA DGX-2, Xeon Platinum 8168 24C 2.7GHz, Mellanox InfiniBand EDR, NVIDIA Tesla V100,",1/6/2022,80,Nvidia,99600,6.67,8.79,2294.598255,0,0.758816837,1,1434,2111,3545,0,1,85,3534
"Christofari - NVIDIA DGX-2, Xeon Platinum 8168 24C 2.7GHz, Mellanox InfiniBand EDR, NVIDIA Tesla V100,",1/11/2021,72,Nvidia,99600,6.67,8.79,2294.598255,0,0.758816837,1,1434,2111,3545,0,1,85,3534
"Christofari - NVIDIA DGX-2, Xeon Platinum 8168 24C 2.7GHz, Mellanox InfiniBand EDR, NVIDIA Tesla V100,",1/6/2021,61,Nvidia,99600,6.67,8.79,2294.598255,0,0.758816837,1,1434,2111,3545,0,1,85,3534
"Christofari - NVIDIA DGX-2, Xeon Platinum 8168 24C 2.7GHz, Mellanox InfiniBand EDR, NVIDIA Tesla V100,",1/11/2020,40,Nvidia,99600,6.67,8.79,2294.598255,0,0.758816837,1,1434,2111,3545,0,1,85,3534
"Christofari - NVIDIA DGX-2, Xeon Platinum 8168 24C 2.7GHz, Mellanox InfiniBand EDR, NVIDIA Tesla V100,",1/6/2020,35,Nvidia,99600,6.67,8.79,2294.598255,0,0.758816837,1,1434,2111,3545,0,1,85,3534
"Christofari - NVIDIA DGX-2, Xeon Platinum 8168 24C 2.7GHz, Mellanox InfiniBand EDR, NVIDIA Tesla V100,",1/11/2019,29,Nvidia,99600,6.67,8.79,2294.598255,0,0.758816837,1,1434,2111,3545,0,1,85,3534
"Flow - PRIMEHPC FX1000, A64FX 48C 2.2GHz, Tofu interconnect D,",1/11/2025,232,Fujitsu,110592,6.62,7.79,2294.598255,0,0.849807445,0,1434,2111,3545,0,1,85,3534
"Flow - PRIMEHPC FX1000, A64FX 48C 2.2GHz, Tofu interconnect D,",1/6/2025,202,Fujitsu,110592,6.62,7.79,2294.598255,0,0.849807445,0,1434,2111,3545,0,1,85,3534
"Flow - PRIMEHPC FX1000, A64FX 48C 2.2GHz, Tofu interconnect D,",1/11/2024,173,Fujitsu,110592,6.62,7.79,2294.598255,0,0.849807445,0,1434,2111,3545,0,1,85,3534
"Flow - PRIMEHPC FX1000, A64FX 48C 2.2GHz, Tofu interconnect D,",1/6/2024,143,Fujitsu,110592,6.62,7.79,2294.598255,0,0.849807445,0,1434,2111,3545,0,1,85,3534
"Flow - PRIMEHPC FX1000, A64FX 48C 2.2GHz, Tofu interconnect D,",1/11/2023,119,Fujitsu,110592,6.62,7.79,2294.598255,0,0.849807445,0,1434,2111,3545,0,1,85,3534
"Flow - PRIMEHPC FX1000, A64FX 48C 2.2GHz, Tofu interconnect D,",1/6/2023,97,Fujitsu,110592,6.62,7.79,2294.598255,0,0.849807445,0,1434,2111,3545,0,1,85,3534
"Flow - PRIMEHPC FX1000, A64FX 48C 2.2GHz, Tofu interconnect D,",1/11/2022,87,Fujitsu,110592,6.62,7.79,2294.598255,0,0.849807445,0,1434,2111,3545,0,1,85,3534
"Flow - PRIMEHPC FX1000, A64FX 48C 2.2GHz, Tofu interconnect D,",1/6/2022,81,Fujitsu,110592,6.62,7.79,2294.598255,0,0.849807445,0,1434,2111,3545,0,1,85,3534
"Flow - PRIMEHPC FX1000, A64FX 48C 2.2GHz, Tofu interconnect D,",1/11/2021,73,Fujitsu,110592,6.62,7.79,2294.598255,0,0.849807445,0,1434,2111,3545,0,1,85,3534
"Flow - PRIMEHPC FX1000, A64FX 48C 2.2GHz, Tofu interconnect D,",1/6/2021,62,Fujitsu,110592,6.62,7.79,2294.598255,0,0.849807445,0,1434,2111,3545,0,1,85,3534
"Flow - PRIMEHPC FX1000, A64FX 48C 2.2GHz, Tofu interconnect D,",1/11/2020,41,Fujitsu,110592,6.62,7.79,2294.598255,0,0.849807445,0,1434,2111,3545,0,1,85,3534
"Flow - PRIMEHPC FX1000, A64FX 48C 2.2GHz, Tofu interconnect D,",1/6/2020,36,Fujitsu,110592,6.62,7.79,2294.598255,0,0.849807445,0,1434,2111,3545,0,1,85,3534
"MareNostrum - Lenovo SD530, Xeon Platinum 8160 24C 2.1GHz, Intel Omni-Path,",1/11/2025,233,Lenovo,153216,6.47,10.3,1632,0.003964461,0.62815534,0,1434,2111,3545,0,1,85,3534
"MareNostrum - Lenovo SD530, Xeon Platinum 8160 24C 2.1GHz, Intel Omni-Path,",1/6/2025,203,Lenovo,153216,6.47,10.3,1632,0.003964461,0.62815534,0,1434,2111,3545,0,1,85,3534
"MareNostrum - Lenovo SD530, Xeon Platinum 8160 24C 2.1GHz, Intel Omni-Path,",1/11/2024,174,Lenovo,153216,6.47,10.3,1632,0.003964461,0.62815534,0,1434,2111,3545,0,1,85,3534
"MareNostrum - Lenovo SD530, Xeon Platinum 8160 24C 2.1GHz, Intel Omni-Path,",1/6/2024,144,Lenovo,153216,6.47,10.3,1632,0.003964461,0.62815534,0,1434,2111,3545,0,1,85,3534
"MareNostrum - Lenovo SD530, Xeon Platinum 8160 24C 2.1GHz, Intel Omni-Path,",1/11/2023,120,Lenovo,153216,6.47,10.3,1632,0.003964461,0.62815534,0,1434,2111,3545,0,1,85,3534
"MareNostrum - Lenovo SD530, Xeon Platinum 8160 24C 2.1GHz, Intel Omni-Path,",1/6/2023,98,Lenovo,153216,6.47,10.3,1632,0.003964461,0.62815534,0,1434,2111,3545,0,1,85,3534
"MareNostrum - Lenovo SD530, Xeon Platinum 8160 24C 2.1GHz, Intel Omni-Path,",1/11/2022,88,Lenovo,153216,6.47,10.3,1632,0.003964461,0.62815534,0,1434,2111,3545,0,1,85,3534
"MareNostrum - Lenovo SD530, Xeon Platinum 8160 24C 2.1GHz, Intel Omni-Path,",1/6/2022,82,Lenovo,153216,6.47,10.3,1632,0.003964461,0.62815534,0,1434,2111,3545,0,1,85,3534
"MareNostrum - Lenovo SD530, Xeon Platinum 8160 24C 2.1GHz, Intel Omni-Path,",1/11/2021,74,Lenovo,153216,6.47,10.3,1632,0.003964461,0.62815534,0,1434,2111,3545,0,1,85,3534
"MareNostrum - Lenovo SD530, Xeon Platinum 8160 24C 2.1GHz, Intel Omni-Path,",1/6/2021,63,Lenovo,153216,6.47,10.3,1632,0.003964461,0.62815534,0,1434,2111,3545,0,1,85,3534
"MareNostrum - Lenovo SD530, Xeon Platinum 8160 24C 2.1GHz, Intel Omni-Path,",1/11/2020,42,Lenovo,153216,6.47,10.3,1632,0.003964461,0.62815534,0,1434,2111,3545,0,1,85,3534
"MareNostrum - Lenovo SD530, Xeon Platinum 8160 24C 2.1GHz, Intel Omni-Path,",1/6/2020,37,Lenovo,153216,6.47,10.3,1632,0.003964461,0.62815534,0,1434,2111,3545,0,1,85,3534
"MareNostrum - Lenovo SD530, Xeon Platinum 8160 24C 2.1GHz, Intel Omni-Path,",1/11/2019,30,Lenovo,153216,6.47,10.3,1632,0.003964461,0.62815534,0,1434,2111,3545,0,1,85,3534
"MareNostrum - Lenovo SD530, Xeon Platinum 8160 24C 2.1GHz, Intel Omni-Path,",1/6/2019,29,Lenovo,153216,6.47,10.3,1632,0.003964461,0.62815534,0,1434,2111,3545,0,1,85,3534
"MareNostrum - Lenovo SD530, Xeon Platinum 8160 24C 2.1GHz, Intel Omni-Path,",1/11/2018,25,Lenovo,153216,6.47,10.3,1632,0.003964461,0.62815534,0,1434,2111,3545,0,1,85,3534
"MareNostrum - Lenovo SD530, Xeon Platinum 8160 24C 2.1GHz, Intel Omni-Path,",1/6/2018,22,Lenovo,153216,6.47,10.3,1632,0.003964461,0.62815534,0,1434,2111,3545,0,1,85,3534
"MareNostrum - Lenovo SD530, Xeon Platinum 8160 24C 2.1GHz, Intel Omni-Path,",1/11/2017,16,Lenovo,153216,6.47,10.3,1632,0.003964461,0.62815534,0,1434,2111,3545,0,1,85,3534
"MareNostrum - Lenovo SD530, Xeon Platinum 8160 24C 2.1GHz, Intel Omni-Path,",1/6/2017,13,Lenovo,148176,6.23,9.96,1380,0.004514493,0.625502008,0,1434,2111,3545,0,1,85,3534
"SPR-HBM - Lenovo ThinkSystem SD650 V3, Xeon CPU Max 9480 56C 1.9GHz, Infiniband NDR,",1/11/2025,234,Lenovo,119952,6.46,7.29,1062,0.006082863,0.886145405,0,1434,2111,3545,0,1,85,3534
"SPR-HBM - Lenovo ThinkSystem SD650 V3, Xeon CPU Max 9480 56C 1.9GHz, Infiniband NDR,",1/6/2025,204,Lenovo,119952,6.46,7.29,1062,0.006082863,0.886145405,0,1434,2111,3545,0,1,85,3534
"SPR-HBM - Lenovo ThinkSystem SD650 V3, Xeon CPU Max 9480 56C 1.9GHz, Infiniband NDR,",1/11/2024,175,Lenovo,119952,6.46,7.29,1062,0.006082863,0.886145405,0,1434,2111,3545,0,1,85,3534
"SPR-HBM - Lenovo ThinkSystem SD650 V3, Xeon CPU Max 9480 56C 1.9GHz, Infiniband NDR,",1/6/2024,145,Lenovo,119952,6.46,7.29,1062,0.006082863,0.886145405,0,1434,2111,3545,0,1,85,3534
"SPR-HBM - Lenovo ThinkSystem SD650 V3, Xeon CPU Max 9480 56C 1.9GHz, Infiniband NDR,",1/11/2023,121,Lenovo,119952,6.46,7.29,1062,0.006082863,0.886145405,0,1434,2111,3545,0,1,85,3534
"Berzelius3 - NVIDIA DGX H200, Xeon Platinum 8480C 56C 2GHz, NVIDIA H200 SXM5 141 GB, Octo-rail NVIDIA HDR100 Infiniband, Ubuntu 22.04,",1/11/2025,235,EVIDEN,18688,6.42,8.68,126.16,0.050887762,0.739631336,1,1434,2111,3545,0,1,85,3534
"Berzelius3 - NVIDIA DGX H200, Xeon Platinum 8480C 56C 2GHz, NVIDIA H200 SXM5 141 GB, Octo-rail NVIDIA HDR100 Infiniband, Ubuntu 22.04,",1/6/2025,205,EVIDEN,18688,6.42,8.68,126.16,0.050887762,0.739631336,1,1434,2111,3545,0,1,85,3534
"ONYX - Cray XC40, Xeon E5-2699v4 22C 2.2GHz, Aries interconnect,",1/11/2025,236,Cray/HPE,211816,6.32,7.46,2294.598255,0,0.847184987,0,1434,2111,3545,0,1,85,3534
"ONYX - Cray XC40, Xeon E5-2699v4 22C 2.2GHz, Aries interconnect,",1/6/2025,206,Cray/HPE,211816,6.32,7.46,2294.598255,0,0.847184987,0,1434,2111,3545,0,1,85,3534
"ONYX - Cray XC40, Xeon E5-2699v4 22C 2.2GHz, Aries interconnect,",1/11/2024,176,Cray/HPE,211816,6.32,7.46,2294.598255,0,0.847184987,0,1434,2111,3545,0,1,85,3534
"ONYX - Cray XC40, Xeon E5-2699v4 22C 2.2GHz, Aries interconnect,",1/6/2024,146,Cray/HPE,211816,6.32,7.46,2294.598255,0,0.847184987,0,1434,2111,3545,0,1,85,3534
"ONYX - Cray XC40, Xeon E5-2699v4 22C 2.2GHz, Aries interconnect,",1/11/2023,123,Cray/HPE,211816,6.32,7.46,2294.598255,0,0.847184987,0,1434,2111,3545,0,1,85,3534
"ONYX - Cray XC40, Xeon E5-2699v4 22C 2.2GHz, Aries interconnect,",1/6/2023,100,Cray/HPE,211816,6.32,7.46,2294.598255,0,0.847184987,0,1434,2111,3545,0,1,85,3534
"ONYX - Cray XC40, Xeon E5-2699v4 22C 2.2GHz, Aries interconnect,",1/11/2022,90,Cray/HPE,211816,6.32,7.46,2294.598255,0,0.847184987,0,1434,2111,3545,0,1,85,3534
"ONYX - Cray XC40, Xeon E5-2699v4 22C 2.2GHz, Aries interconnect,",1/6/2022,83,Cray/HPE,211816,6.32,7.46,2294.598255,0,0.847184987,0,1434,2111,3545,0,1,85,3534
"ONYX - Cray XC40, Xeon E5-2699v4 22C 2.2GHz, Aries interconnect,",1/11/2021,75,Cray/HPE,211816,6.32,7.46,2294.598255,0,0.847184987,0,1434,2111,3545,0,1,85,3534
"ONYX - Cray XC40, Xeon E5-2699v4 22C 2.2GHz, Aries interconnect,",1/6/2021,64,Cray/HPE,211816,6.32,7.46,2294.598255,0,0.847184987,0,1434,2111,3545,0,1,85,3534
"ONYX - Cray XC40, Xeon E5-2699v4 22C 2.2GHz, Aries interconnect,",1/11/2020,43,Cray/HPE,211816,6.32,7.46,2294.598255,0,0.847184987,0,1434,2111,3545,0,1,85,3534
"ONYX - Cray XC40, Xeon E5-2699v4 22C 2.2GHz, Aries interconnect,",1/6/2020,73,Cray/HPE,160304,3.41,5.87,2294.598255,0,0.580919932,0,1434,2111,3545,0,1,85,3534
"ONYX - Cray XC40, Xeon E5-2699v4 22C 2.2GHz, Aries interconnect,",1/11/2019,64,Cray/HPE,160304,3.41,5.87,2294.598255,0,0.580919932,0,1434,2111,3545,0,1,85,3534
"ONYX - Cray XC40, Xeon E5-2699v4 22C 2.2GHz, Aries interconnect,",1/6/2019,58,Cray/HPE,160304,3.41,5.87,2294.598255,0,0.580919932,0,1434,2111,3545,0,1,85,3534
"ONYX - Cray XC40, Xeon E5-2699v4 22C 2.2GHz, Aries interconnect,",1/11/2018,48,Cray/HPE,160304,3.41,5.87,2294.598255,0,0.580919932,0,1434,2111,3545,0,1,85,3534
"ONYX - Cray XC40, Xeon E5-2699v4 22C 2.2GHz, Aries interconnect,",1/6/2018,42,Cray/HPE,160304,3.41,5.87,2294.598255,0,0.580919932,0,1434,2111,3545,0,1,85,3534
"ONYX - Cray XC40, Xeon E5-2699v4 22C 2.2GHz, Aries interconnect,",1/11/2017,33,Cray/HPE,160304,3.41,5.87,2294.598255,0,0.580919932,0,1434,2111,3545,0,1,85,3534
"ONYX - Cray XC40, Xeon E5-2699v4 22C 2.2GHz, Aries interconnect,",1/6/2017,30,Cray/HPE,160304,3.41,5.87,2294.598255,0,0.580919932,0,1434,2111,3545,0,1,85,3534
"LUMI-C - HPE Cray EX, AMD EPYC 7763 64C 2.45GHz, Slingshot-10,",1/11/2025,237,HPE,194560,6.3,7.63,1215.53,0.005182924,0.825688073,0,1434,2111,3545,0,1,85,3534
"LUMI-C - HPE Cray EX, AMD EPYC 7763 64C 2.45GHz, Slingshot-10,",1/6/2025,207,HPE,194560,6.3,7.63,1215.53,0.005182924,0.825688073,0,1434,2111,3545,0,1,85,3534
"LUMI-C - HPE Cray EX, AMD EPYC 7763 64C 2.45GHz, Slingshot-10,",1/11/2024,177,HPE,194560,6.3,7.63,1215.53,0.005182924,0.825688073,0,1434,2111,3545,0,1,85,3534
"LUMI-C - HPE Cray EX, AMD EPYC 7763 64C 2.45GHz, Slingshot-10,",1/6/2024,147,HPE,194560,6.3,7.63,1215.53,0.005182924,0.825688073,0,1434,2111,3545,0,1,85,3534
"LUMI-C - HPE Cray EX, AMD EPYC 7763 64C 2.45GHz, Slingshot-10,",1/11/2023,124,HPE,194560,6.3,7.63,1215.53,0.005182924,0.825688073,0,1434,2111,3545,0,1,85,3534
"LUMI-C - HPE Cray EX, AMD EPYC 7763 64C 2.45GHz, Slingshot-10,",1/6/2023,101,HPE,194560,6.3,7.63,1215.53,0.005182924,0.825688073,0,1434,2111,3545,0,1,85,3534
"LUMI-C - HPE Cray EX, AMD EPYC 7763 64C 2.45GHz, Slingshot-10,",1/11/2022,91,HPE,194560,6.3,7.63,1215.53,0.005182924,0.825688073,0,1434,2111,3545,0,1,85,3534
"LUMI-C - HPE Cray EX, AMD EPYC 7763 64C 2.45GHz, Slingshot-10,",1/6/2022,84,HPE,194560,6.3,7.63,1215.53,0.005182924,0.825688073,0,1434,2111,3545,0,1,85,3534
"LUMI-C - HPE Cray EX, AMD EPYC 7763 64C 2.45GHz, Slingshot-10,",1/11/2021,76,HPE,194560,6.3,7.63,1215.53,0.005182924,0.825688073,0,1434,2111,3545,0,1,85,3534
"Genkai Node Group A - PRIMERGY CX2550M7, Xeon Platinum 8490H 60C 1.9GHz, Infiniband NDR200, Rocky Linux,",1/11/2025,238,Fujitsu,122880,6.22,7.47,967.43,0.006429406,0.832663989,0,1434,2111,3545,0,1,85,3534
"Genkai Node Group A - PRIMERGY CX2550M7, Xeon Platinum 8490H 60C 1.9GHz, Infiniband NDR200, Rocky Linux,",1/6/2025,208,Fujitsu,122880,6.22,7.47,967.43,0.006429406,0.832663989,0,1434,2111,3545,0,1,85,3534
"Genkai Node Group A - PRIMERGY CX2550M7, Xeon Platinum 8490H 60C 1.9GHz, Infiniband NDR200, Rocky Linux,",1/11/2024,178,Fujitsu,122880,6.22,7.47,967.43,0.006429406,0.832663989,0,1434,2111,3545,0,1,85,3534
"DAIDC - Apollo 6500, AMD EPYC 74F3 24C 3.2GHz, NVIDIA A100 SXM4 80 GB, Infiniband HDR,",1/11/2025,239,HPE,54720,6.18,7.41,2294.598255,0,0.834008097,1,1434,2111,3545,0,1,85,3534
"DAIDC - Apollo 6500, AMD EPYC 74F3 24C 3.2GHz, NVIDIA A100 SXM4 80 GB, Infiniband HDR,",1/6/2025,209,HPE,54720,6.18,7.41,2294.598255,0,0.834008097,1,1434,2111,3545,0,1,85,3534
"DAIDC - Apollo 6500, AMD EPYC 74F3 24C 3.2GHz, NVIDIA A100 SXM4 80 GB, Infiniband HDR,",1/11/2024,179,HPE,54720,6.18,7.41,2294.598255,0,0.834008097,1,1434,2111,3545,0,1,85,3534
"DAIDC - Apollo 6500, AMD EPYC 74F3 24C 3.2GHz, NVIDIA A100 SXM4 80 GB, Infiniband HDR,",1/6/2024,148,HPE,54720,6.18,7.41,2294.598255,0,0.834008097,1,1434,2111,3545,0,1,85,3534
"DAIDC - Apollo 6500, AMD EPYC 74F3 24C 3.2GHz, NVIDIA A100 SXM4 80 GB, Infiniband HDR,",1/11/2023,125,HPE,54720,6.18,7.41,2294.598255,0,0.834008097,1,1434,2111,3545,0,1,85,3534
"JUWELS Module 1 - Bull Sequana X1000, Xeon Platinum 8168 24C 2.7GHz, Mellanox EDR InfiniBand/ParTec ParaStation ClusterSuite,",1/11/2025,240,EVIDEN,114480,6.18,9.89,1361,0.004540779,0.62487361,0,1434,2111,3545,0,1,85,3534
"JUWELS Module 1 - Bull Sequana X1000, Xeon Platinum 8168 24C 2.7GHz, Mellanox EDR InfiniBand/ParTec ParaStation ClusterSuite,",1/6/2025,210,EVIDEN,114480,6.18,9.89,1361,0.004540779,0.62487361,0,1434,2111,3545,0,1,85,3534
"JUWELS Module 1 - Bull Sequana X1000, Xeon Platinum 8168 24C 2.7GHz, Mellanox EDR InfiniBand/ParTec ParaStation ClusterSuite,",1/11/2024,180,EVIDEN,114480,6.18,9.89,1361,0.004540779,0.62487361,0,1434,2111,3545,0,1,85,3534
"JUWELS Module 1 - Bull Sequana X1000, Xeon Platinum 8168 24C 2.7GHz, Mellanox EDR InfiniBand/ParTec ParaStation ClusterSuite,",1/6/2024,149,EVIDEN,114480,6.18,9.89,1361,0.004540779,0.62487361,0,1434,2111,3545,0,1,85,3534
"JUWELS Module 1 - Bull Sequana X1000, Xeon Platinum 8168 24C 2.7GHz, Mellanox EDR InfiniBand/ParTec ParaStation ClusterSuite,",1/11/2023,126,EVIDEN,114480,6.18,9.89,1361,0.004540779,0.62487361,0,1434,2111,3545,0,1,85,3534
"JUWELS Module 1 - Bull Sequana X1000, Xeon Platinum 8168 24C 2.7GHz, Mellanox EDR InfiniBand/ParTec ParaStation ClusterSuite,",1/6/2023,102,EVIDEN,114480,6.18,9.89,1361,0.004540779,0.62487361,0,1434,2111,3545,0,1,85,3534
"JUWELS Module 1 - Bull Sequana X1000, Xeon Platinum 8168 24C 2.7GHz, Mellanox EDR InfiniBand/ParTec ParaStation ClusterSuite,",1/11/2022,93,EVIDEN,114480,6.18,9.89,1361,0.004540779,0.62487361,0,1434,2111,3545,0,1,85,3534
"JUWELS Module 1 - Bull Sequana X1000, Xeon Platinum 8168 24C 2.7GHz, Mellanox EDR InfiniBand/ParTec ParaStation ClusterSuite,",1/6/2022,86,EVIDEN,114480,6.18,9.89,1361,0.004540779,0.62487361,0,1434,2111,3545,0,1,85,3534
"JUWELS Module 1 - Bull Sequana X1000, Xeon Platinum 8168 24C 2.7GHz, Mellanox EDR InfiniBand/ParTec ParaStation ClusterSuite,",1/11/2021,77,EVIDEN,114480,6.18,9.89,1361,0.004540779,0.62487361,0,1434,2111,3545,0,1,85,3534
"JUWELS Module 1 - Bull Sequana X1000, Xeon Platinum 8168 24C 2.7GHz, Mellanox EDR InfiniBand/ParTec ParaStation ClusterSuite,",1/6/2021,65,EVIDEN,114480,6.18,9.89,1361,0.004540779,0.62487361,0,1434,2111,3545,0,1,85,3534
"JUWELS Module 1 - Bull Sequana X1000, Xeon Platinum 8168 24C 2.7GHz, Mellanox EDR InfiniBand/ParTec ParaStation ClusterSuite,",1/11/2020,44,EVIDEN,114480,6.18,9.89,1361,0.004540779,0.62487361,0,1434,2111,3545,0,1,85,3534
"JUWELS Module 1 - Bull Sequana X1000, Xeon Platinum 8168 24C 2.7GHz, Mellanox EDR InfiniBand/ParTec ParaStation ClusterSuite,",1/6/2020,38,EVIDEN,114480,6.18,9.89,1361,0.004540779,0.62487361,0,1434,2111,3545,0,1,85,3534
"JUWELS Module 1 - Bull Sequana X1000, Xeon Platinum 8168 24C 2.7GHz, Mellanox EDR InfiniBand/ParTec ParaStation ClusterSuite,",1/11/2019,31,EVIDEN,114480,6.18,9.89,1361,0.004540779,0.62487361,0,1434,2111,3545,0,1,85,3534
"JUWELS Module 1 - Bull Sequana X1000, Xeon Platinum 8168 24C 2.7GHz, Mellanox EDR InfiniBand/ParTec ParaStation ClusterSuite,",1/6/2019,30,EVIDEN,114480,6.18,9.89,1361,0.004540779,0.62487361,0,1434,2111,3545,0,1,85,3534
"JUWELS Module 1 - Bull Sequana X1000, Xeon Platinum 8168 24C 2.7GHz, Mellanox EDR InfiniBand/ParTec ParaStation ClusterSuite,",1/11/2018,26,EVIDEN,114480,6.18,9.89,1361,0.004540779,0.62487361,0,1434,2111,3545,0,1,85,3534
"JUWELS Module 1 - Bull Sequana X1000, Xeon Platinum 8168 24C 2.7GHz, Mellanox EDR InfiniBand/ParTec ParaStation ClusterSuite,",1/6/2018,23,EVIDEN,114480,6.18,9.89,1361,0.004540779,0.62487361,0,1434,2111,3545,0,1,85,3534
"HPE SGI 8600, Xeon Gold 6248R 24C 3GHz, NVIDIA Tesla V100 SXM2, Infiniband EDR,",1/11/2025,241,HPE,100096,6.16,8.44,2294.598255,0,0.72985782,1,1434,2111,3545,0,1,85,3534
"HPE SGI 8600, Xeon Gold 6248R 24C 3GHz, NVIDIA Tesla V100 SXM2, Infiniband EDR,",1/6/2025,211,HPE,100096,6.16,8.44,2294.598255,0,0.72985782,1,1434,2111,3545,0,1,85,3534
"HPE SGI 8600, Xeon Gold 6248R 24C 3GHz, NVIDIA Tesla V100 SXM2, Infiniband EDR,",1/11/2024,181,HPE,100096,6.16,8.44,2294.598255,0,0.72985782,1,1434,2111,3545,0,1,85,3534
"HPE SGI 8600, Xeon Gold 6248R 24C 3GHz, NVIDIA Tesla V100 SXM2, Infiniband EDR,",1/6/2024,150,HPE,100096,6.16,8.44,2294.598255,0,0.72985782,1,1434,2111,3545,0,1,85,3534
"HPE SGI 8600, Xeon Gold 6248R 24C 3GHz, NVIDIA Tesla V100 SXM2, Infiniband EDR,",1/11/2023,127,HPE,100096,6.16,8.44,2294.598255,0,0.72985782,1,1434,2111,3545,0,1,85,3534
"HPE SGI 8600, Xeon Gold 6248R 24C 3GHz, NVIDIA Tesla V100 SXM2, Infiniband EDR,",1/6/2023,103,HPE,100096,6.16,8.44,2294.598255,0,0.72985782,1,1434,2111,3545,0,1,85,3534
"HPE SGI 8600, Xeon Gold 6248R 24C 3GHz, NVIDIA Tesla V100 SXM2, Infiniband EDR,",1/11/2022,94,HPE,100096,6.16,8.44,2294.598255,0,0.72985782,1,1434,2111,3545,0,1,85,3534
"HPE SGI 8600, Xeon Gold 6248R 24C 3GHz, NVIDIA Tesla V100 SXM2, Infiniband EDR,",1/6/2022,87,HPE,100096,6.16,8.44,2294.598255,0,0.72985782,1,1434,2111,3545,0,1,85,3534
"HPE SGI 8600, Xeon Gold 6248R 24C 3GHz, NVIDIA Tesla V100 SXM2, Infiniband EDR,",1/11/2021,78,HPE,100096,6.16,8.44,2294.598255,0,0.72985782,1,1434,2111,3545,0,1,85,3534
"HPE SGI 8600, Xeon Gold 6248R 24C 3GHz, NVIDIA Tesla V100 SXM2, Infiniband EDR,",1/6/2021,66,HPE,100096,6.16,8.44,2294.598255,0,0.72985782,1,1434,2111,3545,0,1,85,3534
"HPE SGI 8600, Xeon Gold 6248R 24C 3GHz, NVIDIA Tesla V100 SXM2, Infiniband EDR,",1/11/2020,45,HPE,100096,6.16,8.44,2294.598255,0,0.72985782,1,1434,2111,3545,0,1,85,3534
"Honhai Super AI Computing Center 1 - NVIDIA DGX H100, Xeon Platinum 8480C 56C 2GHz, NVIDIA H100 SXM5 80GB, Infiniband NDR400, RedHat Enterprise Linux,",1/11/2025,242,ASUSTeK / ASUS Cloud / Taiwan Web Service Corporation,18688,6.12,8.58,2294.598255,0,0.713286713,1,1434,2111,3545,0,1,85,3534
"Honhai Super AI Computing Center 1 - NVIDIA DGX H100, Xeon Platinum 8480C 56C 2GHz, NVIDIA H100 SXM5 80GB, Infiniband NDR400, RedHat Enterprise Linux,",1/6/2025,212,ASUSTeK / ASUS Cloud / Taiwan Web Service Corporation,18688,6.12,8.58,2294.598255,0,0.713286713,1,1434,2111,3545,0,1,85,3534
"Honhai Super AI Computing Center 1 - NVIDIA DGX H100, Xeon Platinum 8480C 56C 2GHz, NVIDIA H100 SXM5 80GB, Infiniband NDR400, RedHat Enterprise Linux,",1/11/2024,182,ASUSTeK / ASUS Cloud / Taiwan Web Service Corporation,18688,6.12,8.58,2294.598255,0,0.713286713,1,1434,2111,3545,0,1,85,3534
"SQUID - CPU Nodes - NEC LX 103Bj-8, Xeon Platinum 8368 38C 2.4GHz, Infiniband HDR200,",1/11/2025,243,NEC,115520,6.11,8.87,1222.2,0.004999182,0.688838782,0,1434,2111,3545,0,1,85,3534
"SQUID - CPU Nodes - NEC LX 103Bj-8, Xeon Platinum 8368 38C 2.4GHz, Infiniband HDR200,",1/6/2025,213,NEC,115520,6.11,8.87,1222.2,0.004999182,0.688838782,0,1434,2111,3545,0,1,85,3534
"SQUID - CPU Nodes - NEC LX 103Bj-8, Xeon Platinum 8368 38C 2.4GHz, Infiniband HDR200,",1/11/2024,183,NEC,115520,6.11,8.87,1222.2,0.004999182,0.688838782,0,1434,2111,3545,0,1,85,3534
"SQUID - CPU Nodes - NEC LX 103Bj-8, Xeon Platinum 8368 38C 2.4GHz, Infiniband HDR200,",1/6/2024,152,NEC,115520,6.11,8.87,1222.2,0.004999182,0.688838782,0,1434,2111,3545,0,1,85,3534
"SQUID - CPU Nodes - NEC LX 103Bj-8, Xeon Platinum 8368 38C 2.4GHz, Infiniband HDR200,",1/11/2023,129,NEC,115520,6.11,8.87,1222.2,0.004999182,0.688838782,0,1434,2111,3545,0,1,85,3534
"SQUID - CPU Nodes - NEC LX 103Bj-8, Xeon Platinum 8368 38C 2.4GHz, Infiniband HDR200,",1/6/2023,104,NEC,115520,6.11,8.87,1222.2,0.004999182,0.688838782,0,1434,2111,3545,0,1,85,3534
"SQUID - CPU Nodes - NEC LX 103Bj-8, Xeon Platinum 8368 38C 2.4GHz, Infiniband HDR200,",1/11/2022,95,NEC,115520,6.11,8.87,1222.2,0.004999182,0.688838782,0,1434,2111,3545,0,1,85,3534
"SQUID - CPU Nodes - NEC LX 103Bj-8, Xeon Platinum 8368 38C 2.4GHz, Infiniband HDR200,",1/6/2022,88,NEC,115520,6.11,8.87,1222.2,0.004999182,0.688838782,0,1434,2111,3545,0,1,85,3534
"SQUID - CPU Nodes - NEC LX 103Bj-8, Xeon Platinum 8368 38C 2.4GHz, Infiniband HDR200,",1/11/2021,79,NEC,115520,6.11,8.87,1222.2,0.004999182,0.688838782,0,1434,2111,3545,0,1,85,3534
"SQUID - CPU Nodes - NEC LX 103Bj-8, Xeon Platinum 8368 38C 2.4GHz, Infiniband HDR200,",1/6/2021,67,NEC,115520,6.11,8.87,1222.2,0.004999182,0.688838782,0,1434,2111,3545,0,1,85,3534
"Lockhart TDS - HPE Cray EX EX235a, AMD Optimized 3rd Generation EPYC 64C 2GHz, AMD Instinct MI250X, Slingshot-11, HPE Cray OS,",1/11/2025,244,HPE,33984,6.06,7.68,2294.598255,0,0.7890625,1,1434,2111,3545,0,1,85,3534
"Lockhart TDS - HPE Cray EX EX235a, AMD Optimized 3rd Generation EPYC 64C 2GHz, AMD Instinct MI250X, Slingshot-11, HPE Cray OS,",1/6/2025,214,HPE,33984,6.06,7.68,2294.598255,0,0.7890625,1,1434,2111,3545,0,1,85,3534
"Lise - Bull intel Cluster, Intel Xeon Platinum 9242 48C 2.3GHz, Intel Omni-Path,",1/11/2025,245,EVIDEN,121920,6.05,8.93,2294.598255,0,0.677491601,0,1434,2111,3545,0,1,85,3534
"Lise - Bull intel Cluster, Intel Xeon Platinum 9242 48C 2.3GHz, Intel Omni-Path,",1/6/2025,215,EVIDEN,121920,6.05,8.93,2294.598255,0,0.677491601,0,1434,2111,3545,0,1,85,3534
"Lise - Bull intel Cluster, Intel Xeon Platinum 9242 48C 2.3GHz, Intel Omni-Path,",1/11/2024,184,EVIDEN,121920,6.05,8.93,2294.598255,0,0.677491601,0,1434,2111,3545,0,1,85,3534
"Lise - Bull intel Cluster, Intel Xeon Platinum 9242 48C 2.3GHz, Intel Omni-Path,",1/6/2024,153,EVIDEN,121920,6.05,8.93,2294.598255,0,0.677491601,0,1434,2111,3545,0,1,85,3534
"Lise - Bull intel Cluster, Intel Xeon Platinum 9242 48C 2.3GHz, Intel Omni-Path,",1/11/2023,130,EVIDEN,121920,6.05,8.93,2294.598255,0,0.677491601,0,1434,2111,3545,0,1,85,3534
"Lise - Bull intel Cluster, Intel Xeon Platinum 9242 48C 2.3GHz, Intel Omni-Path,",1/6/2023,105,EVIDEN,121920,6.05,8.93,2294.598255,0,0.677491601,0,1434,2111,3545,0,1,85,3534
"Lise - Bull intel Cluster, Intel Xeon Platinum 9242 48C 2.3GHz, Intel Omni-Path,",1/11/2022,96,EVIDEN,121920,6.05,8.93,2294.598255,0,0.677491601,0,1434,2111,3545,0,1,85,3534
"Lise - Bull intel Cluster, Intel Xeon Platinum 9242 48C 2.3GHz, Intel Omni-Path,",1/6/2022,89,EVIDEN,121920,6.05,8.93,2294.598255,0,0.677491601,0,1434,2111,3545,0,1,85,3534
"Lise - Bull intel Cluster, Intel Xeon Platinum 9242 48C 2.3GHz, Intel Omni-Path,",1/11/2021,80,EVIDEN,121920,6.05,8.93,2294.598255,0,0.677491601,0,1434,2111,3545,0,1,85,3534
"Lise - Bull intel Cluster, Intel Xeon Platinum 9242 48C 2.3GHz, Intel Omni-Path,",1/6/2021,68,EVIDEN,121920,6.05,8.93,2294.598255,0,0.677491601,0,1434,2111,3545,0,1,85,3534
"Lise - Bull intel Cluster, Intel Xeon Platinum 9242 48C 2.3GHz, Intel Omni-Path,",1/11/2020,55,EVIDEN,103680,5.36,7.63,1258,0.004260731,0.70249017,0,1434,2111,3545,0,1,85,3534
"Lise - Bull intel Cluster, Intel Xeon Platinum 9242 48C 2.3GHz, Intel Omni-Path,",1/6/2020,48,EVIDEN,103680,5.36,7.63,1258,0.004260731,0.70249017,0,1434,2111,3545,0,1,85,3534
"Lise - Bull intel Cluster, Intel Xeon Platinum 9242 48C 2.3GHz, Intel Omni-Path,",1/11/2019,40,EVIDEN,103680,5.36,7.63,1258,0.004260731,0.70249017,0,1434,2111,3545,0,1,85,3534
"Blueback GPU - HPE Cray EX255a, AMD 4th Gen EPYC 24C 1.8GHz, AMD Instinct MI300A, Slingshot-11, HPE Cray OS,",1/11/2025,246,HPE,32256,6.04,8.02,2294.598255,0,0.753117207,1,1434,2111,3545,0,1,85,3534
"Blueback GPU - HPE Cray EX255a, AMD 4th Gen EPYC 24C 1.8GHz, AMD Instinct MI300A, Slingshot-11, HPE Cray OS,",1/6/2025,216,HPE,32256,6.04,8.02,2294.598255,0,0.753117207,1,1434,2111,3545,0,1,85,3534
"DAIS - ThinkSystem SR780a V3 Neptune, Intel Xeon Platinum 8568Y+ 48C 2.3GHz, NVIDIA HGX H200 141GB, Infiniband NDR, SLES15 SP6,",1/11/2025,247,Lenovo,19584,6.03,9.22,2294.598255,0,0.654013015,1,1434,2111,3545,0,1,85,3534
"Kraken-Fregata - HPE Cray XD665, AMD EPYC 9334 32C 2.7GHz, Nvidia H100 94Gb SXM5, Infiniband NDR200,",1/11/2025,248,"HPE, GALAXY",21904,5.98,10.02,2294.598255,0,0.596806387,1,1434,2111,3545,0,1,85,3534
"Kraken-Fregata - HPE Cray XD665, AMD EPYC 9334 32C 2.7GHz, Nvidia H100 94Gb SXM5, Infiniband NDR200,",1/6/2025,217,"HPE, GALAXY",21904,5.98,10.02,2294.598255,0,0.596806387,1,1434,2111,3545,0,1,85,3534
"Kraken-Fregata - HPE Cray XD665, AMD EPYC 9334 32C 2.7GHz, Nvidia H100 94Gb SXM5, Infiniband NDR200,",1/11/2024,185,"HPE, GALAXY",21904,5.98,10.02,2294.598255,0,0.596806387,1,1434,2111,3545,0,1,85,3534
"Kraken-Fregata - HPE Cray XD665, AMD EPYC 9334 32C 2.7GHz, Nvidia H100 94Gb SXM5, Infiniband NDR200,",1/6/2024,154,"HPE, GALAXY",21904,5.98,10.02,2294.598255,0,0.596806387,1,1434,2111,3545,0,1,85,3534
"Pleiades - SGI ICE X, Intel Xeon E5-2670/E5-2680v2/E5-2680v3/E5-2680v4 2.6/2.8/2.5/2.4 GHz, Infiniband FDR,",1/11/2025,249,HPE,241108,5.95,7.11,4407,0.001350125,0.836849508,0,1434,2111,3545,0,1,85,3534
"Pleiades - SGI ICE X, Intel Xeon E5-2670/E5-2680v2/E5-2680v3/E5-2680v4 2.6/2.8/2.5/2.4 GHz, Infiniband FDR,",1/6/2025,218,HPE,241108,5.95,7.11,4407,0.001350125,0.836849508,0,1434,2111,3545,0,1,85,3534
"Pleiades - SGI ICE X, Intel Xeon E5-2670/E5-2680v2/E5-2680v3/E5-2680v4 2.6/2.8/2.5/2.4 GHz, Infiniband FDR,",1/11/2024,186,HPE,241108,5.95,7.11,4407,0.001350125,0.836849508,0,1434,2111,3545,0,1,85,3534
"Pleiades - SGI ICE X, Intel Xeon E5-2670/E5-2680v2/E5-2680v3/E5-2680v4 2.6/2.8/2.5/2.4 GHz, Infiniband FDR,",1/6/2024,155,HPE,241108,5.95,7.11,4407,0.001350125,0.836849508,0,1434,2111,3545,0,1,85,3534
"Pleiades - SGI ICE X, Intel Xeon E5-2670/E5-2680v2/E5-2680v3/E5-2680v4 2.6/2.8/2.5/2.4 GHz, Infiniband FDR,",1/11/2023,131,HPE,241108,5.95,7.11,4407,0.001350125,0.836849508,0,1434,2111,3545,0,1,85,3534
"Pleiades - SGI ICE X, Intel Xeon E5-2670/E5-2680v2/E5-2680v3/E5-2680v4 2.6/2.8/2.5/2.4 GHz, Infiniband FDR,",1/6/2023,106,HPE,241108,5.95,7.11,4407,0.001350125,0.836849508,0,1434,2111,3545,0,1,85,3534
"Pleiades - SGI ICE X, Intel Xeon E5-2670/E5-2680v2/E5-2680v3/E5-2680v4 2.6/2.8/2.5/2.4 GHz, Infiniband FDR,",1/11/2022,97,HPE,241108,5.95,7.11,4407,0.001350125,0.836849508,0,1434,2111,3545,0,1,85,3534
"Pleiades - SGI ICE X, Intel Xeon E5-2670/E5-2680v2/E5-2680v3/E5-2680v4 2.6/2.8/2.5/2.4 GHz, Infiniband FDR,",1/6/2022,90,HPE,241108,5.95,7.11,4407,0.001350125,0.836849508,0,1434,2111,3545,0,1,85,3534
"Pleiades - SGI ICE X, Intel Xeon E5-2670/E5-2680v2/E5-2680v3/E5-2680v4 2.6/2.8/2.5/2.4 GHz, Infiniband FDR,",1/11/2021,81,HPE,241108,5.95,7.11,4407,0.001350125,0.836849508,0,1434,2111,3545,0,1,85,3534
"Pleiades - SGI ICE X, Intel Xeon E5-2670/E5-2680v2/E5-2680v3/E5-2680v4 2.6/2.8/2.5/2.4 GHz, Infiniband FDR,",1/6/2021,70,HPE,241108,5.95,7.11,4407,0.001350125,0.836849508,0,1434,2111,3545,0,1,85,3534
"Pleiades - SGI ICE X, Intel Xeon E5-2670/E5-2680v2/E5-2680v3/E5-2680v4 2.6/2.8/2.5/2.4 GHz, Infiniband FDR,",1/11/2020,46,HPE,241108,5.95,7.11,4407,0.001350125,0.836849508,0,1434,2111,3545,0,1,85,3534
"Pleiades - SGI ICE X, Intel Xeon E5-2670/E5-2680v2/E5-2680v3/E5-2680v4 2.6/2.8/2.5/2.4 GHz, Infiniband FDR,",1/6/2020,39,HPE,241108,5.95,7.11,4407,0.001350125,0.836849508,0,1434,2111,3545,0,1,85,3534
"Pleiades - SGI ICE X, Intel Xeon E5-2670/E5-2680v2/E5-2680v3/E5-2680v4 2.6/2.8/2.5/2.4 GHz, Infiniband FDR,",1/11/2019,32,HPE,241108,5.95,7.11,4407,0.001350125,0.836849508,0,1434,2111,3545,0,1,85,3534
"Pleiades - SGI ICE X, Intel Xeon E5-2670/E5-2680v2/E5-2680v3/E5-2680v4 2.6/2.8/2.5/2.4 GHz, Infiniband FDR,",1/6/2019,31,HPE,241108,5.95,7.11,4407,0.001350125,0.836849508,0,1434,2111,3545,0,1,85,3534
"Pleiades - SGI ICE X, Intel Xeon E5-2670/E5-2680v2/E5-2680v3/E5-2680v4 2.6/2.8/2.5/2.4 GHz, Infiniband FDR,",1/11/2018,27,HPE,241108,5.95,7.11,4407,0.001350125,0.836849508,0,1434,2111,3545,0,1,85,3534
"Pleiades - SGI ICE X, Intel Xeon E5-2670/E5-2680v2/E5-2680v3/E5-2680v4 2.6/2.8/2.5/2.4 GHz, Infiniband FDR,",1/6/2018,24,HPE,241108,5.95,7.11,4407,0.001350125,0.836849508,0,1434,2111,3545,0,1,85,3534
"Pleiades - SGI ICE X, Intel Xeon E5-2670/E5-2680v2/E5-2680v3/E5-2680v4 2.6/2.8/2.5/2.4 GHz, Infiniband FDR,",1/11/2017,17,HPE,241108,5.95,7.11,4407,0.001350125,0.836849508,0,1434,2111,3545,0,1,85,3534
"Pleiades - SGI ICE X, Intel Xeon E5-2670/E5-2680v2/E5-2680v3/E5-2680v4 2.6/2.8/2.5/2.4 GHz, Infiniband FDR,",1/6/2017,15,HPE,241108,5.95,7.11,4407,0.001350125,0.836849508,0,1434,2111,3545,0,1,85,3534
"Pleiades - SGI ICE X, Intel Xeon E5-2670/E5-2680v2/E5-2680v3/E5-2680v4 2.6/2.8/2.5/2.4 GHz, Infiniband FDR,",1/11/2016,13,HPE,241108,5.95,7.11,4407,0.001350125,0.836849508,0,1434,2111,3545,0,1,85,3534
"Pleiades - SGI ICE X, Intel Xeon E5-2670/E5-2680v2/E5-2680v3/E5-2680v4 2.6/2.8/2.5/2.4 GHz, Infiniband FDR,",1/6/2016,16,HPE,185344,4.09,4.97,3380,0.001210059,0.822937626,0,1434,2111,3545,0,1,85,3534
"Pleiades - SGI ICE X, Intel Xeon E5-2670/E5-2680v2/E5-2680v3/E5-2680v4 2.6/2.8/2.5/2.4 GHz, Infiniband FDR,",1/11/2015,14,HPE,185344,4.09,4.97,3380,0.001210059,0.822937626,0,1434,2111,3545,0,1,85,3534
"Pleiades - SGI ICE X, Intel Xeon E5-2670/E5-2680v2/E5-2680v3/E5-2680v4 2.6/2.8/2.5/2.4 GHz, Infiniband FDR,",1/6/2015,12,HPE,185344,4.09,4.97,3380,0.001210059,0.822937626,0,1434,2111,3545,0,1,85,3534
"Pleiades - SGI ICE X, Intel Xeon E5-2670/E5-2680v2/E5-2680v3/E5-2680v4 2.6/2.8/2.5/2.4 GHz, Infiniband FDR,",1/11/2014,12,HPE,160768,3.38,3.99,3140.7,0.001076193,0.847117794,0,1434,2111,3545,0,1,85,3534
"Pleiades - SGI ICE X, Intel Xeon E5-2670/E5-2680v2/E5-2680v3/E5-2680v4 2.6/2.8/2.5/2.4 GHz, Infiniband FDR,",1/6/2014,22,HPE,96192,1.54,2.11,2015.14,0.000764215,0.72985782,0,1434,2111,3545,0,1,85,3534
"Pleiades - SGI ICE X, Intel Xeon E5-2670/E5-2680v2/E5-2680v3/E5-2680v4 2.6/2.8/2.5/2.4 GHz, Infiniband FDR,",1/11/2013,17,HPE,96192,1.54,2.11,2015.14,0.000764215,0.72985782,0,1434,2111,3545,0,1,85,3534
"Pleiades - SGI ICE X, Intel Xeon E5-2670/E5-2680v2/E5-2680v3/E5-2680v4 2.6/2.8/2.5/2.4 GHz, Infiniband FDR,",1/6/2013,20,HPE,125980,1.24,1.73,3986.96,0.000311014,0.716763006,0,1434,2111,3545,0,1,85,3534
"Pleiades - SGI ICE X, Intel Xeon E5-2670/E5-2680v2/E5-2680v3/E5-2680v4 2.6/2.8/2.5/2.4 GHz, Infiniband FDR,",1/11/2012,14,HPE,125980,1.24,1.73,3986.96,0.000311014,0.716763006,0,1434,2111,3545,0,1,85,3534
"Pleiades - SGI ICE X, Intel Xeon E5-2670/E5-2680v2/E5-2680v3/E5-2680v4 2.6/2.8/2.5/2.4 GHz, Infiniband FDR,",1/6/2012,11,HPE,125980,1.24,1.73,3986.96,0.000311014,0.716763006,0,1434,2111,3545,0,1,85,3534
"Pleiades - SGI ICE X, Intel Xeon E5-2670/E5-2680v2/E5-2680v3/E5-2680v4 2.6/2.8/2.5/2.4 GHz, Infiniband FDR,",1/11/2011,7,HPE,111104,1.09,1.32,4102,0.000265724,0.825757576,0,1434,2111,3545,0,1,85,3534
"Pleiades - SGI ICE X, Intel Xeon E5-2670/E5-2680v2/E5-2680v3/E5-2680v4 2.6/2.8/2.5/2.4 GHz, Infiniband FDR,",1/6/2011,7,HPE,111104,1.09,1.32,4102,0.000265724,0.825757576,0,1434,2111,3545,0,1,85,3534
"Emmy+ - BullSequana X, Intel Xeon Platinum 9242/Gold 6148, Intel Omni-Path,",1/11/2025,250,EVIDEN,120296,5.95,8.91,2294.598255,0,0.667789001,0,1434,2111,3545,0,1,85,3534
"Emmy+ - BullSequana X, Intel Xeon Platinum 9242/Gold 6148, Intel Omni-Path,",1/6/2025,219,EVIDEN,120296,5.95,8.91,2294.598255,0,0.667789001,0,1434,2111,3545,0,1,85,3534
"Emmy+ - BullSequana X, Intel Xeon Platinum 9242/Gold 6148, Intel Omni-Path,",1/11/2024,187,EVIDEN,120296,5.95,8.91,2294.598255,0,0.667789001,0,1434,2111,3545,0,1,85,3534
"Emmy+ - BullSequana X, Intel Xeon Platinum 9242/Gold 6148, Intel Omni-Path,",1/6/2024,156,EVIDEN,120296,5.95,8.91,2294.598255,0,0.667789001,0,1434,2111,3545,0,1,85,3534
"Emmy+ - BullSequana X, Intel Xeon Platinum 9242/Gold 6148, Intel Omni-Path,",1/11/2023,132,EVIDEN,120296,5.95,8.91,2294.598255,0,0.667789001,0,1434,2111,3545,0,1,85,3534
"Emmy+ - BullSequana X, Intel Xeon Platinum 9242/Gold 6148, Intel Omni-Path,",1/6/2023,107,EVIDEN,120296,5.95,8.91,2294.598255,0,0.667789001,0,1434,2111,3545,0,1,85,3534
"Emmy+ - BullSequana X, Intel Xeon Platinum 9242/Gold 6148, Intel Omni-Path,",1/11/2022,98,EVIDEN,120296,5.95,8.91,2294.598255,0,0.667789001,0,1434,2111,3545,0,1,85,3534
"Emmy+ - BullSequana X, Intel Xeon Platinum 9242/Gold 6148, Intel Omni-Path,",1/6/2022,91,EVIDEN,120296,5.95,8.91,2294.598255,0,0.667789001,0,1434,2111,3545,0,1,85,3534
"Emmy+ - BullSequana X, Intel Xeon Platinum 9242/Gold 6148, Intel Omni-Path,",1/11/2021,82,EVIDEN,120296,5.95,8.91,2294.598255,0,0.667789001,0,1434,2111,3545,0,1,85,3534
"Emmy+ - BullSequana X, Intel Xeon Platinum 9242/Gold 6148, Intel Omni-Path,",1/6/2021,71,EVIDEN,120296,5.95,8.91,2294.598255,0,0.667789001,0,1434,2111,3545,0,1,85,3534
"Emmy+ - BullSequana X, Intel Xeon Platinum 9242/Gold 6148, Intel Omni-Path,",1/11/2020,47,EVIDEN,120296,5.95,8.91,2294.598255,0,0.667789001,0,1434,2111,3545,0,1,85,3534
"Arunika - BullSequana XH2000, AMD EPYC 7643 48C 2.3GHz, Infiniband HDR, Red Hat Enterprise Linux,",1/11/2025,251,EVIDEN,203040,5.94,7.4,1235.8,0.004806603,0.802702703,0,1434,2111,3545,0,1,85,3534
"Arunika - BullSequana XH2000, AMD EPYC 7643 48C 2.3GHz, Infiniband HDR, Red Hat Enterprise Linux,",1/6/2025,221,EVIDEN,203040,5.94,7.4,1235.8,0.004806603,0.802702703,0,1434,2111,3545,0,1,85,3534
"Arunika - BullSequana XH2000, AMD EPYC 7643 48C 2.3GHz, Infiniband HDR, Red Hat Enterprise Linux,",1/11/2024,189,EVIDEN,203040,5.94,7.4,1235.8,0.004806603,0.802702703,0,1434,2111,3545,0,1,85,3534
"Narval (GPU) - PowerEdge XE8545, AMD EPYC 7413 24C 2.65GHz, NVIDIA A100, InfiniBand HDR100,",1/11/2025,252,DELL,76320,5.89,12.17,311.14,0.018930385,0.483976993,1,1434,2111,3545,0,1,85,3534
"Narval (GPU) - PowerEdge XE8545, AMD EPYC 7413 24C 2.65GHz, NVIDIA A100, InfiniBand HDR100,",1/6/2025,222,DELL,76320,5.89,12.17,311.14,0.018930385,0.483976993,1,1434,2111,3545,0,1,85,3534
"Narval (GPU) - PowerEdge XE8545, AMD EPYC 7413 24C 2.65GHz, NVIDIA A100, InfiniBand HDR100,",1/11/2024,190,DELL,76320,5.89,12.17,311.14,0.018930385,0.483976993,1,1434,2111,3545,0,1,85,3534
"Narval (GPU) - PowerEdge XE8545, AMD EPYC 7413 24C 2.65GHz, NVIDIA A100, InfiniBand HDR100,",1/6/2024,157,DELL,76320,5.89,12.17,311.14,0.018930385,0.483976993,1,1434,2111,3545,0,1,85,3534
"Narval (GPU) - PowerEdge XE8545, AMD EPYC 7413 24C 2.65GHz, NVIDIA A100, InfiniBand HDR100,",1/11/2023,133,DELL,76320,5.89,12.17,311.14,0.018930385,0.483976993,1,1434,2111,3545,0,1,85,3534
"Narval (GPU) - PowerEdge XE8545, AMD EPYC 7413 24C 2.65GHz, NVIDIA A100, InfiniBand HDR100,",1/6/2023,108,DELL,76320,5.89,12.17,311.14,0.018930385,0.483976993,1,1434,2111,3545,0,1,85,3534
"Narval (GPU) - PowerEdge XE8545, AMD EPYC 7413 24C 2.65GHz, NVIDIA A100, InfiniBand HDR100,",1/11/2022,99,DELL,76320,5.89,12.17,311.14,0.018930385,0.483976993,1,1434,2111,3545,0,1,85,3534
"Narval (GPU) - PowerEdge XE8545, AMD EPYC 7413 24C 2.65GHz, NVIDIA A100, InfiniBand HDR100,",1/6/2022,92,DELL,76320,5.89,12.17,311.14,0.018930385,0.483976993,1,1434,2111,3545,0,1,85,3534
"Narval (GPU) - PowerEdge XE8545, AMD EPYC 7413 24C 2.65GHz, NVIDIA A100, InfiniBand HDR100,",1/11/2021,83,DELL,76320,5.89,12.17,311.14,0.018930385,0.483976993,1,1434,2111,3545,0,1,85,3534
"Sawtooth - HPE SGI 8600, Xeon Platinum 8268 24C 2.9GHz, Infiniband EDR/HDR,",1/11/2025,253,HPE,99792,5.78,9.22,1432,0.004036313,0.626898048,0,1434,2111,3545,0,1,85,3534
"Sawtooth - HPE SGI 8600, Xeon Platinum 8268 24C 2.9GHz, Infiniband EDR/HDR,",1/6/2025,223,HPE,99792,5.78,9.22,1432,0.004036313,0.626898048,0,1434,2111,3545,0,1,85,3534
"Sawtooth - HPE SGI 8600, Xeon Platinum 8268 24C 2.9GHz, Infiniband EDR/HDR,",1/11/2024,191,HPE,99792,5.78,9.22,1432,0.004036313,0.626898048,0,1434,2111,3545,0,1,85,3534
"Sawtooth - HPE SGI 8600, Xeon Platinum 8268 24C 2.9GHz, Infiniband EDR/HDR,",1/6/2024,158,HPE,99792,5.78,9.22,1432,0.004036313,0.626898048,0,1434,2111,3545,0,1,85,3534
"Sawtooth - HPE SGI 8600, Xeon Platinum 8268 24C 2.9GHz, Infiniband EDR/HDR,",1/11/2023,134,HPE,99792,5.78,9.22,1432,0.004036313,0.626898048,0,1434,2111,3545,0,1,85,3534
"Sawtooth - HPE SGI 8600, Xeon Platinum 8268 24C 2.9GHz, Infiniband EDR/HDR,",1/6/2023,109,HPE,99792,5.78,9.22,1432,0.004036313,0.626898048,0,1434,2111,3545,0,1,85,3534
"Sawtooth - HPE SGI 8600, Xeon Platinum 8268 24C 2.9GHz, Infiniband EDR/HDR,",1/11/2022,100,HPE,99792,5.78,9.22,1432,0.004036313,0.626898048,0,1434,2111,3545,0,1,85,3534
"Sawtooth - HPE SGI 8600, Xeon Platinum 8268 24C 2.9GHz, Infiniband EDR/HDR,",1/6/2022,93,HPE,99792,5.78,9.22,1432,0.004036313,0.626898048,0,1434,2111,3545,0,1,85,3534
"Sawtooth - HPE SGI 8600, Xeon Platinum 8268 24C 2.9GHz, Infiniband EDR/HDR,",1/11/2021,85,HPE,99792,5.78,9.22,1432,0.004036313,0.626898048,0,1434,2111,3545,0,1,85,3534
"Sawtooth - HPE SGI 8600, Xeon Platinum 8268 24C 2.9GHz, Infiniband EDR/HDR,",1/6/2021,73,HPE,99792,5.78,9.22,1432,0.004036313,0.626898048,0,1434,2111,3545,0,1,85,3534
"Sawtooth - HPE SGI 8600, Xeon Platinum 8268 24C 2.9GHz, Infiniband EDR/HDR,",1/11/2020,48,HPE,99792,5.78,9.22,1432,0.004036313,0.626898048,0,1434,2111,3545,0,1,85,3534
"Sawtooth - HPE SGI 8600, Xeon Platinum 8268 24C 2.9GHz, Infiniband EDR/HDR,",1/6/2020,40,HPE,99792,5.78,9.22,1432,0.004036313,0.626898048,0,1434,2111,3545,0,1,85,3534
"Sawtooth - HPE SGI 8600, Xeon Platinum 8268 24C 2.9GHz, Infiniband EDR/HDR,",1/11/2019,37,HPE,96480,5.59,8.95,2294.598255,0,0.624581006,0,1434,2111,3545,0,1,85,3534
"PRIMEHPC FX1000, A64FX 48C 2.2GHz, Tofu interconnect D,",1/11/2025,254,Fujitsu,92160,5.6,6.49,350.47,0.015978543,0.862865948,0,1434,2111,3545,0,1,85,3534
"PRIMEHPC FX1000, A64FX 48C 2.2GHz, Tofu interconnect D,",1/6/2025,224,Fujitsu,92160,5.6,6.49,350.47,0.015978543,0.862865948,0,1434,2111,3545,0,1,85,3534
"PRIMEHPC FX1000, A64FX 48C 2.2GHz, Tofu interconnect D,",1/11/2024,192,Fujitsu,92160,5.6,6.49,350.47,0.015978543,0.862865948,0,1434,2111,3545,0,1,85,3534
"PRIMEHPC FX1000, A64FX 48C 2.2GHz, Tofu interconnect D,",1/6/2024,160,Fujitsu,92160,5.6,6.49,350.47,0.015978543,0.862865948,0,1434,2111,3545,0,1,85,3534
"PRIMEHPC FX1000, A64FX 48C 2.2GHz, Tofu interconnect D,",1/11/2023,139,Fujitsu,92160,5.6,6.49,350.47,0.015978543,0.862865948,0,1434,2111,3545,0,1,85,3534
"UltraViolet - NVIDIA DGX H100, Xeon Platinum 8480C 56C 3.8GHz, NVIDIA H100 80GB, Mellanox HDR Infiniband, Ubuntu 22.04,",1/11/2025,255,DELL,18688,5.56,8.74,2294.598255,0,0.636155606,1,1434,2111,3545,0,1,85,3534
"UltraViolet - NVIDIA DGX H100, Xeon Platinum 8480C 56C 3.8GHz, NVIDIA H100 80GB, Mellanox HDR Infiniband, Ubuntu 22.04,",1/6/2025,225,DELL,18688,5.56,8.74,2294.598255,0,0.636155606,1,1434,2111,3545,0,1,85,3534
"UltraViolet - NVIDIA DGX H100, Xeon Platinum 8480C 56C 3.8GHz, NVIDIA H100 80GB, Mellanox HDR Infiniband, Ubuntu 22.04,",1/11/2024,193,DELL,18688,5.56,8.74,2294.598255,0,0.636155606,1,1434,2111,3545,0,1,85,3534
"UltraViolet - NVIDIA DGX H100, Xeon Platinum 8480C 56C 3.8GHz, NVIDIA H100 80GB, Mellanox HDR Infiniband, Ubuntu 22.04,",1/6/2024,397,DELL,27680,2.5,4.71,2294.598255,0,0.530785563,1,1434,2111,3545,0,1,85,3534
"UltraViolet - NVIDIA DGX H100, Xeon Platinum 8480C 56C 3.8GHz, NVIDIA H100 80GB, Mellanox HDR Infiniband, Ubuntu 22.04,",1/11/2023,361,DELL,27680,2.5,4.71,2294.598255,0,0.530785563,1,1434,2111,3545,0,1,85,3534
"Grete - MEGWARE GPU Server System, AMD EPYC 7513 32C 2.6GHz, NVIDIA A100 SXM4 40 GB, Infiniband HDR,",1/11/2025,256,MEGWARE,49600,5.46,7.9,205.62,0.026553837,0.691139241,1,1434,2111,3545,0,1,85,3534
"Grete - MEGWARE GPU Server System, AMD EPYC 7513 32C 2.6GHz, NVIDIA A100 SXM4 40 GB, Infiniband HDR,",1/6/2025,226,MEGWARE,49600,5.46,7.9,205.62,0.026553837,0.691139241,1,1434,2111,3545,0,1,85,3534
"Grete - MEGWARE GPU Server System, AMD EPYC 7513 32C 2.6GHz, NVIDIA A100 SXM4 40 GB, Infiniband HDR,",1/11/2024,194,MEGWARE,49600,5.46,7.9,205.62,0.026553837,0.691139241,1,1434,2111,3545,0,1,85,3534
"Grete - MEGWARE GPU Server System, AMD EPYC 7513 32C 2.6GHz, NVIDIA A100 SXM4 40 GB, Infiniband HDR,",1/6/2024,162,MEGWARE,49600,5.46,7.9,205.62,0.026553837,0.691139241,1,1434,2111,3545,0,1,85,3534
"Grete - MEGWARE GPU Server System, AMD EPYC 7513 32C 2.6GHz, NVIDIA A100 SXM4 40 GB, Infiniband HDR,",1/11/2023,141,MEGWARE,49600,5.46,7.9,205.62,0.026553837,0.691139241,1,1434,2111,3545,0,1,85,3534
"Grete - MEGWARE GPU Server System, AMD EPYC 7513 32C 2.6GHz, NVIDIA A100 SXM4 40 GB, Infiniband HDR,",1/6/2023,273,MEGWARE,23312,2.78,3.71,99.81,0.027852921,0.749326146,1,1434,2111,3545,0,1,85,3534
"Grete - MEGWARE GPU Server System, AMD EPYC 7513 32C 2.6GHz, NVIDIA A100 SXM4 40 GB, Infiniband HDR,",1/11/2022,470,MEGWARE,17856,1.83,2.82,69.12,0.026475694,0.64893617,1,1434,2111,3545,0,1,85,3534
"Plasma Simulator Subsystem A - NEC LX 204Bin-3, Intel Xeon 6980P 128C 2GHz, Infiniband NDR200, RHEL,",1/11/2025,257,NEC,92160,5.45,5.9,2294.598255,0,0.923728814,0,1434,2111,3545,0,1,85,3534
"Electra - HPE SGI 8600/SGI ICE-X, E5-2680V4/ Xeon Gold 6148 20C 2.4GHz, Infiniband EDR/FDR-56 IB,",1/11/2025,258,HPE,124416,5.44,8.32,1685.73,0.003227089,0.653846154,0,1434,2111,3545,0,1,85,3534
"Electra - HPE SGI 8600/SGI ICE-X, E5-2680V4/ Xeon Gold 6148 20C 2.4GHz, Infiniband EDR/FDR-56 IB,",1/6/2025,227,HPE,124416,5.44,8.32,1685.73,0.003227089,0.653846154,0,1434,2111,3545,0,1,85,3534
"Electra - HPE SGI 8600/SGI ICE-X, E5-2680V4/ Xeon Gold 6148 20C 2.4GHz, Infiniband EDR/FDR-56 IB,",1/11/2024,195,HPE,124416,5.44,8.32,1685.73,0.003227089,0.653846154,0,1434,2111,3545,0,1,85,3534
"Electra - HPE SGI 8600/SGI ICE-X, E5-2680V4/ Xeon Gold 6148 20C 2.4GHz, Infiniband EDR/FDR-56 IB,",1/6/2024,163,HPE,124416,5.44,8.32,1685.73,0.003227089,0.653846154,0,1434,2111,3545,0,1,85,3534
"Electra - HPE SGI 8600/SGI ICE-X, E5-2680V4/ Xeon Gold 6148 20C 2.4GHz, Infiniband EDR/FDR-56 IB,",1/11/2023,142,HPE,124416,5.44,8.32,1685.73,0.003227089,0.653846154,0,1434,2111,3545,0,1,85,3534
"Electra - HPE SGI 8600/SGI ICE-X, E5-2680V4/ Xeon Gold 6148 20C 2.4GHz, Infiniband EDR/FDR-56 IB,",1/6/2023,114,HPE,124416,5.44,8.32,1685.73,0.003227089,0.653846154,0,1434,2111,3545,0,1,85,3534
"Electra - HPE SGI 8600/SGI ICE-X, E5-2680V4/ Xeon Gold 6148 20C 2.4GHz, Infiniband EDR/FDR-56 IB,",1/11/2022,105,HPE,124416,5.44,8.32,1685.73,0.003227089,0.653846154,0,1434,2111,3545,0,1,85,3534
"Electra - HPE SGI 8600/SGI ICE-X, E5-2680V4/ Xeon Gold 6148 20C 2.4GHz, Infiniband EDR/FDR-56 IB,",1/6/2022,98,HPE,124416,5.44,8.32,1685.73,0.003227089,0.653846154,0,1434,2111,3545,0,1,85,3534
"Electra - HPE SGI 8600/SGI ICE-X, E5-2680V4/ Xeon Gold 6148 20C 2.4GHz, Infiniband EDR/FDR-56 IB,",1/11/2021,90,HPE,124416,5.44,8.32,1685.73,0.003227089,0.653846154,0,1434,2111,3545,0,1,85,3534
"Electra - HPE SGI 8600/SGI ICE-X, E5-2680V4/ Xeon Gold 6148 20C 2.4GHz, Infiniband EDR/FDR-56 IB,",1/6/2021,78,HPE,124416,5.44,8.32,1685.73,0.003227089,0.653846154,0,1434,2111,3545,0,1,85,3534
"Electra - HPE SGI 8600/SGI ICE-X, E5-2680V4/ Xeon Gold 6148 20C 2.4GHz, Infiniband EDR/FDR-56 IB,",1/11/2020,53,HPE,124416,5.44,8.32,1685.73,0.003227089,0.653846154,0,1434,2111,3545,0,1,85,3534
"Electra - HPE SGI 8600/SGI ICE-X, E5-2680V4/ Xeon Gold 6148 20C 2.4GHz, Infiniband EDR/FDR-56 IB,",1/6/2020,46,HPE,124416,5.44,8.32,1685.73,0.003227089,0.653846154,0,1434,2111,3545,0,1,85,3534
"Electra - HPE SGI 8600/SGI ICE-X, E5-2680V4/ Xeon Gold 6148 20C 2.4GHz, Infiniband EDR/FDR-56 IB,",1/11/2019,39,HPE,124416,5.44,8.32,1685.73,0.003227089,0.653846154,0,1434,2111,3545,0,1,85,3534
"Electra - HPE SGI 8600/SGI ICE-X, E5-2680V4/ Xeon Gold 6148 20C 2.4GHz, Infiniband EDR/FDR-56 IB,",1/6/2019,37,HPE,124416,5.44,8.32,1685.73,0.003227089,0.653846154,0,1434,2111,3545,0,1,85,3534
"Electra - HPE SGI 8600/SGI ICE-X, E5-2680V4/ Xeon Gold 6148 20C 2.4GHz, Infiniband EDR/FDR-56 IB,",1/11/2018,33,HPE,124416,5.44,8.32,1685.73,0.003227089,0.653846154,0,1434,2111,3545,0,1,85,3534
"CRESCO8 - ThinkSystem SD650 V3, Xeon Platinum 8592+ 64C 1.9GHz, Infiniband NDR, RHEL 9.4,",1/11/2025,259,Lenovo,97280,5.43,5.91,805,0.006745342,0.918781726,0,1434,2111,3545,0,1,85,3534
"CRESCO8 - ThinkSystem SD650 V3, Xeon Platinum 8592+ 64C 1.9GHz, Infiniband NDR, RHEL 9.4,",1/6/2025,228,Lenovo,97280,5.43,5.91,805,0.006745342,0.918781726,0,1434,2111,3545,0,1,85,3534
"SELENA - BullSequana XH3000, AMD EPYC 9354 32C 3.25GHz, Infiniband NDR200, Red Hat Enterprise Linux,",1/11/2025,260,EVIDEN,107904,5.42,5.5,1155.92,0.004688906,0.985454545,0,1434,2111,3545,0,1,85,3534
"Raven - ThinkSystem SD650 V2, Xeon Platinum 8360Y 36C 2.4GHz, InfiniBand HDR 100,",1/11/2025,261,Lenovo,114624,5.42,8.8,2294.598255,0,0.615909091,0,1434,2111,3545,0,1,85,3534
"Raven - ThinkSystem SD650 V2, Xeon Platinum 8360Y 36C 2.4GHz, InfiniBand HDR 100,",1/6/2025,229,Lenovo,114624,5.42,8.8,2294.598255,0,0.615909091,0,1434,2111,3545,0,1,85,3534
"Raven - ThinkSystem SD650 V2, Xeon Platinum 8360Y 36C 2.4GHz, InfiniBand HDR 100,",1/11/2024,196,Lenovo,114624,5.42,8.8,2294.598255,0,0.615909091,0,1434,2111,3545,0,1,85,3534
"Raven - ThinkSystem SD650 V2, Xeon Platinum 8360Y 36C 2.4GHz, InfiniBand HDR 100,",1/6/2024,164,Lenovo,114624,5.42,8.8,2294.598255,0,0.615909091,0,1434,2111,3545,0,1,85,3534
"Raven - ThinkSystem SD650 V2, Xeon Platinum 8360Y 36C 2.4GHz, InfiniBand HDR 100,",1/11/2023,143,Lenovo,114624,5.42,8.8,2294.598255,0,0.615909091,0,1434,2111,3545,0,1,85,3534
"Raven - ThinkSystem SD650 V2, Xeon Platinum 8360Y 36C 2.4GHz, InfiniBand HDR 100,",1/6/2023,115,Lenovo,114624,5.42,8.8,2294.598255,0,0.615909091,0,1434,2111,3545,0,1,85,3534
"Raven - ThinkSystem SD650 V2, Xeon Platinum 8360Y 36C 2.4GHz, InfiniBand HDR 100,",1/11/2022,106,Lenovo,114624,5.42,8.8,2294.598255,0,0.615909091,0,1434,2111,3545,0,1,85,3534
"Raven - ThinkSystem SD650 V2, Xeon Platinum 8360Y 36C 2.4GHz, InfiniBand HDR 100,",1/6/2022,99,Lenovo,114624,5.42,8.8,2294.598255,0,0.615909091,0,1434,2111,3545,0,1,85,3534
"Raven - ThinkSystem SD650 V2, Xeon Platinum 8360Y 36C 2.4GHz, InfiniBand HDR 100,",1/11/2021,91,Lenovo,114624,5.42,8.8,2294.598255,0,0.615909091,0,1434,2111,3545,0,1,85,3534
"Raven - ThinkSystem SD650 V2, Xeon Platinum 8360Y 36C 2.4GHz, InfiniBand HDR 100,",1/6/2021,79,Lenovo,114624,5.42,8.8,2294.598255,0,0.615909091,0,1434,2111,3545,0,1,85,3534
"Snellius Phase 2 CPU - ThinkSystem SD665 V3, AMD EPYC 9654 96C 2.4GHz, Infiniband NDR200,",1/11/2025,262,Lenovo,150912,5.4,5.71,799,0.006758448,0.945709282,0,1434,2111,3545,0,1,85,3534
"Snellius Phase 2 CPU - ThinkSystem SD665 V3, AMD EPYC 9654 96C 2.4GHz, Infiniband NDR200,",1/6/2025,230,Lenovo,150912,5.4,5.71,799,0.006758448,0.945709282,0,1434,2111,3545,0,1,85,3534
"Snellius Phase 2 CPU - ThinkSystem SD665 V3, AMD EPYC 9654 96C 2.4GHz, Infiniband NDR200,",1/11/2024,197,Lenovo,150912,5.4,5.71,799,0.006758448,0.945709282,0,1434,2111,3545,0,1,85,3534
"Snellius Phase 2 CPU - ThinkSystem SD665 V3, AMD EPYC 9654 96C 2.4GHz, Infiniband NDR200,",1/6/2024,165,Lenovo,150912,5.4,5.71,799,0.006758448,0.945709282,0,1434,2111,3545,0,1,85,3534
"Snellius Phase 2 CPU - ThinkSystem SD665 V3, AMD EPYC 9654 96C 2.4GHz, Infiniband NDR200,",1/11/2023,144,Lenovo,150912,5.4,5.71,799,0.006758448,0.945709282,0,1434,2111,3545,0,1,85,3534
"rzVernal - HPE Cray EX235a, AMD Optimized 3rd Generation EPYC 64C 2GHz, AMD Instinct MI250X, Slingshot-11,",1/11/2025,263,HPE,35872,5.4,6.92,2294.598255,0,0.780346821,1,1434,2111,3545,0,1,85,3534
"rzVernal - HPE Cray EX235a, AMD Optimized 3rd Generation EPYC 64C 2GHz, AMD Instinct MI250X, Slingshot-11,",1/6/2025,231,HPE,35872,5.4,6.92,2294.598255,0,0.780346821,1,1434,2111,3545,0,1,85,3534
"rzVernal - HPE Cray EX235a, AMD Optimized 3rd Generation EPYC 64C 2GHz, AMD Instinct MI250X, Slingshot-11,",1/11/2024,198,HPE,35872,5.4,6.92,2294.598255,0,0.780346821,1,1434,2111,3545,0,1,85,3534
"rzVernal - HPE Cray EX235a, AMD Optimized 3rd Generation EPYC 64C 2GHz, AMD Instinct MI250X, Slingshot-11,",1/6/2024,166,HPE,35872,5.4,6.92,2294.598255,0,0.780346821,1,1434,2111,3545,0,1,85,3534
"rzVernal - HPE Cray EX235a, AMD Optimized 3rd Generation EPYC 64C 2GHz, AMD Instinct MI250X, Slingshot-11,",1/11/2023,145,HPE,35872,5.4,6.92,2294.598255,0,0.780346821,1,1434,2111,3545,0,1,85,3534
"rzVernal - HPE Cray EX235a, AMD Optimized 3rd Generation EPYC 64C 2GHz, AMD Instinct MI250X, Slingshot-11,",1/6/2023,116,HPE,35872,5.4,6.92,2294.598255,0,0.780346821,1,1434,2111,3545,0,1,85,3534
"rzVernal - HPE Cray EX235a, AMD Optimized 3rd Generation EPYC 64C 2GHz, AMD Instinct MI250X, Slingshot-11,",1/11/2022,107,HPE,35872,5.4,6.92,2294.598255,0,0.780346821,1,1434,2111,3545,0,1,85,3534
"rzVernal - HPE Cray EX235a, AMD Optimized 3rd Generation EPYC 64C 2GHz, AMD Instinct MI250X, Slingshot-11,",1/6/2022,123,HPE,35872,4.1,6.93,2294.598255,0,0.591630592,1,1434,2111,3545,0,1,85,3534
"Clementina XXI - ThinkSystem SD650-I V3, Xeon Max 9462 32C 2.7GHz, Infiniband NDR, Intel GPU Max 1550, RHEL,",1/11/2025,264,Lenovo,43008,5.39,12.58,2294.598255,0,0.42845787,1,1434,2111,3545,0,1,85,3534
"Clementina XXI - ThinkSystem SD650-I V3, Xeon Max 9462 32C 2.7GHz, Infiniband NDR, Intel GPU Max 1550, RHEL,",1/6/2025,232,Lenovo,43008,5.39,12.58,2294.598255,0,0.42845787,1,1434,2111,3545,0,1,85,3534
"Clementina XXI - ThinkSystem SD650-I V3, Xeon Max 9462 32C 2.7GHz, Infiniband NDR, Intel GPU Max 1550, RHEL,",1/11/2024,199,Lenovo,43008,5.39,12.58,2294.598255,0,0.42845787,1,1434,2111,3545,0,1,85,3534
"Clementina XXI - ThinkSystem SD650-I V3, Xeon Max 9462 32C 2.7GHz, Infiniband NDR, Intel GPU Max 1550, RHEL,",1/6/2024,224,Lenovo,43008,3.88,5.99,2294.598255,0,0.647746244,1,1434,2111,3545,0,1,85,3534
"Clementina XXI - ThinkSystem SD650-I V3, Xeon Max 9462 32C 2.7GHz, Infiniband NDR, Intel GPU Max 1550, RHEL,",1/11/2023,195,Lenovo,43008,3.88,5.99,2294.598255,0,0.647746244,1,1434,2111,3545,0,1,85,3534
"MAHTI - Bull Sequana XH2000 , AMD Rome 7H12 64C 2.6GHz, Mellanox HDR100,",1/11/2025,265,EVIDEN,169728,5.39,7.06,1070,0.005037383,0.763456091,0,1434,2111,3545,0,1,85,3534
"MAHTI - Bull Sequana XH2000 , AMD Rome 7H12 64C 2.6GHz, Mellanox HDR100,",1/6/2025,233,EVIDEN,169728,5.39,7.06,1070,0.005037383,0.763456091,0,1434,2111,3545,0,1,85,3534
"MAHTI - Bull Sequana XH2000 , AMD Rome 7H12 64C 2.6GHz, Mellanox HDR100,",1/11/2024,200,EVIDEN,169728,5.39,7.06,1070,0.005037383,0.763456091,0,1434,2111,3545,0,1,85,3534
"MAHTI - Bull Sequana XH2000 , AMD Rome 7H12 64C 2.6GHz, Mellanox HDR100,",1/6/2024,167,EVIDEN,169728,5.39,7.06,1070,0.005037383,0.763456091,0,1434,2111,3545,0,1,85,3534
"MAHTI - Bull Sequana XH2000 , AMD Rome 7H12 64C 2.6GHz, Mellanox HDR100,",1/11/2023,146,EVIDEN,169728,5.39,7.06,1070,0.005037383,0.763456091,0,1434,2111,3545,0,1,85,3534
"MAHTI - Bull Sequana XH2000 , AMD Rome 7H12 64C 2.6GHz, Mellanox HDR100,",1/6/2023,117,EVIDEN,169728,5.39,7.06,1070,0.005037383,0.763456091,0,1434,2111,3545,0,1,85,3534
"MAHTI - Bull Sequana XH2000 , AMD Rome 7H12 64C 2.6GHz, Mellanox HDR100,",1/11/2022,108,EVIDEN,169728,5.39,7.06,1070,0.005037383,0.763456091,0,1434,2111,3545,0,1,85,3534
"MAHTI - Bull Sequana XH2000 , AMD Rome 7H12 64C 2.6GHz, Mellanox HDR100,",1/6/2022,100,EVIDEN,169728,5.39,7.06,1070,0.005037383,0.763456091,0,1434,2111,3545,0,1,85,3534
"MAHTI - Bull Sequana XH2000 , AMD Rome 7H12 64C 2.6GHz, Mellanox HDR100,",1/11/2021,92,EVIDEN,169728,5.39,7.06,1070,0.005037383,0.763456091,0,1434,2111,3545,0,1,85,3534
"MAHTI - Bull Sequana XH2000 , AMD Rome 7H12 64C 2.6GHz, Mellanox HDR100,",1/6/2021,80,EVIDEN,169728,5.39,7.06,1070,0.005037383,0.763456091,0,1434,2111,3545,0,1,85,3534
"MAHTI - Bull Sequana XH2000 , AMD Rome 7H12 64C 2.6GHz, Mellanox HDR100,",1/11/2020,54,EVIDEN,169728,5.39,7.06,1070,0.005037383,0.763456091,0,1434,2111,3545,0,1,85,3534
"MAHTI - Bull Sequana XH2000 , AMD Rome 7H12 64C 2.6GHz, Mellanox HDR100,",1/6/2020,47,EVIDEN,169728,5.39,7.06,1070,0.005037383,0.763456091,0,1434,2111,3545,0,1,85,3534
"WindRiver CTS-2 - PowerEdge C6220, Xeon Platinum 8480+ 56C 2GHz, Intel Omni-Path, Rocky Linux 8,",1/11/2025,266,DELL,94416,5.33,6.04,893.4,0.005965973,0.882450331,0,1434,2111,3545,0,1,85,3534
"WindRiver CTS-2 - PowerEdge C6220, Xeon Platinum 8480+ 56C 2GHz, Intel Omni-Path, Rocky Linux 8,",1/6/2025,234,DELL,94416,5.33,6.04,893.4,0.005965973,0.882450331,0,1434,2111,3545,0,1,85,3534
"NA5 - Lenovo ThinkSystem SR665 V2, AMD EPYC 7763 64C 2.45GHz, 100G Ethernet,",1/11/2025,267,Lenovo,268928,5.31,10.54,2294.598255,0,0.503795066,0,1434,2111,3545,0,1,85,3534
"NA5 - Lenovo ThinkSystem SR665 V2, AMD EPYC 7763 64C 2.45GHz, 100G Ethernet,",1/6/2025,235,Lenovo,268928,5.31,10.54,2294.598255,0,0.503795066,0,1434,2111,3545,0,1,85,3534
"NA5 - Lenovo ThinkSystem SR665 V2, AMD EPYC 7763 64C 2.45GHz, 100G Ethernet,",1/11/2024,201,Lenovo,268928,5.31,10.54,2294.598255,0,0.503795066,0,1434,2111,3545,0,1,85,3534
"NA5 - Lenovo ThinkSystem SR665 V2, AMD EPYC 7763 64C 2.45GHz, 100G Ethernet,",1/6/2024,168,Lenovo,268928,5.31,10.54,2294.598255,0,0.503795066,0,1434,2111,3545,0,1,85,3534
"NA5 - Lenovo ThinkSystem SR665 V2, AMD EPYC 7763 64C 2.45GHz, 100G Ethernet,",1/11/2023,147,Lenovo,268928,5.31,10.54,2294.598255,0,0.503795066,0,1434,2111,3545,0,1,85,3534
"NA5 - Lenovo ThinkSystem SR665 V2, AMD EPYC 7763 64C 2.45GHz, 100G Ethernet,",1/6/2023,118,Lenovo,268928,5.31,10.54,2294.598255,0,0.503795066,0,1434,2111,3545,0,1,85,3534
"NA5A - Lenovo ThinkSystem SR665 V2, AMD EPYC 7763 64C 2.45GHz, 100G Ethernet,",1/11/2025,268,Lenovo,268928,5.31,10.54,2294.598255,0,0.503795066,0,1434,2111,3545,0,1,85,3534
"NA5A - Lenovo ThinkSystem SR665 V2, AMD EPYC 7763 64C 2.45GHz, 100G Ethernet,",1/6/2025,236,Lenovo,268928,5.31,10.54,2294.598255,0,0.503795066,0,1434,2111,3545,0,1,85,3534
"NA5A - Lenovo ThinkSystem SR665 V2, AMD EPYC 7763 64C 2.45GHz, 100G Ethernet,",1/11/2024,202,Lenovo,268928,5.31,10.54,2294.598255,0,0.503795066,0,1434,2111,3545,0,1,85,3534
"NA5A - Lenovo ThinkSystem SR665 V2, AMD EPYC 7763 64C 2.45GHz, 100G Ethernet,",1/6/2024,169,Lenovo,268928,5.31,10.54,2294.598255,0,0.503795066,0,1434,2111,3545,0,1,85,3534
"NA5A - Lenovo ThinkSystem SR665 V2, AMD EPYC 7763 64C 2.45GHz, 100G Ethernet,",1/11/2023,148,Lenovo,268928,5.31,10.54,2294.598255,0,0.503795066,0,1434,2111,3545,0,1,85,3534
"Berzelius - NVIDIA DGX A100, AMD EPYC 7742 64C 2.25GHz, NVIDIA A100, Infiniband HDR,",1/11/2025,269,EVIDEN,59520,5.25,9.64,2294.598255,0,0.544605809,1,1434,2111,3545,0,1,85,3534
"Berzelius - NVIDIA DGX A100, AMD EPYC 7742 64C 2.25GHz, NVIDIA A100, Infiniband HDR,",1/6/2025,238,EVIDEN,59520,5.25,9.64,2294.598255,0,0.544605809,1,1434,2111,3545,0,1,85,3534
"Berzelius - NVIDIA DGX A100, AMD EPYC 7742 64C 2.25GHz, NVIDIA A100, Infiniband HDR,",1/11/2024,204,EVIDEN,59520,5.25,9.64,2294.598255,0,0.544605809,1,1434,2111,3545,0,1,85,3534
"Berzelius - NVIDIA DGX A100, AMD EPYC 7742 64C 2.25GHz, NVIDIA A100, Infiniband HDR,",1/6/2024,171,EVIDEN,59520,5.25,9.64,2294.598255,0,0.544605809,1,1434,2111,3545,0,1,85,3534
"Berzelius - NVIDIA DGX A100, AMD EPYC 7742 64C 2.25GHz, NVIDIA A100, Infiniband HDR,",1/11/2023,150,EVIDEN,59520,5.25,9.64,2294.598255,0,0.544605809,1,1434,2111,3545,0,1,85,3534
"Berzelius - NVIDIA DGX A100, AMD EPYC 7742 64C 2.25GHz, NVIDIA A100, Infiniband HDR,",1/6/2023,120,EVIDEN,59520,5.25,9.64,2294.598255,0,0.544605809,1,1434,2111,3545,0,1,85,3534
"Berzelius - NVIDIA DGX A100, AMD EPYC 7742 64C 2.25GHz, NVIDIA A100, Infiniband HDR,",1/11/2022,110,EVIDEN,59520,5.25,9.64,2294.598255,0,0.544605809,1,1434,2111,3545,0,1,85,3534
"Berzelius - NVIDIA DGX A100, AMD EPYC 7742 64C 2.25GHz, NVIDIA A100, Infiniband HDR,",1/6/2022,102,EVIDEN,59520,5.25,9.64,2294.598255,0,0.544605809,1,1434,2111,3545,0,1,85,3534
"Berzelius - NVIDIA DGX A100, AMD EPYC 7742 64C 2.25GHz, NVIDIA A100, Infiniband HDR,",1/11/2021,94,EVIDEN,59520,5.25,9.64,2294.598255,0,0.544605809,1,1434,2111,3545,0,1,85,3534
"Berzelius - NVIDIA DGX A100, AMD EPYC 7742 64C 2.25GHz, NVIDIA A100, Infiniband HDR,",1/6/2021,82,EVIDEN,59520,5.25,9.64,2294.598255,0,0.544605809,1,1434,2111,3545,0,1,85,3534
"CLAIX-2023 (GPU segment) - NEC HPC12G4Rk-3 DLC, Xeon Platinum 8468 48C 2.1GHz, NVIDIA H100, Infiniband NDR, Rocky Linux 8,",1/11/2025,270,NEC,28704,5.24,9.63,154.95,0.03381736,0.544132918,1,1434,2111,3545,0,1,85,3534
"CLAIX-2023 (GPU segment) - NEC HPC12G4Rk-3 DLC, Xeon Platinum 8468 48C 2.1GHz, NVIDIA H100, Infiniband NDR, Rocky Linux 8,",1/6/2025,239,NEC,28704,5.24,9.63,154.95,0.03381736,0.544132918,1,1434,2111,3545,0,1,85,3534
"CLAIX-2023 (GPU segment) - NEC HPC12G4Rk-3 DLC, Xeon Platinum 8468 48C 2.1GHz, NVIDIA H100, Infiniband NDR, Rocky Linux 8,",1/11/2024,267,NEC,16560,3.77,12.31,155.76,0.024203903,0.306255077,1,1434,2111,3545,0,1,85,3534
"CLAIX-2023 (GPU segment) - NEC HPC12G4Rk-3 DLC, Xeon Platinum 8468 48C 2.1GHz, NVIDIA H100, Infiniband NDR, Rocky Linux 8,",1/6/2024,229,NEC,16560,3.77,12.31,155.76,0.024203903,0.306255077,1,1434,2111,3545,0,1,85,3534
"DiRAC, Tursa - BullSequana XH2000, AMD EPYC 7302 32C 3GHz, NVIDIA A100 40GB, Mellanox HDR Infiniband,",1/11/2025,271,EVIDEN,55552,5.23,8.58,243.95,0.021438819,0.60955711,1,1434,2111,3545,0,1,85,3534
"DiRAC, Tursa - BullSequana XH2000, AMD EPYC 7302 32C 3GHz, NVIDIA A100 40GB, Mellanox HDR Infiniband,",1/6/2025,240,EVIDEN,55552,5.23,8.58,243.95,0.021438819,0.60955711,1,1434,2111,3545,0,1,85,3534
"DiRAC, Tursa - BullSequana XH2000, AMD EPYC 7302 32C 3GHz, NVIDIA A100 40GB, Mellanox HDR Infiniband,",1/11/2024,205,EVIDEN,55552,5.23,8.58,243.95,0.021438819,0.60955711,1,1434,2111,3545,0,1,85,3534
"DiRAC, Tursa - BullSequana XH2000, AMD EPYC 7302 32C 3GHz, NVIDIA A100 40GB, Mellanox HDR Infiniband,",1/6/2024,172,EVIDEN,55552,5.23,8.58,243.95,0.021438819,0.60955711,1,1434,2111,3545,0,1,85,3534
"DiRAC, Tursa - BullSequana XH2000, AMD EPYC 7302 32C 3GHz, NVIDIA A100 40GB, Mellanox HDR Infiniband,",1/11/2023,151,EVIDEN,55552,5.23,8.58,243.95,0.021438819,0.60955711,1,1434,2111,3545,0,1,85,3534
"DiRAC, Tursa - BullSequana XH2000, AMD EPYC 7302 32C 3GHz, NVIDIA A100 40GB, Mellanox HDR Infiniband,",1/6/2023,121,EVIDEN,55552,5.23,8.58,243.95,0.021438819,0.60955711,1,1434,2111,3545,0,1,85,3534
"DiRAC, Tursa - BullSequana XH2000, AMD EPYC 7302 32C 3GHz, NVIDIA A100 40GB, Mellanox HDR Infiniband,",1/11/2022,111,EVIDEN,55552,5.23,8.58,243.95,0.021438819,0.60955711,1,1434,2111,3545,0,1,85,3534
"DiRAC, Tursa - BullSequana XH2000, AMD EPYC 7302 32C 3GHz, NVIDIA A100 40GB, Mellanox HDR Infiniband,",1/6/2022,103,EVIDEN,55552,5.23,8.58,243.95,0.021438819,0.60955711,1,1434,2111,3545,0,1,85,3534
"DiRAC, Tursa - BullSequana XH2000, AMD EPYC 7302 32C 3GHz, NVIDIA A100 40GB, Mellanox HDR Infiniband,",1/11/2021,95,EVIDEN,55552,5.23,8.58,243.95,0.021438819,0.60955711,1,1434,2111,3545,0,1,85,3534
"SDSC Cosmos - HPE Cray EX255a, AMD 4th Gen EPYC 24C 1.8GHz, AMD Instinct MI300A, Slingshot-11, SLES15,",1/11/2025,272,HPE,42336,5.18,10.41,99,0.052323232,0.497598463,1,1434,2111,3545,0,1,85,3534
"TX-GAIA (Green AI Accelerator) - Apollo 2000, Xeon Gold 6248 20C 2.5GHz, NVIDIA Tesla V100, Intel Omni-Path,",1/11/2025,273,HPE,88400,5.16,6.98,1436,0.003593315,0.739255014,1,1434,2111,3545,0,1,85,3534
"TX-GAIA (Green AI Accelerator) - Apollo 2000, Xeon Gold 6248 20C 2.5GHz, NVIDIA Tesla V100, Intel Omni-Path,",1/6/2025,241,HPE,88400,5.16,6.98,1436,0.003593315,0.739255014,1,1434,2111,3545,0,1,85,3534
"TX-GAIA (Green AI Accelerator) - Apollo 2000, Xeon Gold 6248 20C 2.5GHz, NVIDIA Tesla V100, Intel Omni-Path,",1/11/2024,206,HPE,88400,5.16,6.98,1436,0.003593315,0.739255014,1,1434,2111,3545,0,1,85,3534
"TX-GAIA (Green AI Accelerator) - Apollo 2000, Xeon Gold 6248 20C 2.5GHz, NVIDIA Tesla V100, Intel Omni-Path,",1/6/2024,173,HPE,88400,5.16,6.98,1436,0.003593315,0.739255014,1,1434,2111,3545,0,1,85,3534
"TX-GAIA (Green AI Accelerator) - Apollo 2000, Xeon Gold 6248 20C 2.5GHz, NVIDIA Tesla V100, Intel Omni-Path,",1/11/2023,152,HPE,88400,5.16,6.98,1436,0.003593315,0.739255014,1,1434,2111,3545,0,1,85,3534
"TX-GAIA (Green AI Accelerator) - Apollo 2000, Xeon Gold 6248 20C 2.5GHz, NVIDIA Tesla V100, Intel Omni-Path,",1/6/2023,122,HPE,88400,5.16,6.98,1436,0.003593315,0.739255014,1,1434,2111,3545,0,1,85,3534
"TX-GAIA (Green AI Accelerator) - Apollo 2000, Xeon Gold 6248 20C 2.5GHz, NVIDIA Tesla V100, Intel Omni-Path,",1/11/2022,112,HPE,88400,5.16,6.98,1436,0.003593315,0.739255014,1,1434,2111,3545,0,1,85,3534
"TX-GAIA (Green AI Accelerator) - Apollo 2000, Xeon Gold 6248 20C 2.5GHz, NVIDIA Tesla V100, Intel Omni-Path,",1/6/2022,104,HPE,88400,5.16,6.98,1436,0.003593315,0.739255014,1,1434,2111,3545,0,1,85,3534
"TX-GAIA (Green AI Accelerator) - Apollo 2000, Xeon Gold 6248 20C 2.5GHz, NVIDIA Tesla V100, Intel Omni-Path,",1/11/2021,96,HPE,88400,5.16,6.98,1436,0.003593315,0.739255014,1,1434,2111,3545,0,1,85,3534
"TX-GAIA (Green AI Accelerator) - Apollo 2000, Xeon Gold 6248 20C 2.5GHz, NVIDIA Tesla V100, Intel Omni-Path,",1/6/2021,83,HPE,88400,5.16,6.98,1436,0.003593315,0.739255014,1,1434,2111,3545,0,1,85,3534
"TX-GAIA (Green AI Accelerator) - Apollo 2000, Xeon Gold 6248 20C 2.5GHz, NVIDIA Tesla V100, Intel Omni-Path,",1/11/2020,57,HPE,88400,5.16,6.98,1436,0.003593315,0.739255014,1,1434,2111,3545,0,1,85,3534
"TX-GAIA (Green AI Accelerator) - Apollo 2000, Xeon Gold 6248 20C 2.5GHz, NVIDIA Tesla V100, Intel Omni-Path,",1/6/2020,50,HPE,88400,5.16,6.98,1436,0.003593315,0.739255014,1,1434,2111,3545,0,1,85,3534
"TX-GAIA (Green AI Accelerator) - Apollo 2000, Xeon Gold 6248 20C 2.5GHz, NVIDIA Tesla V100, Intel Omni-Path,",1/11/2019,42,HPE,88400,5.16,6.98,2294.598255,0,0.739255014,1,1434,2111,3545,0,1,85,3534
"TX-GAIA (Green AI Accelerator) - Apollo 2000, Xeon Gold 6248 20C 2.5GHz, NVIDIA Tesla V100, Intel Omni-Path,",1/6/2019,51,HPE,86800,3.9,6.86,2294.598255,0,0.56851312,1,1434,2111,3545,0,1,85,3534
"Rorqual (CPU) - PowerEdge R6525, AMD EPYC 9654 96C 2.4GHz, Infiniband HDR200, AlmaLinux 9.5,",1/11/2025,274,DELL,131712,5.14,5.85,2294.598255,0,0.878632479,0,1434,2111,3545,0,1,85,3534
"Rorqual (CPU) - PowerEdge R6525, AMD EPYC 9654 96C 2.4GHz, Infiniband HDR200, AlmaLinux 9.5,",1/6/2025,242,DELL,131712,5.14,5.85,2294.598255,0,0.878632479,0,1434,2111,3545,0,1,85,3534
"Dhabi Supercomputer - Apollo 6500, AMD EPYC 7763 64C 2.45GHz, NVIDIA A100 SXM4 80 GB, Infiniband HDR,",1/11/2025,275,HPE,39680,5.09,5.84,138.94,0.036634518,0.871575342,1,1434,2111,3545,0,1,85,3534
"Dhabi Supercomputer - Apollo 6500, AMD EPYC 7763 64C 2.45GHz, NVIDIA A100 SXM4 80 GB, Infiniband HDR,",1/6/2025,243,HPE,39680,5.09,5.84,138.94,0.036634518,0.871575342,1,1434,2111,3545,0,1,85,3534
"Dhabi Supercomputer - Apollo 6500, AMD EPYC 7763 64C 2.45GHz, NVIDIA A100 SXM4 80 GB, Infiniband HDR,",1/11/2024,207,HPE,39680,5.09,5.84,138.94,0.036634518,0.871575342,1,1434,2111,3545,0,1,85,3534
"Dhabi Supercomputer - Apollo 6500, AMD EPYC 7763 64C 2.45GHz, NVIDIA A100 SXM4 80 GB, Infiniband HDR,",1/6/2024,174,HPE,39680,5.09,5.84,138.94,0.036634518,0.871575342,1,1434,2111,3545,0,1,85,3534
"Topaze-gpu - BullSequana XH2000, AMD EPYC 7763 64C 2.45GHz, NVIDIA A100, Mellanox HDR Infiniband,",1/11/2025,276,EVIDEN,42000,5.06,6.23,2294.598255,0,0.812199037,1,1434,2111,3545,0,1,85,3534
"Topaze-gpu - BullSequana XH2000, AMD EPYC 7763 64C 2.45GHz, NVIDIA A100, Mellanox HDR Infiniband,",1/6/2025,244,EVIDEN,42000,5.06,6.23,2294.598255,0,0.812199037,1,1434,2111,3545,0,1,85,3534
"Topaze-gpu - BullSequana XH2000, AMD EPYC 7763 64C 2.45GHz, NVIDIA A100, Mellanox HDR Infiniband,",1/11/2024,208,EVIDEN,42000,5.06,6.23,2294.598255,0,0.812199037,1,1434,2111,3545,0,1,85,3534
"Topaze-gpu - BullSequana XH2000, AMD EPYC 7763 64C 2.45GHz, NVIDIA A100, Mellanox HDR Infiniband,",1/6/2024,175,EVIDEN,42000,5.06,6.23,2294.598255,0,0.812199037,1,1434,2111,3545,0,1,85,3534
"Topaze-gpu - BullSequana XH2000, AMD EPYC 7763 64C 2.45GHz, NVIDIA A100, Mellanox HDR Infiniband,",1/11/2023,317,EVIDEN,26880,2.74,3.74,2294.598255,0,0.732620321,1,1434,2111,3545,0,1,85,3534
"Topaze-gpu - BullSequana XH2000, AMD EPYC 7763 64C 2.45GHz, NVIDIA A100, Mellanox HDR Infiniband,",1/6/2023,280,EVIDEN,26880,2.74,3.74,2294.598255,0,0.732620321,1,1434,2111,3545,0,1,85,3534
"Topaze-gpu - BullSequana XH2000, AMD EPYC 7763 64C 2.45GHz, NVIDIA A100, Mellanox HDR Infiniband,",1/11/2022,241,EVIDEN,26880,2.74,3.74,2294.598255,0,0.732620321,1,1434,2111,3545,0,1,85,3534
"Topaze-gpu - BullSequana XH2000, AMD EPYC 7763 64C 2.45GHz, NVIDIA A100, Mellanox HDR Infiniband,",1/6/2022,217,EVIDEN,26880,2.74,3.74,2294.598255,0,0.732620321,1,1434,2111,3545,0,1,85,3534
"Topaze-gpu - BullSequana XH2000, AMD EPYC 7763 64C 2.45GHz, NVIDIA A100, Mellanox HDR Infiniband,",1/11/2021,198,EVIDEN,26880,2.74,3.74,2294.598255,0,0.732620321,1,1434,2111,3545,0,1,85,3534
"Dardel CPU - HPE Cray EX, AMD EPYC 7742 64C 2.25GHz, Slingshot-11,",1/11/2025,277,HPE,156672,5.06,5.64,2294.598255,0,0.897163121,0,1434,2111,3545,0,1,85,3534
"Dardel CPU - HPE Cray EX, AMD EPYC 7742 64C 2.25GHz, Slingshot-11,",1/6/2025,245,HPE,156672,5.06,5.64,2294.598255,0,0.897163121,0,1434,2111,3545,0,1,85,3534
"Dardel CPU - HPE Cray EX, AMD EPYC 7742 64C 2.25GHz, Slingshot-11,",1/11/2024,209,HPE,156672,5.06,5.64,2294.598255,0,0.897163121,0,1434,2111,3545,0,1,85,3534
"Dardel CPU - HPE Cray EX, AMD EPYC 7742 64C 2.25GHz, Slingshot-11,",1/6/2024,176,HPE,156672,5.06,5.64,2294.598255,0,0.897163121,0,1434,2111,3545,0,1,85,3534
"Dardel CPU - HPE Cray EX, AMD EPYC 7742 64C 2.25GHz, Slingshot-11,",1/11/2023,153,HPE,156672,5.06,5.64,2294.598255,0,0.897163121,0,1434,2111,3545,0,1,85,3534
"Dardel CPU - HPE Cray EX, AMD EPYC 7742 64C 2.25GHz, Slingshot-11,",1/6/2023,153,HPE,131072,4.08,4.72,2294.598255,0,0.86440678,0,1434,2111,3545,0,1,85,3534
"Dardel CPU - HPE Cray EX, AMD EPYC 7742 64C 2.25GHz, Slingshot-11,",1/11/2022,345,HPE,69632,2.28,2.51,2294.598255,0,0.908366534,0,1434,2111,3545,0,1,85,3534
"Dardel CPU - HPE Cray EX, AMD EPYC 7742 64C 2.25GHz, Slingshot-11,",1/6/2022,311,HPE,69632,2.28,2.51,2294.598255,0,0.908366534,0,1434,2111,3545,0,1,85,3534
"Dardel CPU - HPE Cray EX, AMD EPYC 7742 64C 2.25GHz, Slingshot-11,",1/11/2021,287,HPE,69632,2.28,2.51,2294.598255,0,0.908366534,0,1434,2111,3545,0,1,85,3534
"Athena - FormatServer THOR ERG21, AMD EPYC 7742 64C 2.25GHz, NVIDIA A100 SXM4 40 GB, Infiniband HDR,",1/11/2025,278,Format,47616,5.05,7.71,2294.598255,0,0.654993515,1,1434,2111,3545,0,1,85,3534
"Athena - FormatServer THOR ERG21, AMD EPYC 7742 64C 2.25GHz, NVIDIA A100 SXM4 40 GB, Infiniband HDR,",1/6/2025,246,Format,47616,5.05,7.71,2294.598255,0,0.654993515,1,1434,2111,3545,0,1,85,3534
"Athena - FormatServer THOR ERG21, AMD EPYC 7742 64C 2.25GHz, NVIDIA A100 SXM4 40 GB, Infiniband HDR,",1/11/2024,210,Format,47616,5.05,7.71,2294.598255,0,0.654993515,1,1434,2111,3545,0,1,85,3534
"Athena - FormatServer THOR ERG21, AMD EPYC 7742 64C 2.25GHz, NVIDIA A100 SXM4 40 GB, Infiniband HDR,",1/6/2024,177,Format,47616,5.05,7.71,2294.598255,0,0.654993515,1,1434,2111,3545,0,1,85,3534
"Athena - FormatServer THOR ERG21, AMD EPYC 7742 64C 2.25GHz, NVIDIA A100 SXM4 40 GB, Infiniband HDR,",1/11/2023,154,Format,47616,5.05,7.71,146.56,0.034456878,0.654993515,1,1434,2111,3545,0,1,85,3534
"Athena - FormatServer THOR ERG21, AMD EPYC 7742 64C 2.25GHz, NVIDIA A100 SXM4 40 GB, Infiniband HDR,",1/6/2023,123,Format,47616,5.05,7.71,146.56,0.034456878,0.654993515,1,1434,2111,3545,0,1,85,3534
"Athena - FormatServer THOR ERG21, AMD EPYC 7742 64C 2.25GHz, NVIDIA A100 SXM4 40 GB, Infiniband HDR,",1/11/2022,113,Format,47616,5.05,7.71,146.56,0.034456878,0.654993515,1,1434,2111,3545,0,1,85,3534
"Athena - FormatServer THOR ERG21, AMD EPYC 7742 64C 2.25GHz, NVIDIA A100 SXM4 40 GB, Infiniband HDR,",1/6/2022,105,Format,47616,5.05,7.71,146.56,0.034456878,0.654993515,1,1434,2111,3545,0,1,85,3534
"Cardinal GPU Partition - PowerEdge XE9640, Xeon Platinum 8470 52C 2GHz, Nvidia H100 SXM5 94Gb, ConnectX-7 Single Port NDR, RHEL 9.2,",1/11/2025,279,DELL,18960,5.04,7.58,82.6,0.061016949,0.664907652,1,1434,2111,3545,0,1,85,3534
"Cardinal GPU Partition - PowerEdge XE9640, Xeon Platinum 8470 52C 2GHz, Nvidia H100 SXM5 94Gb, ConnectX-7 Single Port NDR, RHEL 9.2,",1/6/2025,247,DELL,18960,5.04,7.58,82.6,0.061016949,0.664907652,1,1434,2111,3545,0,1,85,3534
"Cardinal GPU Partition - PowerEdge XE9640, Xeon Platinum 8470 52C 2GHz, Nvidia H100 SXM5 94Gb, ConnectX-7 Single Port NDR, RHEL 9.2,",1/11/2024,211,DELL,18960,5.04,7.58,82.6,0.061016949,0.664907652,1,1434,2111,3545,0,1,85,3534
"HPE Cray XD6500, Xeon Platinum 8480+ 56C 2GHz, NVIDIA H100 SXM5 80 GB, Infiniband NDR,",1/11/2025,280,HPE,17520,4.96,8.14,2294.598255,0,0.609336609,1,1434,2111,3545,0,1,85,3534
"HPE Cray XD6500, Xeon Platinum 8480+ 56C 2GHz, NVIDIA H100 SXM5 80 GB, Infiniband NDR,",1/6/2025,248,HPE,17520,4.96,8.14,2294.598255,0,0.609336609,1,1434,2111,3545,0,1,85,3534
"HPE Cray XD6500, Xeon Platinum 8480+ 56C 2GHz, NVIDIA H100 SXM5 80 GB, Infiniband NDR,",1/11/2024,212,HPE,17520,4.96,8.14,2294.598255,0,0.609336609,1,1434,2111,3545,0,1,85,3534
"HPE Cray XD6500, Xeon Platinum 8480+ 56C 2GHz, NVIDIA H100 SXM5 80 GB, Infiniband NDR,",1/6/2024,178,HPE,17520,4.96,8.14,2294.598255,0,0.609336609,1,1434,2111,3545,0,1,85,3534
"HPE Cray XD6500, Xeon Platinum 8480+ 56C 2GHz, NVIDIA H100 SXM5 80 GB, Infiniband NDR,",1/11/2023,155,HPE,17520,4.96,8.14,2294.598255,0,0.609336609,1,1434,2111,3545,0,1,85,3534
"BioHive-1 - NVIDIA DGX A100, AMD EPYC 7742 64C 2.25GHz, NVIDIA A100, Mellanox HDR Infiniband,",1/11/2025,281,Nvidia,39680,4.9,5.71,2294.598255,0,0.858143608,1,1434,2111,3545,0,1,85,3534
"BioHive-1 - NVIDIA DGX A100, AMD EPYC 7742 64C 2.25GHz, NVIDIA A100, Mellanox HDR Infiniband,",1/6/2025,249,Nvidia,39680,4.9,5.71,2294.598255,0,0.858143608,1,1434,2111,3545,0,1,85,3534
"BioHive-1 - NVIDIA DGX A100, AMD EPYC 7742 64C 2.25GHz, NVIDIA A100, Mellanox HDR Infiniband,",1/11/2024,213,Nvidia,39680,4.9,5.71,2294.598255,0,0.858143608,1,1434,2111,3545,0,1,85,3534
"BioHive-1 - NVIDIA DGX A100, AMD EPYC 7742 64C 2.25GHz, NVIDIA A100, Mellanox HDR Infiniband,",1/6/2024,179,Nvidia,39680,4.9,5.71,2294.598255,0,0.858143608,1,1434,2111,3545,0,1,85,3534
"BioHive-1 - NVIDIA DGX A100, AMD EPYC 7742 64C 2.25GHz, NVIDIA A100, Mellanox HDR Infiniband,",1/11/2023,156,Nvidia,39680,4.9,5.71,2294.598255,0,0.858143608,1,1434,2111,3545,0,1,85,3534
"BioHive-1 - NVIDIA DGX A100, AMD EPYC 7742 64C 2.25GHz, NVIDIA A100, Mellanox HDR Infiniband,",1/6/2023,125,Nvidia,39680,4.9,5.71,2294.598255,0,0.858143608,1,1434,2111,3545,0,1,85,3534
"BioHive-1 - NVIDIA DGX A100, AMD EPYC 7742 64C 2.25GHz, NVIDIA A100, Mellanox HDR Infiniband,",1/11/2022,115,Nvidia,39680,4.9,5.71,2294.598255,0,0.858143608,1,1434,2111,3545,0,1,85,3534
"BioHive-1 - NVIDIA DGX A100, AMD EPYC 7742 64C 2.25GHz, NVIDIA A100, Mellanox HDR Infiniband,",1/6/2022,106,Nvidia,39680,4.9,5.71,2294.598255,0,0.858143608,1,1434,2111,3545,0,1,85,3534
"BioHive-1 - NVIDIA DGX A100, AMD EPYC 7742 64C 2.25GHz, NVIDIA A100, Mellanox HDR Infiniband,",1/11/2021,97,Nvidia,39680,4.9,5.71,2294.598255,0,0.858143608,1,1434,2111,3545,0,1,85,3534
"BioHive-1 - NVIDIA DGX A100, AMD EPYC 7742 64C 2.25GHz, NVIDIA A100, Mellanox HDR Infiniband,",1/6/2021,84,Nvidia,39680,4.9,5.71,2294.598255,0,0.858143608,1,1434,2111,3545,0,1,85,3534
"Flow Type II subsystem - PRIMERGY CX2570 M5, Xeon Gold 6230 20C 2.1GHz, NVIDIA Tesla V100 SXM2, Infiniband EDR,",1/11/2025,282,Fujitsu,79560,4.88,7.52,2294.598255,0,0.64893617,1,1434,2111,3545,0,1,85,3534
"Flow Type II subsystem - PRIMERGY CX2570 M5, Xeon Gold 6230 20C 2.1GHz, NVIDIA Tesla V100 SXM2, Infiniband EDR,",1/6/2025,250,Fujitsu,79560,4.88,7.52,2294.598255,0,0.64893617,1,1434,2111,3545,0,1,85,3534
"Flow Type II subsystem - PRIMERGY CX2570 M5, Xeon Gold 6230 20C 2.1GHz, NVIDIA Tesla V100 SXM2, Infiniband EDR,",1/11/2024,214,Fujitsu,79560,4.88,7.52,2294.598255,0,0.64893617,1,1434,2111,3545,0,1,85,3534
"Flow Type II subsystem - PRIMERGY CX2570 M5, Xeon Gold 6230 20C 2.1GHz, NVIDIA Tesla V100 SXM2, Infiniband EDR,",1/6/2024,180,Fujitsu,79560,4.88,7.52,2294.598255,0,0.64893617,1,1434,2111,3545,0,1,85,3534
"Flow Type II subsystem - PRIMERGY CX2570 M5, Xeon Gold 6230 20C 2.1GHz, NVIDIA Tesla V100 SXM2, Infiniband EDR,",1/11/2023,157,Fujitsu,79560,4.88,7.52,2294.598255,0,0.64893617,1,1434,2111,3545,0,1,85,3534
"Flow Type II subsystem - PRIMERGY CX2570 M5, Xeon Gold 6230 20C 2.1GHz, NVIDIA Tesla V100 SXM2, Infiniband EDR,",1/6/2023,126,Fujitsu,79560,4.88,7.52,2294.598255,0,0.64893617,1,1434,2111,3545,0,1,85,3534
"Flow Type II subsystem - PRIMERGY CX2570 M5, Xeon Gold 6230 20C 2.1GHz, NVIDIA Tesla V100 SXM2, Infiniband EDR,",1/11/2022,116,Fujitsu,79560,4.88,7.52,2294.598255,0,0.64893617,1,1434,2111,3545,0,1,85,3534
"Flow Type II subsystem - PRIMERGY CX2570 M5, Xeon Gold 6230 20C 2.1GHz, NVIDIA Tesla V100 SXM2, Infiniband EDR,",1/6/2022,107,Fujitsu,79560,4.88,7.52,2294.598255,0,0.64893617,1,1434,2111,3545,0,1,85,3534
"Flow Type II subsystem - PRIMERGY CX2570 M5, Xeon Gold 6230 20C 2.1GHz, NVIDIA Tesla V100 SXM2, Infiniband EDR,",1/11/2021,98,Fujitsu,79560,4.88,7.52,2294.598255,0,0.64893617,1,1434,2111,3545,0,1,85,3534
"Flow Type II subsystem - PRIMERGY CX2570 M5, Xeon Gold 6230 20C 2.1GHz, NVIDIA Tesla V100 SXM2, Infiniband EDR,",1/6/2021,85,Fujitsu,79560,4.88,7.52,2294.598255,0,0.64893617,1,1434,2111,3545,0,1,85,3534
"Flow Type II subsystem - PRIMERGY CX2570 M5, Xeon Gold 6230 20C 2.1GHz, NVIDIA Tesla V100 SXM2, Infiniband EDR,",1/11/2020,58,Fujitsu,79560,4.88,7.52,2294.598255,0,0.64893617,1,1434,2111,3545,0,1,85,3534
"Joule 3.0 - Gigabyte R283/R183/G593, AMD EPYC 9534 64C 2.45GHz, Infiniband,",1/11/2025,283,Koi Computers,107648,4.86,6.11,2294.598255,0,0.795417349,0,1434,2111,3545,0,1,85,3534
"Joule 3.0 - Gigabyte R283/R183/G593, AMD EPYC 9534 64C 2.45GHz, Infiniband,",1/6/2025,251,Koi Computers,107648,4.86,6.11,2294.598255,0,0.795417349,0,1434,2111,3545,0,1,85,3534
"Joule 3.0 - Gigabyte R283/R183/G593, AMD EPYC 9534 64C 2.45GHz, Infiniband,",1/11/2024,215,Koi Computers,107648,4.86,6.11,2294.598255,0,0.795417349,0,1434,2111,3545,0,1,85,3534
"Joule 3.0 - Gigabyte R283/R183/G593, AMD EPYC 9534 64C 2.45GHz, Infiniband,",1/6/2024,181,Koi Computers,107648,4.86,6.11,2294.598255,0,0.795417349,0,1434,2111,3545,0,1,85,3534
"Eagle - HPE SGI 8600, Xeon Gold 6154 18C 3GHz, EDR Infiniband/ 8D Hypercube,",1/11/2025,284,HPE,75600,4.85,7.26,2294.598255,0,0.668044077,0,1434,2111,3545,0,1,85,3534
"Eagle - HPE SGI 8600, Xeon Gold 6154 18C 3GHz, EDR Infiniband/ 8D Hypercube,",1/6/2025,252,HPE,75600,4.85,7.26,2294.598255,0,0.668044077,0,1434,2111,3545,0,1,85,3534
"Eagle - HPE SGI 8600, Xeon Gold 6154 18C 3GHz, EDR Infiniband/ 8D Hypercube,",1/11/2024,216,HPE,75600,4.85,7.26,2294.598255,0,0.668044077,0,1434,2111,3545,0,1,85,3534
"Eagle - HPE SGI 8600, Xeon Gold 6154 18C 3GHz, EDR Infiniband/ 8D Hypercube,",1/6/2024,182,HPE,75600,4.85,7.26,2294.598255,0,0.668044077,0,1434,2111,3545,0,1,85,3534
"Eagle - HPE SGI 8600, Xeon Gold 6154 18C 3GHz, EDR Infiniband/ 8D Hypercube,",1/11/2023,158,HPE,75600,4.85,7.26,2294.598255,0,0.668044077,0,1434,2111,3545,0,1,85,3534
"Eagle - HPE SGI 8600, Xeon Gold 6154 18C 3GHz, EDR Infiniband/ 8D Hypercube,",1/6/2023,127,HPE,75600,4.85,7.26,2294.598255,0,0.668044077,0,1434,2111,3545,0,1,85,3534
"Eagle - HPE SGI 8600, Xeon Gold 6154 18C 3GHz, EDR Infiniband/ 8D Hypercube,",1/11/2022,117,HPE,75600,4.85,7.26,2294.598255,0,0.668044077,0,1434,2111,3545,0,1,85,3534
"Eagle - HPE SGI 8600, Xeon Gold 6154 18C 3GHz, EDR Infiniband/ 8D Hypercube,",1/6/2022,108,HPE,75600,4.85,7.26,2294.598255,0,0.668044077,0,1434,2111,3545,0,1,85,3534
"Eagle - HPE SGI 8600, Xeon Gold 6154 18C 3GHz, EDR Infiniband/ 8D Hypercube,",1/11/2021,99,HPE,75600,4.85,7.26,2294.598255,0,0.668044077,0,1434,2111,3545,0,1,85,3534
"Eagle - HPE SGI 8600, Xeon Gold 6154 18C 3GHz, EDR Infiniband/ 8D Hypercube,",1/6/2021,86,HPE,75600,4.85,7.26,2294.598255,0,0.668044077,0,1434,2111,3545,0,1,85,3534
"Eagle - HPE SGI 8600, Xeon Gold 6154 18C 3GHz, EDR Infiniband/ 8D Hypercube,",1/11/2020,59,HPE,75600,4.85,7.26,2294.598255,0,0.668044077,0,1434,2111,3545,0,1,85,3534
"Eagle - HPE SGI 8600, Xeon Gold 6154 18C 3GHz, EDR Infiniband/ 8D Hypercube,",1/6/2020,51,HPE,75600,4.85,7.26,2294.598255,0,0.668044077,0,1434,2111,3545,0,1,85,3534
"Eagle - HPE SGI 8600, Xeon Gold 6154 18C 3GHz, EDR Infiniband/ 8D Hypercube,",1/11/2019,43,HPE,75600,4.85,7.26,2294.598255,0,0.668044077,0,1434,2111,3545,0,1,85,3534
"Eagle - HPE SGI 8600, Xeon Gold 6154 18C 3GHz, EDR Infiniband/ 8D Hypercube,",1/6/2019,39,HPE,75600,4.85,7.26,2294.598255,0,0.668044077,0,1434,2111,3545,0,1,85,3534
"Eagle - HPE SGI 8600, Xeon Gold 6154 18C 3GHz, EDR Infiniband/ 8D Hypercube,",1/11/2018,35,HPE,75600,4.85,7.26,2294.598255,0,0.668044077,0,1434,2111,3545,0,1,85,3534
"Betzy - Bull Sequana XH2000 , AMD EPYC 7742 64C 2.25GHz, Mellanox HDR Infiniband,",1/11/2025,285,EVIDEN,172032,4.72,6.19,2294.598255,0,0.762520194,0,1434,2111,3545,0,1,85,3534
"Betzy - Bull Sequana XH2000 , AMD EPYC 7742 64C 2.25GHz, Mellanox HDR Infiniband,",1/6/2025,254,EVIDEN,172032,4.72,6.19,2294.598255,0,0.762520194,0,1434,2111,3545,0,1,85,3534
"Betzy - Bull Sequana XH2000 , AMD EPYC 7742 64C 2.25GHz, Mellanox HDR Infiniband,",1/11/2024,218,EVIDEN,172032,4.72,6.19,2294.598255,0,0.762520194,0,1434,2111,3545,0,1,85,3534
"Betzy - Bull Sequana XH2000 , AMD EPYC 7742 64C 2.25GHz, Mellanox HDR Infiniband,",1/6/2024,184,EVIDEN,172032,4.72,6.19,2294.598255,0,0.762520194,0,1434,2111,3545,0,1,85,3534
"Betzy - Bull Sequana XH2000 , AMD EPYC 7742 64C 2.25GHz, Mellanox HDR Infiniband,",1/11/2023,160,EVIDEN,172032,4.72,6.19,2294.598255,0,0.762520194,0,1434,2111,3545,0,1,85,3534
"Betzy - Bull Sequana XH2000 , AMD EPYC 7742 64C 2.25GHz, Mellanox HDR Infiniband,",1/6/2023,129,EVIDEN,172032,4.72,6.19,2294.598255,0,0.762520194,0,1434,2111,3545,0,1,85,3534
"Betzy - Bull Sequana XH2000 , AMD EPYC 7742 64C 2.25GHz, Mellanox HDR Infiniband,",1/11/2022,119,EVIDEN,172032,4.72,6.19,2294.598255,0,0.762520194,0,1434,2111,3545,0,1,85,3534
"Betzy - Bull Sequana XH2000 , AMD EPYC 7742 64C 2.25GHz, Mellanox HDR Infiniband,",1/6/2022,110,EVIDEN,172032,4.72,6.19,2294.598255,0,0.762520194,0,1434,2111,3545,0,1,85,3534
"Betzy - Bull Sequana XH2000 , AMD EPYC 7742 64C 2.25GHz, Mellanox HDR Infiniband,",1/11/2021,101,EVIDEN,172032,4.72,6.19,2294.598255,0,0.762520194,0,1434,2111,3545,0,1,85,3534
"Betzy - Bull Sequana XH2000 , AMD EPYC 7742 64C 2.25GHz, Mellanox HDR Infiniband,",1/6/2021,88,EVIDEN,172032,4.72,6.19,2294.598255,0,0.762520194,0,1434,2111,3545,0,1,85,3534
"Betzy - Bull Sequana XH2000 , AMD EPYC 7742 64C 2.25GHz, Mellanox HDR Infiniband,",1/11/2020,61,EVIDEN,172032,4.72,6.19,2294.598255,0,0.762520194,0,1434,2111,3545,0,1,85,3534
"Betzy - Bull Sequana XH2000 , AMD EPYC 7742 64C 2.25GHz, Mellanox HDR Infiniband,",1/6/2020,55,EVIDEN,172032,4.42,6.19,2294.598255,0,0.714054927,0,1434,2111,3545,0,1,85,3534
"Otus (GPU only) - ThinkSystem SD665-N V3, AMD EPYC 9655 96C 2.6GHz, NVIDIA H100 SXM5 80GB, Infiniband NDR, Rocky Linux 9.4,",1/11/2025,286,Lenovo,19440,4.66,7.45,2294.598255,0,0.625503356,1,1434,2111,3545,0,1,85,3534
"Otus (GPU only) - ThinkSystem SD665-N V3, AMD EPYC 9655 96C 2.6GHz, NVIDIA H100 SXM5 80GB, Infiniband NDR, Rocky Linux 9.4,",1/6/2025,255,Lenovo,19440,4.66,7.45,2294.598255,0,0.625503356,1,1434,2111,3545,0,1,85,3534
"Derecho GPU partition - HPE Cray EX 235n, AMD EPYC 7763 64C 2.45GHz, NVIDIA A100 SXM4 40 GB, Slingshot-11,",1/11/2023,161,HPE,39680,4.68,5.04,2294.598255,0,0.928571429,1,1434,2111,3545,0,1,85,3534
"Derecho GPU partition - HPE Cray EX 235n, AMD EPYC 7763 64C 2.45GHz, NVIDIA A100 SXM4 40 GB, Slingshot-11,",1/6/2023,130,HPE,39680,4.68,5.04,2294.598255,0,0.928571429,1,1434,2111,3545,0,1,85,3534
"Derecho GPU partition - HPE Cray EX 235n, AMD EPYC 7763 64C 2.45GHz, NVIDIA A100 SXM4 40 GB, Slingshot-11,",1/11/2025,287,HPE,39680,4.58,5.04,169.03,0.027095782,0.908730159,1,1434,2111,3545,0,1,85,3534
"Derecho GPU partition - HPE Cray EX 235n, AMD EPYC 7763 64C 2.45GHz, NVIDIA A100 SXM4 40 GB, Slingshot-11,",1/6/2025,256,HPE,39680,4.58,5.04,169.03,0.027095782,0.908730159,1,1434,2111,3545,0,1,85,3534
"Derecho GPU partition - HPE Cray EX 235n, AMD EPYC 7763 64C 2.45GHz, NVIDIA A100 SXM4 40 GB, Slingshot-11,",1/11/2024,219,HPE,39680,4.58,5.04,169.03,0.027095782,0.908730159,1,1434,2111,3545,0,1,85,3534
"Derecho GPU partition - HPE Cray EX 235n, AMD EPYC 7763 64C 2.45GHz, NVIDIA A100 SXM4 40 GB, Slingshot-11,",1/6/2024,186,HPE,39680,4.58,5.04,169.03,0.027095782,0.908730159,1,1434,2111,3545,0,1,85,3534
"Tioga - HPE Cray EX235a, AMD Optimized 3rd Generation EPYC 64C 2GHz, AMD Instinct MI250X, Slingshot-11,",1/11/2025,288,HPE,30208,4.55,5.83,2294.598255,0,0.780445969,1,1434,2111,3545,0,1,85,3534
"Tioga - HPE Cray EX235a, AMD Optimized 3rd Generation EPYC 64C 2GHz, AMD Instinct MI250X, Slingshot-11,",1/6/2025,257,HPE,30208,4.55,5.83,2294.598255,0,0.780445969,1,1434,2111,3545,0,1,85,3534
"Tioga - HPE Cray EX235a, AMD Optimized 3rd Generation EPYC 64C 2GHz, AMD Instinct MI250X, Slingshot-11,",1/11/2024,220,HPE,30208,4.55,5.83,2294.598255,0,0.780445969,1,1434,2111,3545,0,1,85,3534
"Tioga - HPE Cray EX235a, AMD Optimized 3rd Generation EPYC 64C 2GHz, AMD Instinct MI250X, Slingshot-11,",1/6/2024,187,HPE,30208,4.55,5.83,2294.598255,0,0.780445969,1,1434,2111,3545,0,1,85,3534
"Tioga - HPE Cray EX235a, AMD Optimized 3rd Generation EPYC 64C 2GHz, AMD Instinct MI250X, Slingshot-11,",1/11/2023,163,HPE,30208,4.55,5.83,2294.598255,0,0.780445969,1,1434,2111,3545,0,1,85,3534
"Tioga - HPE Cray EX235a, AMD Optimized 3rd Generation EPYC 64C 2GHz, AMD Instinct MI250X, Slingshot-11,",1/6/2023,132,HPE,30208,4.55,5.83,2294.598255,0,0.780445969,1,1434,2111,3545,0,1,85,3534
"Tioga - HPE Cray EX235a, AMD Optimized 3rd Generation EPYC 64C 2GHz, AMD Instinct MI250X, Slingshot-11,",1/11/2022,121,HPE,30208,4.55,5.83,2294.598255,0,0.780445969,1,1434,2111,3545,0,1,85,3534
"Tioga - HPE Cray EX235a, AMD Optimized 3rd Generation EPYC 64C 2GHz, AMD Instinct MI250X, Slingshot-11,",1/6/2022,135,HPE,30208,3.67,5.83,2294.598255,0,0.629502573,1,1434,2111,3545,0,1,85,3534
"Discoverer - BullSequana XH2000, AMD EPYC 7H12 64C 2.6GHz, Infiniband HDR,",1/11/2025,289,EVIDEN,144384,4.52,5.94,2294.598255,0,0.760942761,0,1434,2111,3545,0,1,85,3534
"Discoverer - BullSequana XH2000, AMD EPYC 7H12 64C 2.6GHz, Infiniband HDR,",1/6/2025,258,EVIDEN,144384,4.52,5.94,2294.598255,0,0.760942761,0,1434,2111,3545,0,1,85,3534
"Discoverer - BullSequana XH2000, AMD EPYC 7H12 64C 2.6GHz, Infiniband HDR,",1/11/2024,221,EVIDEN,144384,4.52,5.94,2294.598255,0,0.760942761,0,1434,2111,3545,0,1,85,3534
"Discoverer - BullSequana XH2000, AMD EPYC 7H12 64C 2.6GHz, Infiniband HDR,",1/6/2024,188,EVIDEN,144384,4.52,5.94,2294.598255,0,0.760942761,0,1434,2111,3545,0,1,85,3534
"Discoverer - BullSequana XH2000, AMD EPYC 7H12 64C 2.6GHz, Infiniband HDR,",1/11/2023,165,EVIDEN,144384,4.52,5.94,2294.598255,0,0.760942761,0,1434,2111,3545,0,1,85,3534
"Discoverer - BullSequana XH2000, AMD EPYC 7H12 64C 2.6GHz, Infiniband HDR,",1/6/2023,134,EVIDEN,144384,4.52,5.94,2294.598255,0,0.760942761,0,1434,2111,3545,0,1,85,3534
"Discoverer - BullSequana XH2000, AMD EPYC 7H12 64C 2.6GHz, Infiniband HDR,",1/11/2022,123,EVIDEN,144384,4.52,5.94,2294.598255,0,0.760942761,0,1434,2111,3545,0,1,85,3534
"Discoverer - BullSequana XH2000, AMD EPYC 7H12 64C 2.6GHz, Infiniband HDR,",1/6/2022,113,EVIDEN,144384,4.52,5.94,2294.598255,0,0.760942761,0,1434,2111,3545,0,1,85,3534
"Discoverer - BullSequana XH2000, AMD EPYC 7H12 64C 2.6GHz, Infiniband HDR,",1/11/2021,104,EVIDEN,144384,4.52,5.94,2294.598255,0,0.760942761,0,1434,2111,3545,0,1,85,3534
"Discoverer - BullSequana XH2000, AMD EPYC 7H12 64C 2.6GHz, Infiniband HDR,",1/6/2021,91,EVIDEN,144384,4.52,5.94,2294.598255,0,0.760942761,0,1434,2111,3545,0,1,85,3534
"Jean Zay - HPE SGI 8600, Xeon Gold 6248 20C 2.5GHz, NVIDIA Tesla V100 SXM2, Intel Omni-Path,",1/11/2025,290,HPE,93960,4.48,7.35,2294.598255,0,0.60952381,1,1434,2111,3545,0,1,85,3534
"Jean Zay - HPE SGI 8600, Xeon Gold 6248 20C 2.5GHz, NVIDIA Tesla V100 SXM2, Intel Omni-Path,",1/6/2025,260,HPE,93960,4.48,7.35,2294.598255,0,0.60952381,1,1434,2111,3545,0,1,85,3534
"Jean Zay - HPE SGI 8600, Xeon Gold 6248 20C 2.5GHz, NVIDIA Tesla V100 SXM2, Intel Omni-Path,",1/11/2024,223,HPE,93960,4.48,7.35,2294.598255,0,0.60952381,1,1434,2111,3545,0,1,85,3534
"Jean Zay - HPE SGI 8600, Xeon Gold 6248 20C 2.5GHz, NVIDIA Tesla V100 SXM2, Intel Omni-Path,",1/6/2024,190,HPE,93960,4.48,7.35,2294.598255,0,0.60952381,1,1434,2111,3545,0,1,85,3534
"Jean Zay - HPE SGI 8600, Xeon Gold 6248 20C 2.5GHz, NVIDIA Tesla V100 SXM2, Intel Omni-Path,",1/11/2023,166,HPE,93960,4.48,7.35,2294.598255,0,0.60952381,1,1434,2111,3545,0,1,85,3534
"Jean Zay - HPE SGI 8600, Xeon Gold 6248 20C 2.5GHz, NVIDIA Tesla V100 SXM2, Intel Omni-Path,",1/6/2023,135,HPE,93960,4.48,7.35,2294.598255,0,0.60952381,1,1434,2111,3545,0,1,85,3534
"Jean Zay - HPE SGI 8600, Xeon Gold 6248 20C 2.5GHz, NVIDIA Tesla V100 SXM2, Intel Omni-Path,",1/11/2022,124,HPE,93960,4.48,7.35,2294.598255,0,0.60952381,1,1434,2111,3545,0,1,85,3534
"Jean Zay - HPE SGI 8600, Xeon Gold 6248 20C 2.5GHz, NVIDIA Tesla V100 SXM2, Intel Omni-Path,",1/6/2022,114,HPE,93960,4.48,7.35,2294.598255,0,0.60952381,1,1434,2111,3545,0,1,85,3534
"Jean Zay - HPE SGI 8600, Xeon Gold 6248 20C 2.5GHz, NVIDIA Tesla V100 SXM2, Intel Omni-Path,",1/11/2021,105,HPE,93960,4.48,7.35,2294.598255,0,0.60952381,1,1434,2111,3545,0,1,85,3534
"Jean Zay - HPE SGI 8600, Xeon Gold 6248 20C 2.5GHz, NVIDIA Tesla V100 SXM2, Intel Omni-Path,",1/6/2021,92,HPE,93960,4.48,7.35,2294.598255,0,0.60952381,1,1434,2111,3545,0,1,85,3534
"Jean Zay - HPE SGI 8600, Xeon Gold 6248 20C 2.5GHz, NVIDIA Tesla V100 SXM2, Intel Omni-Path,",1/11/2020,64,HPE,93960,4.48,7.35,2294.598255,0,0.60952381,1,1434,2111,3545,0,1,85,3534
"Jean Zay - HPE SGI 8600, Xeon Gold 6248 20C 2.5GHz, NVIDIA Tesla V100 SXM2, Intel Omni-Path,",1/6/2020,54,HPE,93960,4.48,7.35,2294.598255,0,0.60952381,1,1434,2111,3545,0,1,85,3534
"Jean Zay - HPE SGI 8600, Xeon Gold 6248 20C 2.5GHz, NVIDIA Tesla V100 SXM2, Intel Omni-Path,",1/11/2019,46,HPE,93960,4.48,7.35,2294.598255,0,0.60952381,1,1434,2111,3545,0,1,85,3534
"Jean Zay - HPE SGI 8600, Xeon Gold 6248 20C 2.5GHz, NVIDIA Tesla V100 SXM2, Intel Omni-Path,",1/6/2019,42,HPE,93960,4.48,7.35,2294.598255,0,0.60952381,1,1434,2111,3545,0,1,85,3534
"Space HPC - HPE Cray XD670/XD665, EPYC 9454 / Xeon 8480L, NVIDIA H100 SXM5 80GB, Infiniband NDR200, RHEL 8.10,",1/11/2025,291,HPE,16368,4.47,5.42,105.97,0.04218175,0.824723247,1,1434,2111,3545,0,1,85,3534
"Space HPC - HPE Cray XD670/XD665, EPYC 9454 / Xeon 8480L, NVIDIA H100 SXM5 80GB, Infiniband NDR200, RHEL 8.10,",1/6/2025,261,HPE,16368,4.47,5.42,105.97,0.04218175,0.824723247,1,1434,2111,3545,0,1,85,3534
"Wisteria/BDEC-01 (Aquarius) - PRIMERGY GX2570 M6, Xeon Platinum 8360Y 36C 2.4GHz, NVIDIA A100 SXM4 40 GB, Infiniband HDR,",1/11/2025,292,Fujitsu,42120,4.42,7.27,183.93,0.024030881,0.607977992,1,1434,2111,3545,0,1,85,3534
"Wisteria/BDEC-01 (Aquarius) - PRIMERGY GX2570 M6, Xeon Platinum 8360Y 36C 2.4GHz, NVIDIA A100 SXM4 40 GB, Infiniband HDR,",1/6/2025,262,Fujitsu,42120,4.42,7.27,183.93,0.024030881,0.607977992,1,1434,2111,3545,0,1,85,3534
"Wisteria/BDEC-01 (Aquarius) - PRIMERGY GX2570 M6, Xeon Platinum 8360Y 36C 2.4GHz, NVIDIA A100 SXM4 40 GB, Infiniband HDR,",1/11/2024,224,Fujitsu,42120,4.42,7.27,183.93,0.024030881,0.607977992,1,1434,2111,3545,0,1,85,3534
"Wisteria/BDEC-01 (Aquarius) - PRIMERGY GX2570 M6, Xeon Platinum 8360Y 36C 2.4GHz, NVIDIA A100 SXM4 40 GB, Infiniband HDR,",1/6/2024,191,Fujitsu,42120,4.42,7.27,183.93,0.024030881,0.607977992,1,1434,2111,3545,0,1,85,3534
"Wisteria/BDEC-01 (Aquarius) - PRIMERGY GX2570 M6, Xeon Platinum 8360Y 36C 2.4GHz, NVIDIA A100 SXM4 40 GB, Infiniband HDR,",1/11/2023,167,Fujitsu,42120,4.42,7.27,183.93,0.024030881,0.607977992,1,1434,2111,3545,0,1,85,3534
"Wisteria/BDEC-01 (Aquarius) - PRIMERGY GX2570 M6, Xeon Platinum 8360Y 36C 2.4GHz, NVIDIA A100 SXM4 40 GB, Infiniband HDR,",1/6/2023,136,Fujitsu,42120,4.42,7.27,183.93,0.024030881,0.607977992,1,1434,2111,3545,0,1,85,3534
"Wisteria/BDEC-01 (Aquarius) - PRIMERGY GX2570 M6, Xeon Platinum 8360Y 36C 2.4GHz, NVIDIA A100 SXM4 40 GB, Infiniband HDR,",1/11/2022,125,Fujitsu,42120,4.42,7.27,183.93,0.024030881,0.607977992,1,1434,2111,3545,0,1,85,3534
"Wisteria/BDEC-01 (Aquarius) - PRIMERGY GX2570 M6, Xeon Platinum 8360Y 36C 2.4GHz, NVIDIA A100 SXM4 40 GB, Infiniband HDR,",1/6/2022,115,Fujitsu,42120,4.42,7.27,183.93,0.024030881,0.607977992,1,1434,2111,3545,0,1,85,3534
"Wisteria/BDEC-01 (Aquarius) - PRIMERGY GX2570 M6, Xeon Platinum 8360Y 36C 2.4GHz, NVIDIA A100 SXM4 40 GB, Infiniband HDR,",1/11/2021,106,Fujitsu,42120,4.42,7.27,183.93,0.024030881,0.607977992,1,1434,2111,3545,0,1,85,3534
"Wisteria/BDEC-01 (Aquarius) - PRIMERGY GX2570 M6, Xeon Platinum 8360Y 36C 2.4GHz, NVIDIA A100 SXM4 40 GB, Infiniband HDR,",1/6/2021,93,Fujitsu,42120,4.42,7.27,183.93,0.024030881,0.607977992,1,1434,2111,3545,0,1,85,3534
"Unaizah-4 - PowerEdge XE8640, Intel Xeon Platinum 8462Y+ 32C 2.8GHz, NVIDIA HGX H100, Infiniband HDR, RHEL,",1/11/2025,293,DELL,23680,4.42,10.95,2294.598255,0,0.403652968,1,1434,2111,3545,0,1,85,3534
"Unaizah-4 - PowerEdge XE8640, Intel Xeon Platinum 8462Y+ 32C 2.8GHz, NVIDIA HGX H100, Infiniband HDR, RHEL,",1/6/2025,263,DELL,23680,4.42,10.95,2294.598255,0,0.403652968,1,1434,2111,3545,0,1,85,3534
"Unaizah-4 - PowerEdge XE8640, Intel Xeon Platinum 8462Y+ 32C 2.8GHz, NVIDIA HGX H100, Infiniband HDR, RHEL,",1/11/2024,225,DELL,23680,4.42,10.95,2294.598255,0,0.403652968,1,1434,2111,3545,0,1,85,3534
"Grand Chariot 2 - PRIMERGY GX2560 M7, Xeon Gold 6548Y+ 32C 2.5GHz, NVIDIA H100, Infiniband NDR, Rocky Linux 9.4,",1/11/2025,294,Fujitsu,14208,4.38,6.55,2294.598255,0,0.66870229,1,1434,2111,3545,0,1,85,3534
"Grand Chariot 2 - PRIMERGY GX2560 M7, Xeon Gold 6548Y+ 32C 2.5GHz, NVIDIA H100, Infiniband NDR, Rocky Linux 9.4,",1/6/2025,264,Fujitsu,14208,4.38,6.55,2294.598255,0,0.66870229,1,1434,2111,3545,0,1,85,3534
"Atlas - Bull 4029GP-TVRT, Xeon Gold 6240 18C 2.6GHz, NVIDIA Tesla V100, Infiniband EDR,",1/11/2025,295,EVIDEN,91936,4.38,8.85,546.58,0.008013466,0.494915254,1,1434,2111,3545,0,1,85,3534
"Atlas - Bull 4029GP-TVRT, Xeon Gold 6240 18C 2.6GHz, NVIDIA Tesla V100, Infiniband EDR,",1/6/2025,265,EVIDEN,91936,4.38,8.85,546.58,0.008013466,0.494915254,1,1434,2111,3545,0,1,85,3534
"Atlas - Bull 4029GP-TVRT, Xeon Gold 6240 18C 2.6GHz, NVIDIA Tesla V100, Infiniband EDR,",1/11/2024,226,EVIDEN,91936,4.38,8.85,546.58,0.008013466,0.494915254,1,1434,2111,3545,0,1,85,3534
"Atlas - Bull 4029GP-TVRT, Xeon Gold 6240 18C 2.6GHz, NVIDIA Tesla V100, Infiniband EDR,",1/6/2024,192,EVIDEN,91936,4.38,8.85,546.58,0.008013466,0.494915254,1,1434,2111,3545,0,1,85,3534
"Atlas - Bull 4029GP-TVRT, Xeon Gold 6240 18C 2.6GHz, NVIDIA Tesla V100, Infiniband EDR,",1/11/2023,168,EVIDEN,91936,4.38,8.85,546.58,0.008013466,0.494915254,1,1434,2111,3545,0,1,85,3534
"Atlas - Bull 4029GP-TVRT, Xeon Gold 6240 18C 2.6GHz, NVIDIA Tesla V100, Infiniband EDR,",1/6/2023,137,EVIDEN,91936,4.38,8.85,546.58,0.008013466,0.494915254,1,1434,2111,3545,0,1,85,3534
"Atlas - Bull 4029GP-TVRT, Xeon Gold 6240 18C 2.6GHz, NVIDIA Tesla V100, Infiniband EDR,",1/11/2022,126,EVIDEN,91936,4.38,8.85,546.58,0.008013466,0.494915254,1,1434,2111,3545,0,1,85,3534
"Atlas - Bull 4029GP-TVRT, Xeon Gold 6240 18C 2.6GHz, NVIDIA Tesla V100, Infiniband EDR,",1/6/2022,116,EVIDEN,91936,4.38,8.85,546.58,0.008013466,0.494915254,1,1434,2111,3545,0,1,85,3534
"Atlas - Bull 4029GP-TVRT, Xeon Gold 6240 18C 2.6GHz, NVIDIA Tesla V100, Infiniband EDR,",1/11/2021,107,EVIDEN,91936,4.38,8.85,546.58,0.008013466,0.494915254,1,1434,2111,3545,0,1,85,3534
"Atlas - Bull 4029GP-TVRT, Xeon Gold 6240 18C 2.6GHz, NVIDIA Tesla V100, Infiniband EDR,",1/6/2021,94,EVIDEN,91936,4.38,8.85,546.58,0.008013466,0.494915254,1,1434,2111,3545,0,1,85,3534
"Atlas - Bull 4029GP-TVRT, Xeon Gold 6240 18C 2.6GHz, NVIDIA Tesla V100, Infiniband EDR,",1/11/2020,65,EVIDEN,91936,4.38,8.85,546.58,0.008013466,0.494915254,1,1434,2111,3545,0,1,85,3534
"Atlas - Bull 4029GP-TVRT, Xeon Gold 6240 18C 2.6GHz, NVIDIA Tesla V100, Infiniband EDR,",1/6/2020,56,EVIDEN,91936,4.38,8.85,546.58,0.008013466,0.494915254,1,1434,2111,3545,0,1,85,3534
"Pegasus - NEC LX 102Bk-6, Xeon Platinum 8468 48C 2.1GHz, NVIDIA H100 PCIe 80GB, Infiniband NDR200, Ubuntu 22.04,",1/11/2025,296,NEC,27000,4.34,8.13,130.41,0.033279656,0.533825338,1,1434,2111,3545,0,1,85,3534
"Pegasus - NEC LX 102Bk-6, Xeon Platinum 8468 48C 2.1GHz, NVIDIA H100 PCIe 80GB, Infiniband NDR200, Ubuntu 22.04,",1/6/2025,267,NEC,27000,4.34,8.13,130.41,0.033279656,0.533825338,1,1434,2111,3545,0,1,85,3534
"Pegasus - NEC LX 102Bk-6, Xeon Platinum 8468 48C 2.1GHz, NVIDIA H100 PCIe 80GB, Infiniband NDR200, Ubuntu 22.04,",1/11/2024,228,NEC,27000,4.34,8.13,130.41,0.033279656,0.533825338,1,1434,2111,3545,0,1,85,3534
"Pegasus - NEC LX 102Bk-6, Xeon Platinum 8468 48C 2.1GHz, NVIDIA H100 PCIe 80GB, Infiniband NDR200, Ubuntu 22.04,",1/6/2024,255,NEC,21600,3.48,6.51,67.87,0.051274495,0.534562212,1,1434,2111,3545,0,1,85,3534
"Pegasus - NEC LX 102Bk-6, Xeon Platinum 8468 48C 2.1GHz, NVIDIA H100 PCIe 80GB, Infiniband NDR200, Ubuntu 22.04,",1/11/2023,225,NEC,21600,3.48,6.51,67.87,0.051274495,0.534562212,1,1434,2111,3545,0,1,85,3534
"Pegasus - NEC LX 102Bk-6, Xeon Platinum 8468 48C 2.1GHz, NVIDIA H100 PCIe 80GB, Infiniband NDR200, Ubuntu 22.04,",1/6/2023,190,NEC,13680,3.48,6.51,78.94,0.044084115,0.534562212,1,1434,2111,3545,0,1,85,3534
"Advanced Computing System(PreE) - Sugon TC8600, Hygon Dhyana 32C 2GHz, Deep Computing Processor, 200Gb 6D-Torus,",1/11/2025,297,Sugon,163840,4.32,6.13,380,0.011368421,0.704730832,0,1434,2111,3545,0,1,85,3534
"Advanced Computing System(PreE) - Sugon TC8600, Hygon Dhyana 32C 2GHz, Deep Computing Processor, 200Gb 6D-Torus,",1/6/2025,268,Sugon,163840,4.32,6.13,380,0.011368421,0.704730832,0,1434,2111,3545,0,1,85,3534
"Advanced Computing System(PreE) - Sugon TC8600, Hygon Dhyana 32C 2GHz, Deep Computing Processor, 200Gb 6D-Torus,",1/11/2024,229,Sugon,163840,4.32,6.13,380,0.011368421,0.704730832,0,1434,2111,3545,0,1,85,3534
"Advanced Computing System(PreE) - Sugon TC8600, Hygon Dhyana 32C 2GHz, Deep Computing Processor, 200Gb 6D-Torus,",1/6/2024,193,Sugon,163840,4.32,6.13,380,0.011368421,0.704730832,0,1434,2111,3545,0,1,85,3534
"Advanced Computing System(PreE) - Sugon TC8600, Hygon Dhyana 32C 2GHz, Deep Computing Processor, 200Gb 6D-Torus,",1/11/2023,169,Sugon,163840,4.32,6.13,380,0.011368421,0.704730832,0,1434,2111,3545,0,1,85,3534
"Advanced Computing System(PreE) - Sugon TC8600, Hygon Dhyana 32C 2GHz, Deep Computing Processor, 200Gb 6D-Torus,",1/6/2023,138,Sugon,163840,4.32,6.13,380,0.011368421,0.704730832,0,1434,2111,3545,0,1,85,3534
"Advanced Computing System(PreE) - Sugon TC8600, Hygon Dhyana 32C 2GHz, Deep Computing Processor, 200Gb 6D-Torus,",1/11/2022,127,Sugon,163840,4.32,6.13,380,0.011368421,0.704730832,0,1434,2111,3545,0,1,85,3534
"Advanced Computing System(PreE) - Sugon TC8600, Hygon Dhyana 32C 2GHz, Deep Computing Processor, 200Gb 6D-Torus,",1/6/2022,117,Sugon,163840,4.32,6.13,380,0.011368421,0.704730832,0,1434,2111,3545,0,1,85,3534
"Advanced Computing System(PreE) - Sugon TC8600, Hygon Dhyana 32C 2GHz, Deep Computing Processor, 200Gb 6D-Torus,",1/11/2021,108,Sugon,163840,4.32,6.13,380,0.011368421,0.704730832,0,1434,2111,3545,0,1,85,3534
"Advanced Computing System(PreE) - Sugon TC8600, Hygon Dhyana 32C 2GHz, Deep Computing Processor, 200Gb 6D-Torus,",1/6/2021,95,Sugon,163840,4.32,6.13,380,0.011368421,0.704730832,0,1434,2111,3545,0,1,85,3534
"Advanced Computing System(PreE) - Sugon TC8600, Hygon Dhyana 32C 2GHz, Deep Computing Processor, 200Gb 6D-Torus,",1/11/2020,66,Sugon,163840,4.32,6.13,380,0.011368421,0.704730832,0,1434,2111,3545,0,1,85,3534
"Advanced Computing System(PreE) - Sugon TC8600, Hygon Dhyana 32C 2GHz, Deep Computing Processor, 200Gb 6D-Torus,",1/6/2020,57,Sugon,163840,4.32,6.13,380,0.011368421,0.704730832,0,1434,2111,3545,0,1,85,3534
"Advanced Computing System(PreE) - Sugon TC8600, Hygon Dhyana 32C 2GHz, Deep Computing Processor, 200Gb 6D-Torus,",1/11/2019,48,Sugon,163840,4.32,6.13,380,0.011368421,0.704730832,0,1434,2111,3545,0,1,85,3534
"Advanced Computing System(PreE) - Sugon TC8600, Hygon Dhyana 32C 2GHz, Deep Computing Processor, 200Gb 6D-Torus,",1/6/2019,43,Sugon,163840,4.32,6.13,380,0.011368421,0.704730832,0,1434,2111,3545,0,1,85,3534
"Advanced Computing System(PreE) - Sugon TC8600, Hygon Dhyana 32C 2GHz, Deep Computing Processor, 200Gb 6D-Torus,",1/11/2018,38,Sugon,163840,4.32,6.13,380,0.011368421,0.704730832,0,1434,2111,3545,0,1,85,3534
"CRONOS - BullSequana X, Xeon Platinum 8260 24C 2.4GHz, Infiniband HDR,",1/11/2025,298,EVIDEN,81600,4.3,7.14,1225.53,0.003508686,0.602240896,0,1434,2111,3545,0,1,85,3534
"CRONOS - BullSequana X, Xeon Platinum 8260 24C 2.4GHz, Infiniband HDR,",1/6/2025,269,EVIDEN,81600,4.3,7.14,1225.53,0.003508686,0.602240896,0,1434,2111,3545,0,1,85,3534
"CRONOS - BullSequana X, Xeon Platinum 8260 24C 2.4GHz, Infiniband HDR,",1/11/2024,230,EVIDEN,81600,4.3,7.14,1225.53,0.003508686,0.602240896,0,1434,2111,3545,0,1,85,3534
"CRONOS - BullSequana X, Xeon Platinum 8260 24C 2.4GHz, Infiniband HDR,",1/6/2024,194,EVIDEN,81600,4.3,7.14,1225.53,0.003508686,0.602240896,0,1434,2111,3545,0,1,85,3534
"CRONOS - BullSequana X, Xeon Platinum 8260 24C 2.4GHz, Infiniband HDR,",1/11/2023,170,EVIDEN,81600,4.3,7.14,1225.53,0.003508686,0.602240896,0,1434,2111,3545,0,1,85,3534
"CRONOS - BullSequana X, Xeon Platinum 8260 24C 2.4GHz, Infiniband HDR,",1/6/2023,139,EVIDEN,81600,4.3,7.14,1225.53,0.003508686,0.602240896,0,1434,2111,3545,0,1,85,3534
"CRONOS - BullSequana X, Xeon Platinum 8260 24C 2.4GHz, Infiniband HDR,",1/11/2022,128,EVIDEN,81600,4.3,7.14,1225.53,0.003508686,0.602240896,0,1434,2111,3545,0,1,85,3534
"CRONOS - BullSequana X, Xeon Platinum 8260 24C 2.4GHz, Infiniband HDR,",1/6/2022,118,EVIDEN,81600,4.3,7.14,1225.53,0.003508686,0.602240896,0,1434,2111,3545,0,1,85,3534
"CRONOS - BullSequana X, Xeon Platinum 8260 24C 2.4GHz, Infiniband HDR,",1/11/2021,109,EVIDEN,81600,4.3,7.14,1225.53,0.003508686,0.602240896,0,1434,2111,3545,0,1,85,3534
"CRONOS - BullSequana X, Xeon Platinum 8260 24C 2.4GHz, Infiniband HDR,",1/6/2021,96,EVIDEN,81600,4.3,7.14,1225.53,0.003508686,0.602240896,0,1434,2111,3545,0,1,85,3534
"CRONOS - BullSequana X, Xeon Platinum 8260 24C 2.4GHz, Infiniband HDR,",1/11/2020,67,EVIDEN,81600,4.3,7.14,1225.53,0.003508686,0.602240896,0,1434,2111,3545,0,1,85,3534
"Viper-CPU - BullSequana XH3000, AMD EPYC 9554 64C 3.1GHz, Infiniband NDR200, RedHat Enterprise Linux,",1/11/2025,299,EVIDEN,97920,4.29,4.8,784,0.005471939,0.89375,0,1434,2111,3545,0,1,85,3534
"SNL/NNSA CTS-1 Manzano - Tundra Extreme Scale, Xeon Platinum 8268 24C 2.9GHz, Intel Omni-Path,",1/11/2025,300,Penguin Computing,71424,4.28,6.63,960,0.004458333,0.645550528,0,1434,2111,3545,0,1,85,3534
"SNL/NNSA CTS-1 Manzano - Tundra Extreme Scale, Xeon Platinum 8268 24C 2.9GHz, Intel Omni-Path,",1/6/2025,270,Penguin Computing,71424,4.28,6.63,960,0.004458333,0.645550528,0,1434,2111,3545,0,1,85,3534
"SNL/NNSA CTS-1 Manzano - Tundra Extreme Scale, Xeon Platinum 8268 24C 2.9GHz, Intel Omni-Path,",1/11/2024,231,Penguin Computing,71424,4.28,6.63,960,0.004458333,0.645550528,0,1434,2111,3545,0,1,85,3534
"SNL/NNSA CTS-1 Manzano - Tundra Extreme Scale, Xeon Platinum 8268 24C 2.9GHz, Intel Omni-Path,",1/6/2024,195,Penguin Computing,71424,4.28,6.63,960,0.004458333,0.645550528,0,1434,2111,3545,0,1,85,3534
"SNL/NNSA CTS-1 Manzano - Tundra Extreme Scale, Xeon Platinum 8268 24C 2.9GHz, Intel Omni-Path,",1/11/2023,171,Penguin Computing,71424,4.28,6.63,960,0.004458333,0.645550528,0,1434,2111,3545,0,1,85,3534
"SNL/NNSA CTS-1 Manzano - Tundra Extreme Scale, Xeon Platinum 8268 24C 2.9GHz, Intel Omni-Path,",1/6/2023,141,Penguin Computing,71424,4.28,6.63,960,0.004458333,0.645550528,0,1434,2111,3545,0,1,85,3534
"SNL/NNSA CTS-1 Manzano - Tundra Extreme Scale, Xeon Platinum 8268 24C 2.9GHz, Intel Omni-Path,",1/11/2022,130,Penguin Computing,71424,4.28,6.63,960,0.004458333,0.645550528,0,1434,2111,3545,0,1,85,3534
"SNL/NNSA CTS-1 Manzano - Tundra Extreme Scale, Xeon Platinum 8268 24C 2.9GHz, Intel Omni-Path,",1/6/2022,120,Penguin Computing,71424,4.28,6.63,960,0.004458333,0.645550528,0,1434,2111,3545,0,1,85,3534
"SNL/NNSA CTS-1 Manzano - Tundra Extreme Scale, Xeon Platinum 8268 24C 2.9GHz, Intel Omni-Path,",1/11/2021,111,Penguin Computing,71424,4.28,6.63,960,0.004458333,0.645550528,0,1434,2111,3545,0,1,85,3534
"SNL/NNSA CTS-1 Manzano - Tundra Extreme Scale, Xeon Platinum 8268 24C 2.9GHz, Intel Omni-Path,",1/6/2021,98,Penguin Computing,71424,4.28,6.63,960,0.004458333,0.645550528,0,1434,2111,3545,0,1,85,3534
"SNL/NNSA CTS-1 Manzano - Tundra Extreme Scale, Xeon Platinum 8268 24C 2.9GHz, Intel Omni-Path,",1/11/2020,69,Penguin Computing,71424,4.28,6.63,960,0.004458333,0.645550528,0,1434,2111,3545,0,1,85,3534
"Olivia (CPU) - HPE Cray EX, AMD EPYC 9745 128C 2.4GHz, Slingshot-11, HPE Cray OS,",1/11/2025,301,HPE,64512,4.25,4.95,2294.598255,0,0.858585859,0,1434,2111,3545,0,1,85,3534
"Olivia (CPU) - HPE Cray EX, AMD EPYC 9745 128C 2.4GHz, Slingshot-11, HPE Cray OS,",1/6/2025,271,HPE,64512,4.25,4.95,2294.598255,0,0.858585859,0,1434,2111,3545,0,1,85,3534
"Cannon2-H200 - ThinkSystem SD650-N V3, Xeon Platinum 8480L 56C 2GHz, NVIDIA H200 SXM5 141 GB, Infiniband NDR, Linux,",1/11/2025,302,Lenovo,15360,4.24,6.6,91.61,0.046283157,0.642424242,1,1434,2111,3545,0,1,85,3534
"NA7A - Lenovo ThinkSystem SR665 V2, AMD EPYC 7763 64C 2.45GHz, 100G Ethernet,",1/11/2025,303,Lenovo,207872,4.23,8.15,2294.598255,0,0.519018405,0,1434,2111,3545,0,1,85,3534
"NA7A - Lenovo ThinkSystem SR665 V2, AMD EPYC 7763 64C 2.45GHz, 100G Ethernet,",1/6/2025,272,Lenovo,207872,4.23,8.15,2294.598255,0,0.519018405,0,1434,2111,3545,0,1,85,3534
"NA7A - Lenovo ThinkSystem SR665 V2, AMD EPYC 7763 64C 2.45GHz, 100G Ethernet,",1/11/2024,232,Lenovo,207872,4.23,8.15,2294.598255,0,0.519018405,0,1434,2111,3545,0,1,85,3534
"NA7A - Lenovo ThinkSystem SR665 V2, AMD EPYC 7763 64C 2.45GHz, 100G Ethernet,",1/6/2024,196,Lenovo,207872,4.23,8.15,2294.598255,0,0.519018405,0,1434,2111,3545,0,1,85,3534
"NA7A - Lenovo ThinkSystem SR665 V2, AMD EPYC 7763 64C 2.45GHz, 100G Ethernet,",1/11/2023,172,Lenovo,207872,4.23,8.15,2294.598255,0,0.519018405,0,1434,2111,3545,0,1,85,3534
"NA7A - Lenovo ThinkSystem SR665 V2, AMD EPYC 7763 64C 2.45GHz, 100G Ethernet,",1/6/2023,142,Lenovo,207872,4.23,8.15,2294.598255,0,0.519018405,0,1434,2111,3545,0,1,85,3534
"NA7 - Lenovo ThinkSystem SR665 V2, AMD EPYC 7763 64C 2.45GHz, 100G Ethernet,",1/11/2025,304,Lenovo,207872,4.23,8.15,2294.598255,0,0.519018405,0,1434,2111,3545,0,1,85,3534
"NA7 - Lenovo ThinkSystem SR665 V2, AMD EPYC 7763 64C 2.45GHz, 100G Ethernet,",1/6/2025,273,Lenovo,207872,4.23,8.15,2294.598255,0,0.519018405,0,1434,2111,3545,0,1,85,3534
"NA7 - Lenovo ThinkSystem SR665 V2, AMD EPYC 7763 64C 2.45GHz, 100G Ethernet,",1/11/2024,233,Lenovo,207872,4.23,8.15,2294.598255,0,0.519018405,0,1434,2111,3545,0,1,85,3534
"NA7 - Lenovo ThinkSystem SR665 V2, AMD EPYC 7763 64C 2.45GHz, 100G Ethernet,",1/6/2024,197,Lenovo,207872,4.23,8.15,2294.598255,0,0.519018405,0,1434,2111,3545,0,1,85,3534
"NA7 - Lenovo ThinkSystem SR665 V2, AMD EPYC 7763 64C 2.45GHz, 100G Ethernet,",1/11/2023,173,Lenovo,207872,4.23,8.15,2294.598255,0,0.519018405,0,1434,2111,3545,0,1,85,3534
"NA7 - Lenovo ThinkSystem SR665 V2, AMD EPYC 7763 64C 2.45GHz, 100G Ethernet,",1/6/2023,143,Lenovo,207872,4.23,8.15,2294.598255,0,0.519018405,0,1434,2111,3545,0,1,85,3534
"NA2C - Lenovo ThinkSystem SR650 V2, Xeon Platinum 8358 32C 2.6GHz, 100G Ethernet,",1/11/2025,305,Lenovo,111936,4.23,9.31,2294.598255,0,0.454350161,0,1434,2111,3545,0,1,85,3534
"NA2C - Lenovo ThinkSystem SR650 V2, Xeon Platinum 8358 32C 2.6GHz, 100G Ethernet,",1/6/2025,274,Lenovo,111936,4.23,9.31,2294.598255,0,0.454350161,0,1434,2111,3545,0,1,85,3534
"NA2C - Lenovo ThinkSystem SR650 V2, Xeon Platinum 8358 32C 2.6GHz, 100G Ethernet,",1/11/2024,234,Lenovo,111936,4.23,9.31,2294.598255,0,0.454350161,0,1434,2111,3545,0,1,85,3534
"NA2C - Lenovo ThinkSystem SR650 V2, Xeon Platinum 8358 32C 2.6GHz, 100G Ethernet,",1/6/2024,198,Lenovo,111936,4.23,9.31,2294.598255,0,0.454350161,0,1434,2111,3545,0,1,85,3534
"NA2C - Lenovo ThinkSystem SR650 V2, Xeon Platinum 8358 32C 2.6GHz, 100G Ethernet,",1/11/2023,174,Lenovo,111936,4.23,9.31,2294.598255,0,0.454350161,0,1434,2111,3545,0,1,85,3534
"NA2C - Lenovo ThinkSystem SR650 V2, Xeon Platinum 8358 32C 2.6GHz, 100G Ethernet,",1/6/2023,144,Lenovo,111936,4.23,9.31,2294.598255,0,0.454350161,0,1434,2111,3545,0,1,85,3534
"NA2B - Lenovo ThinkSystem SR650 V2, Xeon Platinum 8358 32C 2.6GHz, 100G Ethernet,",1/11/2025,306,Lenovo,111936,4.23,9.31,2294.598255,0,0.454350161,0,1434,2111,3545,0,1,85,3534
"NA2B - Lenovo ThinkSystem SR650 V2, Xeon Platinum 8358 32C 2.6GHz, 100G Ethernet,",1/6/2025,275,Lenovo,111936,4.23,9.31,2294.598255,0,0.454350161,0,1434,2111,3545,0,1,85,3534
"NA2B - Lenovo ThinkSystem SR650 V2, Xeon Platinum 8358 32C 2.6GHz, 100G Ethernet,",1/11/2024,235,Lenovo,111936,4.23,9.31,2294.598255,0,0.454350161,0,1434,2111,3545,0,1,85,3534
"NA2B - Lenovo ThinkSystem SR650 V2, Xeon Platinum 8358 32C 2.6GHz, 100G Ethernet,",1/6/2024,199,Lenovo,111936,4.23,9.31,2294.598255,0,0.454350161,0,1434,2111,3545,0,1,85,3534
"NA2B - Lenovo ThinkSystem SR650 V2, Xeon Platinum 8358 32C 2.6GHz, 100G Ethernet,",1/11/2023,175,Lenovo,111936,4.23,9.31,2294.598255,0,0.454350161,0,1434,2111,3545,0,1,85,3534
"NA2B - Lenovo ThinkSystem SR650 V2, Xeon Platinum 8358 32C 2.6GHz, 100G Ethernet,",1/6/2023,145,Lenovo,111936,4.23,9.31,2294.598255,0,0.454350161,0,1434,2111,3545,0,1,85,3534
"NA2 - Lenovo ThinkSystem SR650 V2, Xeon Platinum 8358 32C 2.6GHz, 100G Ethernet,",1/11/2025,307,Lenovo,111936,4.23,9.31,2294.598255,0,0.454350161,0,1434,2111,3545,0,1,85,3534
"NA2 - Lenovo ThinkSystem SR650 V2, Xeon Platinum 8358 32C 2.6GHz, 100G Ethernet,",1/6/2025,276,Lenovo,111936,4.23,9.31,2294.598255,0,0.454350161,0,1434,2111,3545,0,1,85,3534
"NA2 - Lenovo ThinkSystem SR650 V2, Xeon Platinum 8358 32C 2.6GHz, 100G Ethernet,",1/11/2024,236,Lenovo,111936,4.23,9.31,2294.598255,0,0.454350161,0,1434,2111,3545,0,1,85,3534
"NA2 - Lenovo ThinkSystem SR650 V2, Xeon Platinum 8358 32C 2.6GHz, 100G Ethernet,",1/6/2024,200,Lenovo,111936,4.23,9.31,2294.598255,0,0.454350161,0,1434,2111,3545,0,1,85,3534
"NA2 - Lenovo ThinkSystem SR650 V2, Xeon Platinum 8358 32C 2.6GHz, 100G Ethernet,",1/11/2023,176,Lenovo,111936,4.23,9.31,2294.598255,0,0.454350161,0,1434,2111,3545,0,1,85,3534
"NA2 - Lenovo ThinkSystem SR650 V2, Xeon Platinum 8358 32C 2.6GHz, 100G Ethernet,",1/6/2023,146,Lenovo,111936,4.23,9.31,2294.598255,0,0.454350161,0,1434,2111,3545,0,1,85,3534
"Berzelius2 - NVIDIA DGX A100, AMD EPYC 7742 64C 2.25GHz, NVIDIA A100 SXM4 80 GB, Octo-rail NVIDIA HDR-100 Infiniband,",1/11/2025,308,EVIDEN,33728,4.21,5.14,2294.598255,0,0.819066148,1,1434,2111,3545,0,1,85,3534
"Berzelius2 - NVIDIA DGX A100, AMD EPYC 7742 64C 2.25GHz, NVIDIA A100 SXM4 80 GB, Octo-rail NVIDIA HDR-100 Infiniband,",1/6/2025,277,EVIDEN,33728,4.21,5.14,2294.598255,0,0.819066148,1,1434,2111,3545,0,1,85,3534
"Berzelius2 - NVIDIA DGX A100, AMD EPYC 7742 64C 2.25GHz, NVIDIA A100 SXM4 80 GB, Octo-rail NVIDIA HDR-100 Infiniband,",1/11/2024,237,EVIDEN,33728,4.21,5.14,2294.598255,0,0.819066148,1,1434,2111,3545,0,1,85,3534
"Berzelius2 - NVIDIA DGX A100, AMD EPYC 7742 64C 2.25GHz, NVIDIA A100 SXM4 80 GB, Octo-rail NVIDIA HDR-100 Infiniband,",1/6/2024,201,EVIDEN,33728,4.21,5.14,2294.598255,0,0.819066148,1,1434,2111,3545,0,1,85,3534
"Berzelius2 - NVIDIA DGX A100, AMD EPYC 7742 64C 2.25GHz, NVIDIA A100 SXM4 80 GB, Octo-rail NVIDIA HDR-100 Infiniband,",1/11/2023,177,EVIDEN,33728,4.21,5.14,2294.598255,0,0.819066148,1,1434,2111,3545,0,1,85,3534
"Berzelius2 - NVIDIA DGX A100, AMD EPYC 7742 64C 2.25GHz, NVIDIA A100 SXM4 80 GB, Octo-rail NVIDIA HDR-100 Infiniband,",1/6/2023,147,EVIDEN,33728,4.21,5.14,2294.598255,0,0.819066148,1,1434,2111,3545,0,1,85,3534
"Noctua 2 - BullSequana XH2000, AMD EPYC 7763 64C 2.45GHz, InfiniBand HDR100,",1/11/2025,309,EVIDEN,135168,4.19,5.3,868.74,0.004823077,0.790566038,0,1434,2111,3545,0,1,85,3534
"Noctua 2 - BullSequana XH2000, AMD EPYC 7763 64C 2.45GHz, InfiniBand HDR100,",1/6/2025,278,EVIDEN,135168,4.19,5.3,868.74,0.004823077,0.790566038,0,1434,2111,3545,0,1,85,3534
"Noctua 2 - BullSequana XH2000, AMD EPYC 7763 64C 2.45GHz, InfiniBand HDR100,",1/11/2024,238,EVIDEN,135168,4.19,5.3,868.74,0.004823077,0.790566038,0,1434,2111,3545,0,1,85,3534
"Noctua 2 - BullSequana XH2000, AMD EPYC 7763 64C 2.45GHz, InfiniBand HDR100,",1/6/2024,202,EVIDEN,135168,4.19,5.3,868.74,0.004823077,0.790566038,0,1434,2111,3545,0,1,85,3534
"Noctua 2 - BullSequana XH2000, AMD EPYC 7763 64C 2.45GHz, InfiniBand HDR100,",1/11/2023,178,EVIDEN,135168,4.19,5.3,868.74,0.004823077,0.790566038,0,1434,2111,3545,0,1,85,3534
"Noctua 2 - BullSequana XH2000, AMD EPYC 7763 64C 2.45GHz, InfiniBand HDR100,",1/6/2023,148,EVIDEN,135168,4.19,5.3,868.74,0.004823077,0.790566038,0,1434,2111,3545,0,1,85,3534
"Noctua 2 - BullSequana XH2000, AMD EPYC 7763 64C 2.45GHz, InfiniBand HDR100,",1/11/2022,131,EVIDEN,135168,4.19,5.3,868.74,0.004823077,0.790566038,0,1434,2111,3545,0,1,85,3534
"Noctua 2 - BullSequana XH2000, AMD EPYC 7763 64C 2.45GHz, InfiniBand HDR100,",1/6/2022,121,EVIDEN,135168,4.19,5.3,868.74,0.004823077,0.790566038,0,1434,2111,3545,0,1,85,3534
"NA6B - Lenovo ThinkSystem SR650 V2, Xeon Platinum 8358 32C 2.6GHz, 100G Ethernet,",1/11/2025,310,Lenovo,111744,4.16,9.3,2294.598255,0,0.447311828,0,1434,2111,3545,0,1,85,3534
"NA6B - Lenovo ThinkSystem SR650 V2, Xeon Platinum 8358 32C 2.6GHz, 100G Ethernet,",1/6/2025,279,Lenovo,111744,4.16,9.3,2294.598255,0,0.447311828,0,1434,2111,3545,0,1,85,3534
"NA6B - Lenovo ThinkSystem SR650 V2, Xeon Platinum 8358 32C 2.6GHz, 100G Ethernet,",1/11/2024,239,Lenovo,111744,4.16,9.3,2294.598255,0,0.447311828,0,1434,2111,3545,0,1,85,3534
"NA6B - Lenovo ThinkSystem SR650 V2, Xeon Platinum 8358 32C 2.6GHz, 100G Ethernet,",1/6/2024,203,Lenovo,111744,4.16,9.3,2294.598255,0,0.447311828,0,1434,2111,3545,0,1,85,3534
"NA6B - Lenovo ThinkSystem SR650 V2, Xeon Platinum 8358 32C 2.6GHz, 100G Ethernet,",1/11/2023,179,Lenovo,111744,4.16,9.3,2294.598255,0,0.447311828,0,1434,2111,3545,0,1,85,3534
"NA6B - Lenovo ThinkSystem SR650 V2, Xeon Platinum 8358 32C 2.6GHz, 100G Ethernet,",1/6/2023,149,Lenovo,111744,4.16,9.3,2294.598255,0,0.447311828,0,1434,2111,3545,0,1,85,3534
"NA6A - Lenovo ThinkSystem SR650 V2, Xeon Platinum 8358 32C 2.6GHz, 100G Ethernet,",1/11/2025,311,Lenovo,111744,4.16,9.3,2294.598255,0,0.447311828,0,1434,2111,3545,0,1,85,3534
"NA6A - Lenovo ThinkSystem SR650 V2, Xeon Platinum 8358 32C 2.6GHz, 100G Ethernet,",1/6/2025,280,Lenovo,111744,4.16,9.3,2294.598255,0,0.447311828,0,1434,2111,3545,0,1,85,3534
"NA6A - Lenovo ThinkSystem SR650 V2, Xeon Platinum 8358 32C 2.6GHz, 100G Ethernet,",1/11/2024,240,Lenovo,111744,4.16,9.3,2294.598255,0,0.447311828,0,1434,2111,3545,0,1,85,3534
"NA6A - Lenovo ThinkSystem SR650 V2, Xeon Platinum 8358 32C 2.6GHz, 100G Ethernet,",1/6/2024,204,Lenovo,111744,4.16,9.3,2294.598255,0,0.447311828,0,1434,2111,3545,0,1,85,3534
"NA6A - Lenovo ThinkSystem SR650 V2, Xeon Platinum 8358 32C 2.6GHz, 100G Ethernet,",1/11/2023,180,Lenovo,111744,4.16,9.3,2294.598255,0,0.447311828,0,1434,2111,3545,0,1,85,3534
"NA6A - Lenovo ThinkSystem SR650 V2, Xeon Platinum 8358 32C 2.6GHz, 100G Ethernet,",1/6/2023,150,Lenovo,111744,4.16,9.3,2294.598255,0,0.447311828,0,1434,2111,3545,0,1,85,3534
"NA6 - Lenovo ThinkSystem SR650 V2, Xeon Platinum 8358 32C 2.6GHz, 100G Ethernet,",1/11/2025,312,Lenovo,111744,4.16,9.3,2294.598255,0,0.447311828,0,1434,2111,3545,0,1,85,3534
"NA6 - Lenovo ThinkSystem SR650 V2, Xeon Platinum 8358 32C 2.6GHz, 100G Ethernet,",1/6/2025,281,Lenovo,111744,4.16,9.3,2294.598255,0,0.447311828,0,1434,2111,3545,0,1,85,3534
"NA6 - Lenovo ThinkSystem SR650 V2, Xeon Platinum 8358 32C 2.6GHz, 100G Ethernet,",1/11/2024,241,Lenovo,111744,4.16,9.3,2294.598255,0,0.447311828,0,1434,2111,3545,0,1,85,3534
"NA6 - Lenovo ThinkSystem SR650 V2, Xeon Platinum 8358 32C 2.6GHz, 100G Ethernet,",1/6/2024,205,Lenovo,111744,4.16,9.3,2294.598255,0,0.447311828,0,1434,2111,3545,0,1,85,3534
"NA6 - Lenovo ThinkSystem SR650 V2, Xeon Platinum 8358 32C 2.6GHz, 100G Ethernet,",1/11/2023,181,Lenovo,111744,4.16,9.3,2294.598255,0,0.447311828,0,1434,2111,3545,0,1,85,3534
"NA6 - Lenovo ThinkSystem SR650 V2, Xeon Platinum 8358 32C 2.6GHz, 100G Ethernet,",1/6/2023,151,Lenovo,111744,4.16,9.3,2294.598255,0,0.447311828,0,1434,2111,3545,0,1,85,3534
"Apollo 6500 XL270d Gen10, Xeon Gold 6140 18C 2.3GHz, Mellanox InfiniBand EDR, NVIDIA Tesla V100 SXM2,",1/11/2025,313,HPE,70416,4.13,5.78,2294.598255,0,0.714532872,1,1434,2111,3545,0,1,85,3534
"Apollo 6500 XL270d Gen10, Xeon Gold 6140 18C 2.3GHz, Mellanox InfiniBand EDR, NVIDIA Tesla V100 SXM2,",1/6/2025,282,HPE,70416,4.13,5.78,2294.598255,0,0.714532872,1,1434,2111,3545,0,1,85,3534
"Apollo 6500 XL270d Gen10, Xeon Gold 6140 18C 2.3GHz, Mellanox InfiniBand EDR, NVIDIA Tesla V100 SXM2,",1/11/2024,242,HPE,70416,4.13,5.78,2294.598255,0,0.714532872,1,1434,2111,3545,0,1,85,3534
"Apollo 6500 XL270d Gen10, Xeon Gold 6140 18C 2.3GHz, Mellanox InfiniBand EDR, NVIDIA Tesla V100 SXM2,",1/6/2024,206,HPE,70416,4.13,5.78,2294.598255,0,0.714532872,1,1434,2111,3545,0,1,85,3534
"Apollo 6500 XL270d Gen10, Xeon Gold 6140 18C 2.3GHz, Mellanox InfiniBand EDR, NVIDIA Tesla V100 SXM2,",1/11/2023,182,HPE,70416,4.13,5.78,2294.598255,0,0.714532872,1,1434,2111,3545,0,1,85,3534
"Apollo 6500 XL270d Gen10, Xeon Gold 6140 18C 2.3GHz, Mellanox InfiniBand EDR, NVIDIA Tesla V100 SXM2,",1/6/2023,152,HPE,70416,4.13,5.78,2294.598255,0,0.714532872,1,1434,2111,3545,0,1,85,3534
"Apollo 6500 XL270d Gen10, Xeon Gold 6140 18C 2.3GHz, Mellanox InfiniBand EDR, NVIDIA Tesla V100 SXM2,",1/11/2022,132,HPE,70416,4.13,5.78,2294.598255,0,0.714532872,1,1434,2111,3545,0,1,85,3534
"Apollo 6500 XL270d Gen10, Xeon Gold 6140 18C 2.3GHz, Mellanox InfiniBand EDR, NVIDIA Tesla V100 SXM2,",1/6/2022,122,HPE,70416,4.13,5.78,2294.598255,0,0.714532872,1,1434,2111,3545,0,1,85,3534
"Apollo 6500 XL270d Gen10, Xeon Gold 6140 18C 2.3GHz, Mellanox InfiniBand EDR, NVIDIA Tesla V100 SXM2,",1/11/2021,112,HPE,70416,4.13,5.78,2294.598255,0,0.714532872,1,1434,2111,3545,0,1,85,3534
"Apollo 6500 XL270d Gen10, Xeon Gold 6140 18C 2.3GHz, Mellanox InfiniBand EDR, NVIDIA Tesla V100 SXM2,",1/6/2021,99,HPE,70416,4.13,5.78,2294.598255,0,0.714532872,1,1434,2111,3545,0,1,85,3534
"Apollo 6500 XL270d Gen10, Xeon Gold 6140 18C 2.3GHz, Mellanox InfiniBand EDR, NVIDIA Tesla V100 SXM2,",1/11/2020,70,HPE,70416,4.13,5.78,2294.598255,0,0.714532872,1,1434,2111,3545,0,1,85,3534
"Apollo 6500 XL270d Gen10, Xeon Gold 6140 18C 2.3GHz, Mellanox InfiniBand EDR, NVIDIA Tesla V100 SXM2,",1/6/2020,60,HPE,70416,4.13,5.78,2294.598255,0,0.714532872,1,1434,2111,3545,0,1,85,3534
"Apollo 6500 XL270d Gen10, Xeon Gold 6140 18C 2.3GHz, Mellanox InfiniBand EDR, NVIDIA Tesla V100 SXM2,",1/11/2019,51,HPE,70416,4.13,5.78,2294.598255,0,0.714532872,1,1434,2111,3545,0,1,85,3534
"Apollo 6500 XL270d Gen10, Xeon Gold 6140 18C 2.3GHz, Mellanox InfiniBand EDR, NVIDIA Tesla V100 SXM2,",1/6/2019,46,HPE,70416,4.13,5.78,2294.598255,0,0.714532872,1,1434,2111,3545,0,1,85,3534
"Cirrus - HPE Cray EX, AMD EPYC 9825 144C 2.2GHz, Slingshot-11, RHEL 9.5,",1/11/2025,314,HPE,70560,4.12,4.97,319,0.012915361,0.828973843,0,1434,2111,3545,0,1,85,3534
"Alpha - ThinkSystem SR680a V3, Intel Xeon Platinum 9242 48C 2.3GHz, NVIDIA H100, Infiniband NDR, Linux,",1/11/2025,315,Lenovo,7488,4.1,4.99,2294.598255,0,0.821643287,1,1434,2111,3545,0,1,85,3534
"Alpha - ThinkSystem SR680a V3, Intel Xeon Platinum 9242 48C 2.3GHz, NVIDIA H100, Infiniband NDR, Linux,",1/6/2025,283,Lenovo,7488,4.1,4.99,2294.598255,0,0.821643287,1,1434,2111,3545,0,1,85,3534
"Alpha - ThinkSystem SR680a V3, Intel Xeon Platinum 9242 48C 2.3GHz, NVIDIA H100, Infiniband NDR, Linux,",1/11/2024,243,Lenovo,7488,4.1,4.99,2294.598255,0,0.821643287,1,1434,2111,3545,0,1,85,3534
"Raphael - ThinkSystem SD665-N V3, AMD EPYC 9454 48C 2.75GHz, NVIDIA H100 80GB, Infiniband HDR, Linux,",1/11/2025,316,Lenovo,14976,4.09,5,89.71,0.04559135,0.818,1,1434,2111,3545,0,1,85,3534
"Raphael - ThinkSystem SD665-N V3, AMD EPYC 9454 48C 2.75GHz, NVIDIA H100 80GB, Infiniband HDR, Linux,",1/6/2025,284,Lenovo,14976,4.09,5,89.71,0.04559135,0.818,1,1434,2111,3545,0,1,85,3534
"Raphael - ThinkSystem SD665-N V3, AMD EPYC 9454 48C 2.75GHz, NVIDIA H100 80GB, Infiniband HDR, Linux,",1/11/2024,244,Lenovo,14976,4.09,5,89.71,0.04559135,0.818,1,1434,2111,3545,0,1,85,3534
"JOLIOT-CURIE SKL - Bull Sequana X1000, Xeon Platinum 8168 24C 2.7GHz, Mellanox EDR,",1/11/2025,317,EVIDEN,79488,4.07,6.64,917,0.004438386,0.612951807,0,1434,2111,3545,0,1,85,3534
"JOLIOT-CURIE SKL - Bull Sequana X1000, Xeon Platinum 8168 24C 2.7GHz, Mellanox EDR,",1/6/2025,285,EVIDEN,79488,4.07,6.64,917,0.004438386,0.612951807,0,1434,2111,3545,0,1,85,3534
"JOLIOT-CURIE SKL - Bull Sequana X1000, Xeon Platinum 8168 24C 2.7GHz, Mellanox EDR,",1/11/2024,245,EVIDEN,79488,4.07,6.64,917,0.004438386,0.612951807,0,1434,2111,3545,0,1,85,3534
"JOLIOT-CURIE SKL - Bull Sequana X1000, Xeon Platinum 8168 24C 2.7GHz, Mellanox EDR,",1/6/2024,207,EVIDEN,79488,4.07,6.64,917,0.004438386,0.612951807,0,1434,2111,3545,0,1,85,3534
"JOLIOT-CURIE SKL - Bull Sequana X1000, Xeon Platinum 8168 24C 2.7GHz, Mellanox EDR,",1/11/2023,183,EVIDEN,79488,4.07,6.64,917,0.004438386,0.612951807,0,1434,2111,3545,0,1,85,3534
"JOLIOT-CURIE SKL - Bull Sequana X1000, Xeon Platinum 8168 24C 2.7GHz, Mellanox EDR,",1/6/2023,154,EVIDEN,79488,4.07,6.64,917,0.004438386,0.612951807,0,1434,2111,3545,0,1,85,3534
"JOLIOT-CURIE SKL - Bull Sequana X1000, Xeon Platinum 8168 24C 2.7GHz, Mellanox EDR,",1/11/2022,133,EVIDEN,79488,4.07,6.64,917,0.004438386,0.612951807,0,1434,2111,3545,0,1,85,3534
"JOLIOT-CURIE SKL - Bull Sequana X1000, Xeon Platinum 8168 24C 2.7GHz, Mellanox EDR,",1/6/2022,124,EVIDEN,79488,4.07,6.64,917,0.004438386,0.612951807,0,1434,2111,3545,0,1,85,3534
"JOLIOT-CURIE SKL - Bull Sequana X1000, Xeon Platinum 8168 24C 2.7GHz, Mellanox EDR,",1/11/2021,113,EVIDEN,79488,4.07,6.64,917,0.004438386,0.612951807,0,1434,2111,3545,0,1,85,3534
"JOLIOT-CURIE SKL - Bull Sequana X1000, Xeon Platinum 8168 24C 2.7GHz, Mellanox EDR,",1/6/2021,101,EVIDEN,79488,4.07,6.64,917,0.004438386,0.612951807,0,1434,2111,3545,0,1,85,3534
"JOLIOT-CURIE SKL - Bull Sequana X1000, Xeon Platinum 8168 24C 2.7GHz, Mellanox EDR,",1/11/2020,72,EVIDEN,79488,4.07,6.64,917,0.004438386,0.612951807,0,1434,2111,3545,0,1,85,3534
"JOLIOT-CURIE SKL - Bull Sequana X1000, Xeon Platinum 8168 24C 2.7GHz, Mellanox EDR,",1/6/2020,61,EVIDEN,79488,4.07,6.64,917,0.004438386,0.612951807,0,1434,2111,3545,0,1,85,3534
"JOLIOT-CURIE SKL - Bull Sequana X1000, Xeon Platinum 8168 24C 2.7GHz, Mellanox EDR,",1/11/2019,52,EVIDEN,79488,4.07,6.64,917,0.004438386,0.612951807,0,1434,2111,3545,0,1,85,3534
"JOLIOT-CURIE SKL - Bull Sequana X1000, Xeon Platinum 8168 24C 2.7GHz, Mellanox EDR,",1/6/2019,47,EVIDEN,79488,4.07,6.64,917,0.004438386,0.612951807,0,1434,2111,3545,0,1,85,3534
"JOLIOT-CURIE SKL - Bull Sequana X1000, Xeon Platinum 8168 24C 2.7GHz, Mellanox EDR,",1/11/2018,40,EVIDEN,79488,4.07,6.64,917,0.004438386,0.612951807,0,1434,2111,3545,0,1,85,3534
"JOLIOT-CURIE SKL - Bull Sequana X1000, Xeon Platinum 8168 24C 2.7GHz, Mellanox EDR,",1/6/2018,34,EVIDEN,79488,4.07,6.64,917,0.004438386,0.612951807,0,1434,2111,3545,0,1,85,3534
"NA12A - Lenovo ThinkSystem SR665 V2, AMD EPYC 7763 64C 2.45GHz, 100G Ethernet,",1/11/2025,318,Lenovo,187648,4.05,7.36,2294.598255,0,0.550271739,0,1434,2111,3545,0,1,85,3534
"NA12A - Lenovo ThinkSystem SR665 V2, AMD EPYC 7763 64C 2.45GHz, 100G Ethernet,",1/6/2025,286,Lenovo,187648,4.05,7.36,2294.598255,0,0.550271739,0,1434,2111,3545,0,1,85,3534
"NA12A - Lenovo ThinkSystem SR665 V2, AMD EPYC 7763 64C 2.45GHz, 100G Ethernet,",1/11/2024,246,Lenovo,187648,4.05,7.36,2294.598255,0,0.550271739,0,1434,2111,3545,0,1,85,3534
"NA12A - Lenovo ThinkSystem SR665 V2, AMD EPYC 7763 64C 2.45GHz, 100G Ethernet,",1/6/2024,208,Lenovo,187648,4.05,7.36,2294.598255,0,0.550271739,0,1434,2111,3545,0,1,85,3534
"NA12 - Lenovo ThinkSystem SR665 V2, AMD EPYC 7763 64C 2.45GHz, 100G Ethernet,",1/11/2025,319,Lenovo,187648,4.05,7.36,2294.598255,0,0.550271739,0,1434,2111,3545,0,1,85,3534
"NA12 - Lenovo ThinkSystem SR665 V2, AMD EPYC 7763 64C 2.45GHz, 100G Ethernet,",1/6/2025,287,Lenovo,187648,4.05,7.36,2294.598255,0,0.550271739,0,1434,2111,3545,0,1,85,3534
"NA12 - Lenovo ThinkSystem SR665 V2, AMD EPYC 7763 64C 2.45GHz, 100G Ethernet,",1/11/2024,247,Lenovo,187648,4.05,7.36,2294.598255,0,0.550271739,0,1434,2111,3545,0,1,85,3534
"NA12 - Lenovo ThinkSystem SR665 V2, AMD EPYC 7763 64C 2.45GHz, 100G Ethernet,",1/6/2024,209,Lenovo,187648,4.05,7.36,2294.598255,0,0.550271739,0,1434,2111,3545,0,1,85,3534
"Abel - Cray XC30, Xeon E5-2698v3 16C 2.3GHz, Aries interconnect,",1/11/2025,320,Cray/HPE,145920,4.04,5.37,1800,0.002244444,0.752327747,0,1434,2111,3545,0,1,85,3534
"Abel - Cray XC30, Xeon E5-2698v3 16C 2.3GHz, Aries interconnect,",1/6/2025,288,Cray/HPE,145920,4.04,5.37,1800,0.002244444,0.752327747,0,1434,2111,3545,0,1,85,3534
"Abel - Cray XC30, Xeon E5-2698v3 16C 2.3GHz, Aries interconnect,",1/11/2024,248,Cray/HPE,145920,4.04,5.37,1800,0.002244444,0.752327747,0,1434,2111,3545,0,1,85,3534
"Abel - Cray XC30, Xeon E5-2698v3 16C 2.3GHz, Aries interconnect,",1/6/2024,210,Cray/HPE,145920,4.04,5.37,1800,0.002244444,0.752327747,0,1434,2111,3545,0,1,85,3534
"Abel - Cray XC30, Xeon E5-2698v3 16C 2.3GHz, Aries interconnect,",1/11/2023,184,Cray/HPE,145920,4.04,5.37,1800,0.002244444,0.752327747,0,1434,2111,3545,0,1,85,3534
"Abel - Cray XC30, Xeon E5-2698v3 16C 2.3GHz, Aries interconnect,",1/6/2023,155,Cray/HPE,145920,4.04,5.37,1800,0.002244444,0.752327747,0,1434,2111,3545,0,1,85,3534
"Abel - Cray XC30, Xeon E5-2698v3 16C 2.3GHz, Aries interconnect,",1/11/2022,134,Cray/HPE,145920,4.04,5.37,1800,0.002244444,0.752327747,0,1434,2111,3545,0,1,85,3534
"Abel - Cray XC30, Xeon E5-2698v3 16C 2.3GHz, Aries interconnect,",1/6/2022,125,Cray/HPE,145920,4.04,5.37,1800,0.002244444,0.752327747,0,1434,2111,3545,0,1,85,3534
"Abel - Cray XC30, Xeon E5-2698v3 16C 2.3GHz, Aries interconnect,",1/11/2021,114,Cray/HPE,145920,4.04,5.37,1800,0.002244444,0.752327747,0,1434,2111,3545,0,1,85,3534
"Abel - Cray XC30, Xeon E5-2698v3 16C 2.3GHz, Aries interconnect,",1/6/2021,102,Cray/HPE,145920,4.04,5.37,1800,0.002244444,0.752327747,0,1434,2111,3545,0,1,85,3534
"Abel - Cray XC30, Xeon E5-2698v3 16C 2.3GHz, Aries interconnect,",1/11/2020,73,Cray/HPE,145920,4.04,5.37,1800,0.002244444,0.752327747,0,1434,2111,3545,0,1,85,3534
"Abel - Cray XC30, Xeon E5-2698v3 16C 2.3GHz, Aries interconnect,",1/6/2020,62,Cray/HPE,145920,4.04,5.37,1800,0.002244444,0.752327747,0,1434,2111,3545,0,1,85,3534
"Abel - Cray XC30, Xeon E5-2698v3 16C 2.3GHz, Aries interconnect,",1/11/2019,53,Cray/HPE,145920,4.04,5.37,1800,0.002244444,0.752327747,0,1434,2111,3545,0,1,85,3534
"Abel - Cray XC30, Xeon E5-2698v3 16C 2.3GHz, Aries interconnect,",1/6/2019,48,Cray/HPE,145920,4.04,5.37,1800,0.002244444,0.752327747,0,1434,2111,3545,0,1,85,3534
"Abel - Cray XC30, Xeon E5-2698v3 16C 2.3GHz, Aries interconnect,",1/11/2018,41,Cray/HPE,145920,4.04,5.37,1800,0.002244444,0.752327747,0,1434,2111,3545,0,1,85,3534
"Abel - Cray XC30, Xeon E5-2698v3 16C 2.3GHz, Aries interconnect,",1/6/2018,35,Cray/HPE,145920,4.04,5.37,1800,0.002244444,0.752327747,0,1434,2111,3545,0,1,85,3534
"Abel - Cray XC30, Xeon E5-2698v3 16C 2.3GHz, Aries interconnect,",1/11/2017,27,Cray/HPE,145920,4.04,5.37,1800,0.002244444,0.752327747,0,1434,2111,3545,0,1,85,3534
"Abel - Cray XC30, Xeon E5-2698v3 16C 2.3GHz, Aries interconnect,",1/6/2017,25,Cray/HPE,145920,4.04,5.37,1800,0.002244444,0.752327747,0,1434,2111,3545,0,1,85,3534
"Abel - Cray XC30, Xeon E5-2698v3 16C 2.3GHz, Aries interconnect,",1/11/2016,23,Cray/HPE,145920,4.04,5.37,1800,0.002244444,0.752327747,0,1434,2111,3545,0,1,85,3534
"Abel - Cray XC30, Xeon E5-2698v3 16C 2.3GHz, Aries interconnect,",1/6/2016,17,Cray/HPE,145920,4.04,5.37,1800,0.002244444,0.752327747,0,1434,2111,3545,0,1,85,3534
"Abel - Cray XC30, Xeon E5-2698v3 16C 2.3GHz, Aries interconnect,",1/11/2015,15,Cray/HPE,145920,4.04,5.37,1800,0.002244444,0.752327747,0,1434,2111,3545,0,1,85,3534
"Abel - Cray XC30, Xeon E5-2698v3 16C 2.3GHz, Aries interconnect,",1/6/2015,13,Cray/HPE,145920,4.04,5.37,1800,0.002244444,0.752327747,0,1434,2111,3545,0,1,85,3534
"Warhawk - HPE Cray EX, AMD EPYC 7H12 64C 2.6GHz, Slingshot-10,",1/11/2025,321,HPE,129920,4.03,5.4,2294.598255,0,0.746296296,0,1434,2111,3545,0,1,85,3534
"Warhawk - HPE Cray EX, AMD EPYC 7H12 64C 2.6GHz, Slingshot-10,",1/6/2025,289,HPE,129920,4.03,5.4,2294.598255,0,0.746296296,0,1434,2111,3545,0,1,85,3534
"Warhawk - HPE Cray EX, AMD EPYC 7H12 64C 2.6GHz, Slingshot-10,",1/11/2024,249,HPE,129920,4.03,5.4,2294.598255,0,0.746296296,0,1434,2111,3545,0,1,85,3534
"Warhawk - HPE Cray EX, AMD EPYC 7H12 64C 2.6GHz, Slingshot-10,",1/6/2024,211,HPE,129920,4.03,5.4,2294.598255,0,0.746296296,0,1434,2111,3545,0,1,85,3534
"Warhawk - HPE Cray EX, AMD EPYC 7H12 64C 2.6GHz, Slingshot-10,",1/11/2023,185,HPE,129920,4.03,5.4,2294.598255,0,0.746296296,0,1434,2111,3545,0,1,85,3534
"Warhawk - HPE Cray EX, AMD EPYC 7H12 64C 2.6GHz, Slingshot-10,",1/6/2023,156,HPE,129920,4.03,5.4,2294.598255,0,0.746296296,0,1434,2111,3545,0,1,85,3534
"Warhawk - HPE Cray EX, AMD EPYC 7H12 64C 2.6GHz, Slingshot-10,",1/11/2022,135,HPE,129920,4.03,5.4,2294.598255,0,0.746296296,0,1434,2111,3545,0,1,85,3534
"Warhawk - HPE Cray EX, AMD EPYC 7H12 64C 2.6GHz, Slingshot-10,",1/6/2022,126,HPE,129920,4.03,5.4,2294.598255,0,0.746296296,0,1434,2111,3545,0,1,85,3534
"Warhawk - HPE Cray EX, AMD EPYC 7H12 64C 2.6GHz, Slingshot-10,",1/11/2021,115,HPE,129920,4.03,5.4,2294.598255,0,0.746296296,0,1434,2111,3545,0,1,85,3534
"Alex - MEGWARE NF5488A5, AMD EPYC 7713 64C 2GHz, NVIDIA A100 SXM4 80 GB, Infiniband HDR,",1/11/2025,322,MEGWARE,37696,4.03,6.08,178.97,0.02251774,0.662828947,1,1434,2111,3545,0,1,85,3534
"Alex - MEGWARE NF5488A5, AMD EPYC 7713 64C 2GHz, NVIDIA A100 SXM4 80 GB, Infiniband HDR,",1/6/2025,290,MEGWARE,37696,4.03,6.08,178.97,0.02251774,0.662828947,1,1434,2111,3545,0,1,85,3534
"Alex - MEGWARE NF5488A5, AMD EPYC 7713 64C 2GHz, NVIDIA A100 SXM4 80 GB, Infiniband HDR,",1/11/2024,250,MEGWARE,37696,4.03,6.08,178.97,0.02251774,0.662828947,1,1434,2111,3545,0,1,85,3534
"Alex - MEGWARE NF5488A5, AMD EPYC 7713 64C 2GHz, NVIDIA A100 SXM4 80 GB, Infiniband HDR,",1/6/2024,212,MEGWARE,37696,4.03,6.08,178.97,0.02251774,0.662828947,1,1434,2111,3545,0,1,85,3534
"Alex - MEGWARE NF5488A5, AMD EPYC 7713 64C 2GHz, NVIDIA A100 SXM4 80 GB, Infiniband HDR,",1/11/2023,186,MEGWARE,37696,4.03,6.08,178.97,0.02251774,0.662828947,1,1434,2111,3545,0,1,85,3534
"Alex - MEGWARE NF5488A5, AMD EPYC 7713 64C 2GHz, NVIDIA A100 SXM4 80 GB, Infiniband HDR,",1/6/2023,157,MEGWARE,37696,4.03,6.08,178.97,0.02251774,0.662828947,1,1434,2111,3545,0,1,85,3534
"Alex - MEGWARE NF5488A5, AMD EPYC 7713 64C 2GHz, NVIDIA A100 SXM4 80 GB, Infiniband HDR,",1/11/2022,174,MEGWARE,34720,3.24,5.6,149.24,0.021709997,0.578571429,1,1434,2111,3545,0,1,85,3534
"Alex - MEGWARE NF5488A5, AMD EPYC 7713 64C 2GHz, NVIDIA A100 SXM4 80 GB, Infiniband HDR,",1/6/2022,184,MEGWARE,31744,2.94,4.99,140.72,0.020892553,0.589178357,1,1434,2111,3545,0,1,85,3534
"Deucalion - PRIMEHPC FX700, Fujitsu A64FX 48C 2GHz, InfiniBand HDR100, Rocky Linux 8.5,",1/11/2025,323,Fujitsu,78336,4.02,5.01,371.72,0.010814592,0.80239521,0,1434,2111,3545,0,1,85,3534
"Deucalion - PRIMEHPC FX700, Fujitsu A64FX 48C 2GHz, InfiniBand HDR100, Rocky Linux 8.5,",1/6/2025,297,Fujitsu,78336,3.96,5.01,365.21,0.010843077,0.790419162,0,1434,2111,3545,0,1,85,3534
"Deucalion - PRIMEHPC FX700, Fujitsu A64FX 48C 2GHz, InfiniBand HDR100, Rocky Linux 8.5,",1/11/2024,257,Fujitsu,78336,3.96,5.01,365.21,0.010843077,0.790419162,0,1434,2111,3545,0,1,85,3534
"Deucalion - PRIMEHPC FX700, Fujitsu A64FX 48C 2GHz, InfiniBand HDR100, Rocky Linux 8.5,",1/6/2024,219,Fujitsu,78336,3.96,5.01,365.21,0.010843077,0.790419162,0,1434,2111,3545,0,1,85,3534
"Raider - Penguin Altus XO1232g, AMD EPYC 7713 64C 2GHz, Infiniband HDR,",1/11/2025,324,Penguin Computing,206304,4.02,8.66,2294.598255,0,0.464203233,0,1434,2111,3545,0,1,85,3534
"Raider - Penguin Altus XO1232g, AMD EPYC 7713 64C 2GHz, Infiniband HDR,",1/6/2025,291,Penguin Computing,206304,4.02,8.66,2294.598255,0,0.464203233,0,1434,2111,3545,0,1,85,3534
"Raider - Penguin Altus XO1232g, AMD EPYC 7713 64C 2GHz, Infiniband HDR,",1/11/2024,251,Penguin Computing,206304,4.02,8.66,2294.598255,0,0.464203233,0,1434,2111,3545,0,1,85,3534
"Raider - Penguin Altus XO1232g, AMD EPYC 7713 64C 2GHz, Infiniband HDR,",1/6/2024,213,Penguin Computing,206304,4.02,8.66,2294.598255,0,0.464203233,0,1434,2111,3545,0,1,85,3534
"DGX Saturn V - NVIDIA DGX-1 Volta36, Xeon E5-2698v4 20C 2.2GHz, NVIDIA Tesla V100, Infiniband EDR,",1/11/2025,325,Nvidia,87040,4,7.41,2294.598255,0,0.539811066,1,1434,2111,3545,0,1,85,3534
"DGX Saturn V - NVIDIA DGX-1 Volta36, Xeon E5-2698v4 20C 2.2GHz, NVIDIA Tesla V100, Infiniband EDR,",1/6/2025,292,Nvidia,87040,4,7.41,2294.598255,0,0.539811066,1,1434,2111,3545,0,1,85,3534
"DGX Saturn V - NVIDIA DGX-1 Volta36, Xeon E5-2698v4 20C 2.2GHz, NVIDIA Tesla V100, Infiniband EDR,",1/11/2024,252,Nvidia,87040,4,7.41,2294.598255,0,0.539811066,1,1434,2111,3545,0,1,85,3534
"DGX Saturn V - NVIDIA DGX-1 Volta36, Xeon E5-2698v4 20C 2.2GHz, NVIDIA Tesla V100, Infiniband EDR,",1/6/2024,214,Nvidia,87040,4,7.41,2294.598255,0,0.539811066,1,1434,2111,3545,0,1,85,3534
"DGX Saturn V - NVIDIA DGX-1 Volta36, Xeon E5-2698v4 20C 2.2GHz, NVIDIA Tesla V100, Infiniband EDR,",1/11/2023,187,Nvidia,87040,4,7.41,2294.598255,0,0.539811066,1,1434,2111,3545,0,1,85,3534
"DGX Saturn V - NVIDIA DGX-1 Volta36, Xeon E5-2698v4 20C 2.2GHz, NVIDIA Tesla V100, Infiniband EDR,",1/6/2023,158,Nvidia,87040,4,7.41,2294.598255,0,0.539811066,1,1434,2111,3545,0,1,85,3534
"DGX Saturn V - NVIDIA DGX-1 Volta36, Xeon E5-2698v4 20C 2.2GHz, NVIDIA Tesla V100, Infiniband EDR,",1/11/2022,136,Nvidia,87040,4,7.41,2294.598255,0,0.539811066,1,1434,2111,3545,0,1,85,3534
"DGX Saturn V - NVIDIA DGX-1 Volta36, Xeon E5-2698v4 20C 2.2GHz, NVIDIA Tesla V100, Infiniband EDR,",1/6/2022,127,Nvidia,87040,4,7.41,2294.598255,0,0.539811066,1,1434,2111,3545,0,1,85,3534
"DGX Saturn V - NVIDIA DGX-1 Volta36, Xeon E5-2698v4 20C 2.2GHz, NVIDIA Tesla V100, Infiniband EDR,",1/11/2021,116,Nvidia,87040,4,7.41,2294.598255,0,0.539811066,1,1434,2111,3545,0,1,85,3534
"DGX Saturn V - NVIDIA DGX-1 Volta36, Xeon E5-2698v4 20C 2.2GHz, NVIDIA Tesla V100, Infiniband EDR,",1/6/2021,123,Nvidia,60512,3.31,4.9,349.5,0.009470672,0.675510204,1,1434,2111,3545,0,1,85,3534
"DGX Saturn V - NVIDIA DGX-1 Volta36, Xeon E5-2698v4 20C 2.2GHz, NVIDIA Tesla V100, Infiniband EDR,",1/11/2020,92,Nvidia,60512,3.31,4.9,349.5,0.009470672,0.675510204,1,1434,2111,3545,0,1,85,3534
"DGX Saturn V - NVIDIA DGX-1 Volta36, Xeon E5-2698v4 20C 2.2GHz, NVIDIA Tesla V100, Infiniband EDR,",1/6/2020,77,Nvidia,60512,3.31,4.9,349.5,0.009470672,0.675510204,1,1434,2111,3545,0,1,85,3534
"DGX Saturn V - NVIDIA DGX-1 Volta36, Xeon E5-2698v4 20C 2.2GHz, NVIDIA Tesla V100, Infiniband EDR,",1/11/2019,67,Nvidia,60512,3.31,4.9,349.5,0.009470672,0.675510204,1,1434,2111,3545,0,1,85,3534
"DGX Saturn V - NVIDIA DGX-1 Volta36, Xeon E5-2698v4 20C 2.2GHz, NVIDIA Tesla V100, Infiniband EDR,",1/6/2019,61,Nvidia,60512,3.31,4.9,349.5,0.009470672,0.675510204,1,1434,2111,3545,0,1,85,3534
"DGX Saturn V - NVIDIA DGX-1 Volta36, Xeon E5-2698v4 20C 2.2GHz, NVIDIA Tesla V100, Infiniband EDR,",1/11/2018,51,Nvidia,60512,3.31,4.9,349.5,0.009470672,0.675510204,1,1434,2111,3545,0,1,85,3534
"DGX Saturn V - NVIDIA DGX-1 Volta36, Xeon E5-2698v4 20C 2.2GHz, NVIDIA Tesla V100, Infiniband EDR,",1/6/2018,46,Nvidia,60512,3.31,4.9,349.5,0.009470672,0.675510204,1,1434,2111,3545,0,1,85,3534
"DGX Saturn V - NVIDIA DGX-1 Volta36, Xeon E5-2698v4 20C 2.2GHz, NVIDIA Tesla V100, Infiniband EDR,",1/11/2017,37,Nvidia,60512,3.31,4.9,349.5,0.009470672,0.675510204,1,1434,2111,3545,0,1,85,3534
"DGX Saturn V - NVIDIA DGX-1 Volta36, Xeon E5-2698v4 20C 2.2GHz, NVIDIA Tesla V100, Infiniband EDR,",1/6/2017,33,Nvidia,60512,3.31,4.9,349.5,0.009470672,0.675510204,1,1434,2111,3545,0,1,85,3534
"DGX Saturn V - NVIDIA DGX-1 Volta36, Xeon E5-2698v4 20C 2.2GHz, NVIDIA Tesla V100, Infiniband EDR,",1/11/2016,29,Nvidia,60512,3.31,4.9,349.5,0.009470672,0.675510204,1,1434,2111,3545,0,1,85,3534
"NA9B - Lenovo ThinkSystem SR665 V2, AMD EPYC 7763 64C 2.45GHz, 100G Ethernet,",1/11/2025,326,Lenovo,200448,3.96,7.86,2294.598255,0,0.503816794,0,1434,2111,3545,0,1,85,3534
"NA9B - Lenovo ThinkSystem SR665 V2, AMD EPYC 7763 64C 2.45GHz, 100G Ethernet,",1/6/2025,293,Lenovo,200448,3.96,7.86,2294.598255,0,0.503816794,0,1434,2111,3545,0,1,85,3534
"NA9B - Lenovo ThinkSystem SR665 V2, AMD EPYC 7763 64C 2.45GHz, 100G Ethernet,",1/11/2024,253,Lenovo,200448,3.96,7.86,2294.598255,0,0.503816794,0,1434,2111,3545,0,1,85,3534
"NA9B - Lenovo ThinkSystem SR665 V2, AMD EPYC 7763 64C 2.45GHz, 100G Ethernet,",1/6/2024,215,Lenovo,200448,3.96,7.86,2294.598255,0,0.503816794,0,1434,2111,3545,0,1,85,3534
"NA9B - Lenovo ThinkSystem SR665 V2, AMD EPYC 7763 64C 2.45GHz, 100G Ethernet,",1/11/2023,188,Lenovo,200448,3.96,7.86,2294.598255,0,0.503816794,0,1434,2111,3545,0,1,85,3534
"NA9B - Lenovo ThinkSystem SR665 V2, AMD EPYC 7763 64C 2.45GHz, 100G Ethernet,",1/6/2023,159,Lenovo,200448,3.96,7.86,2294.598255,0,0.503816794,0,1434,2111,3545,0,1,85,3534
"NA9A - Lenovo ThinkSystem SR665 V2, AMD EPYC 7763 64C 2.45GHz, 100G Ethernet,",1/11/2025,327,Lenovo,200448,3.96,7.86,2294.598255,0,0.503816794,0,1434,2111,3545,0,1,85,3534
"NA9A - Lenovo ThinkSystem SR665 V2, AMD EPYC 7763 64C 2.45GHz, 100G Ethernet,",1/6/2025,294,Lenovo,200448,3.96,7.86,2294.598255,0,0.503816794,0,1434,2111,3545,0,1,85,3534
"NA9A - Lenovo ThinkSystem SR665 V2, AMD EPYC 7763 64C 2.45GHz, 100G Ethernet,",1/11/2024,254,Lenovo,200448,3.96,7.86,2294.598255,0,0.503816794,0,1434,2111,3545,0,1,85,3534
"NA9A - Lenovo ThinkSystem SR665 V2, AMD EPYC 7763 64C 2.45GHz, 100G Ethernet,",1/6/2024,216,Lenovo,200448,3.96,7.86,2294.598255,0,0.503816794,0,1434,2111,3545,0,1,85,3534
"NA9A - Lenovo ThinkSystem SR665 V2, AMD EPYC 7763 64C 2.45GHz, 100G Ethernet,",1/11/2023,189,Lenovo,200448,3.96,7.86,2294.598255,0,0.503816794,0,1434,2111,3545,0,1,85,3534
"NA9A - Lenovo ThinkSystem SR665 V2, AMD EPYC 7763 64C 2.45GHz, 100G Ethernet,",1/6/2023,160,Lenovo,200448,3.96,7.86,2294.598255,0,0.503816794,0,1434,2111,3545,0,1,85,3534
"NA9 - Lenovo ThinkSystem SR665 V2, AMD EPYC 7763 64C 2.45GHz, 100G Ethernet,",1/11/2025,328,Lenovo,200448,3.96,7.86,2294.598255,0,0.503816794,0,1434,2111,3545,0,1,85,3534
"NA9 - Lenovo ThinkSystem SR665 V2, AMD EPYC 7763 64C 2.45GHz, 100G Ethernet,",1/6/2025,295,Lenovo,200448,3.96,7.86,2294.598255,0,0.503816794,0,1434,2111,3545,0,1,85,3534
"NA9 - Lenovo ThinkSystem SR665 V2, AMD EPYC 7763 64C 2.45GHz, 100G Ethernet,",1/11/2024,255,Lenovo,200448,3.96,7.86,2294.598255,0,0.503816794,0,1434,2111,3545,0,1,85,3534
"NA9 - Lenovo ThinkSystem SR665 V2, AMD EPYC 7763 64C 2.45GHz, 100G Ethernet,",1/6/2024,217,Lenovo,200448,3.96,7.86,2294.598255,0,0.503816794,0,1434,2111,3545,0,1,85,3534
"NA9 - Lenovo ThinkSystem SR665 V2, AMD EPYC 7763 64C 2.45GHz, 100G Ethernet,",1/11/2023,190,Lenovo,200448,3.96,7.86,2294.598255,0,0.503816794,0,1434,2111,3545,0,1,85,3534
"NA9 - Lenovo ThinkSystem SR665 V2, AMD EPYC 7763 64C 2.45GHz, 100G Ethernet,",1/6/2023,161,Lenovo,200448,3.96,7.86,2294.598255,0,0.503816794,0,1434,2111,3545,0,1,85,3534
"NA9Z - Lenovo ThinkSystem SR665 V2, AMD EPYC 7763 64C 2.45GHz, 100G Ethernet,",1/11/2025,329,Lenovo,200448,3.96,7.86,2294.598255,0,0.503816794,0,1434,2111,3545,0,1,85,3534
"NA9Z - Lenovo ThinkSystem SR665 V2, AMD EPYC 7763 64C 2.45GHz, 100G Ethernet,",1/6/2025,296,Lenovo,200448,3.96,7.86,2294.598255,0,0.503816794,0,1434,2111,3545,0,1,85,3534
"NA9Z - Lenovo ThinkSystem SR665 V2, AMD EPYC 7763 64C 2.45GHz, 100G Ethernet,",1/11/2024,256,Lenovo,200448,3.96,7.86,2294.598255,0,0.503816794,0,1434,2111,3545,0,1,85,3534
"NA9Z - Lenovo ThinkSystem SR665 V2, AMD EPYC 7763 64C 2.45GHz, 100G Ethernet,",1/6/2024,218,Lenovo,200448,3.96,7.86,2294.598255,0,0.503816794,0,1434,2111,3545,0,1,85,3534
"NA1 - Lenovo ThinkSystem SR665 V2, AMD EPYC 7763 64C 2.45GHz, 100G Ethernet,",1/11/2025,330,Lenovo,191232,3.92,7.5,2294.598255,0,0.522666667,0,1434,2111,3545,0,1,85,3534
"NA1 - Lenovo ThinkSystem SR665 V2, AMD EPYC 7763 64C 2.45GHz, 100G Ethernet,",1/6/2025,300,Lenovo,191232,3.92,7.5,2294.598255,0,0.522666667,0,1434,2111,3545,0,1,85,3534
"NA1 - Lenovo ThinkSystem SR665 V2, AMD EPYC 7763 64C 2.45GHz, 100G Ethernet,",1/11/2024,260,Lenovo,191232,3.92,7.5,2294.598255,0,0.522666667,0,1434,2111,3545,0,1,85,3534
"NA1 - Lenovo ThinkSystem SR665 V2, AMD EPYC 7763 64C 2.45GHz, 100G Ethernet,",1/6/2024,222,Lenovo,191232,3.92,7.5,2294.598255,0,0.522666667,0,1434,2111,3545,0,1,85,3534
"NA1 - Lenovo ThinkSystem SR665 V2, AMD EPYC 7763 64C 2.45GHz, 100G Ethernet,",1/11/2023,193,Lenovo,191232,3.92,7.5,2294.598255,0,0.522666667,0,1434,2111,3545,0,1,85,3534
"NA1 - Lenovo ThinkSystem SR665 V2, AMD EPYC 7763 64C 2.45GHz, 100G Ethernet,",1/6/2023,164,Lenovo,191232,3.92,7.5,2294.598255,0,0.522666667,0,1434,2111,3545,0,1,85,3534
"Nautilus - Penguin Altus XE2214GTS, AMD EPYC 7713 64C 2GHz, NVIDIA A100, Infiniband HDR200,",1/11/2025,331,Penguin Computing,191680,3.9,8.16,2294.598255,0,0.477941176,1,1434,2111,3545,0,1,85,3534
"Nautilus - Penguin Altus XE2214GTS, AMD EPYC 7713 64C 2GHz, NVIDIA A100, Infiniband HDR200,",1/6/2025,301,Penguin Computing,191680,3.9,8.16,2294.598255,0,0.477941176,1,1434,2111,3545,0,1,85,3534
"Nautilus - Penguin Altus XE2214GTS, AMD EPYC 7713 64C 2GHz, NVIDIA A100, Infiniband HDR200,",1/11/2024,261,Penguin Computing,191680,3.9,8.16,2294.598255,0,0.477941176,1,1434,2111,3545,0,1,85,3534
"Nautilus - Penguin Altus XE2214GTS, AMD EPYC 7713 64C 2GHz, NVIDIA A100, Infiniband HDR200,",1/6/2024,223,Penguin Computing,191680,3.9,8.16,2294.598255,0,0.477941176,1,1434,2111,3545,0,1,85,3534
"Nautilus - Penguin Altus XE2214GTS, AMD EPYC 7713 64C 2GHz, NVIDIA A100, Infiniband HDR200,",1/11/2023,194,Penguin Computing,191680,3.9,8.16,2294.598255,0,0.477941176,1,1434,2111,3545,0,1,85,3534
"Spartan GPU Partitions - PowerEdge R750XA, Intel Xeon Platinum 8462Y+ 32C 2.8GHz, NVIDIA H100 PCIe 80GB, 100G Ethernet, RHEL 7.4,",1/11/2025,332,DELL,50752,3.86,4.51,2294.598255,0,0.855875831,1,1434,2111,3545,0,1,85,3534
"Spartan GPU Partitions - PowerEdge R750XA, Intel Xeon Platinum 8462Y+ 32C 2.8GHz, NVIDIA H100 PCIe 80GB, 100G Ethernet, RHEL 7.4,",1/6/2025,302,DELL,50752,3.86,4.51,2294.598255,0,0.855875831,1,1434,2111,3545,0,1,85,3534
"Spartan GPU Partitions - PowerEdge R750XA, Intel Xeon Platinum 8462Y+ 32C 2.8GHz, NVIDIA H100 PCIe 80GB, 100G Ethernet, RHEL 7.4,",1/11/2024,262,DELL,50752,3.86,4.51,2294.598255,0,0.855875831,1,1434,2111,3545,0,1,85,3534
"Spartan GPU Partitions - PowerEdge R750XA, Intel Xeon Platinum 8462Y+ 32C 2.8GHz, NVIDIA H100 PCIe 80GB, 100G Ethernet, RHEL 7.4,",1/6/2024,495,DELL,33408,2.14,3.01,2294.598255,0,0.710963455,1,1434,2111,3545,0,1,85,3534
"Spartan GPU Partitions - PowerEdge R750XA, Intel Xeon Platinum 8462Y+ 32C 2.8GHz, NVIDIA H100 PCIe 80GB, 100G Ethernet, RHEL 7.4,",1/11/2023,453,DELL,33408,2.14,3.01,2294.598255,0,0.710963455,1,1434,2111,3545,0,1,85,3534
"Gemini - PowerEdge XE8545, AMD EPYC 74F3 24C 3.2GHz, NVIDIA A100, Infiniband,",1/11/2025,333,DELL,42240,3.86,6.86,287,0.013449477,0.562682216,1,1434,2111,3545,0,1,85,3534
"Gemini - PowerEdge XE8545, AMD EPYC 74F3 24C 3.2GHz, NVIDIA A100, Infiniband,",1/6/2025,303,DELL,42240,3.86,6.86,287,0.013449477,0.562682216,1,1434,2111,3545,0,1,85,3534
"Gemini - PowerEdge XE8545, AMD EPYC 74F3 24C 3.2GHz, NVIDIA A100, Infiniband,",1/11/2024,263,DELL,42240,3.86,6.86,287,0.013449477,0.562682216,1,1434,2111,3545,0,1,85,3534
"Gemini - PowerEdge XE8545, AMD EPYC 74F3 24C 3.2GHz, NVIDIA A100, Infiniband,",1/6/2024,225,DELL,42240,3.86,6.86,287,0.013449477,0.562682216,1,1434,2111,3545,0,1,85,3534
"Gemini - PowerEdge XE8545, AMD EPYC 74F3 24C 3.2GHz, NVIDIA A100, Infiniband,",1/11/2023,196,DELL,42240,3.86,6.86,287,0.013449477,0.562682216,1,1434,2111,3545,0,1,85,3534
"Gemini - PowerEdge XE8545, AMD EPYC 74F3 24C 3.2GHz, NVIDIA A100, Infiniband,",1/6/2023,165,DELL,42240,3.86,6.86,287,0.013449477,0.562682216,1,1434,2111,3545,0,1,85,3534
"SSC-24 Energy Module - HPE Cray XD670, Xeon Gold 6430 32C 2.1GHz, NVIDIA H100 SXM5 80GB, Infiniband NDR400, RHEL 9.2,",1/11/2025,334,HPE,11200,3.82,4.84,68.98,0.055378371,0.789256198,1,1434,2111,3545,0,1,85,3534
"SSC-24 Energy Module - HPE Cray XD670, Xeon Gold 6430 32C 2.1GHz, NVIDIA H100 SXM5 80GB, Infiniband NDR400, RHEL 9.2,",1/6/2025,304,HPE,11200,3.82,4.84,68.98,0.055378371,0.789256198,1,1434,2111,3545,0,1,85,3534
"VEGA HPC CPU - BullSequana XH2000, AMD EPYC 7H12 64C 2.6GHz, Mellanox InfiniBand HDR100,",1/11/2025,335,EVIDEN,122880,3.82,5.37,2294.598255,0,0.711359404,0,1434,2111,3545,0,1,85,3534
"VEGA HPC CPU - BullSequana XH2000, AMD EPYC 7H12 64C 2.6GHz, Mellanox InfiniBand HDR100,",1/6/2025,305,EVIDEN,122880,3.82,5.37,2294.598255,0,0.711359404,0,1434,2111,3545,0,1,85,3534
"VEGA HPC CPU - BullSequana XH2000, AMD EPYC 7H12 64C 2.6GHz, Mellanox InfiniBand HDR100,",1/11/2024,264,EVIDEN,122880,3.82,5.37,2294.598255,0,0.711359404,0,1434,2111,3545,0,1,85,3534
"VEGA HPC CPU - BullSequana XH2000, AMD EPYC 7H12 64C 2.6GHz, Mellanox InfiniBand HDR100,",1/6/2024,226,EVIDEN,122880,3.82,5.37,2294.598255,0,0.711359404,0,1434,2111,3545,0,1,85,3534
"VEGA HPC CPU - BullSequana XH2000, AMD EPYC 7H12 64C 2.6GHz, Mellanox InfiniBand HDR100,",1/11/2023,197,EVIDEN,122880,3.82,5.37,2294.598255,0,0.711359404,0,1434,2111,3545,0,1,85,3534
"VEGA HPC CPU - BullSequana XH2000, AMD EPYC 7H12 64C 2.6GHz, Mellanox InfiniBand HDR100,",1/6/2023,166,EVIDEN,122880,3.82,5.37,2294.598255,0,0.711359404,0,1434,2111,3545,0,1,85,3534
"VEGA HPC CPU - BullSequana XH2000, AMD EPYC 7H12 64C 2.6GHz, Mellanox InfiniBand HDR100,",1/11/2022,140,EVIDEN,122880,3.82,5.37,2294.598255,0,0.711359404,0,1434,2111,3545,0,1,85,3534
"VEGA HPC CPU - BullSequana XH2000, AMD EPYC 7H12 64C 2.6GHz, Mellanox InfiniBand HDR100,",1/6/2022,131,EVIDEN,122880,3.82,5.37,2294.598255,0,0.711359404,0,1434,2111,3545,0,1,85,3534
"VEGA HPC CPU - BullSequana XH2000, AMD EPYC 7H12 64C 2.6GHz, Mellanox InfiniBand HDR100,",1/11/2021,120,EVIDEN,122880,3.82,5.37,2294.598255,0,0.711359404,0,1434,2111,3545,0,1,85,3534
"VEGA HPC CPU - BullSequana XH2000, AMD EPYC 7H12 64C 2.6GHz, Mellanox InfiniBand HDR100,",1/6/2021,106,EVIDEN,122880,3.82,5.37,2294.598255,0,0.711359404,0,1434,2111,3545,0,1,85,3534
"Delta - Apollo 6500, AMD EPYC 7763 64C 2.45GHz, NVIDIA A100, Slingshot-10,",1/11/2025,336,HPE,49600,3.81,8.05,2294.598255,0,0.473291925,1,1434,2111,3545,0,1,85,3534
"Delta - Apollo 6500, AMD EPYC 7763 64C 2.45GHz, NVIDIA A100, Slingshot-10,",1/6/2025,306,HPE,49600,3.81,8.05,2294.598255,0,0.473291925,1,1434,2111,3545,0,1,85,3534
"Delta - Apollo 6500, AMD EPYC 7763 64C 2.45GHz, NVIDIA A100, Slingshot-10,",1/11/2024,265,HPE,49600,3.81,8.05,2294.598255,0,0.473291925,1,1434,2111,3545,0,1,85,3534
"Delta - Apollo 6500, AMD EPYC 7763 64C 2.45GHz, NVIDIA A100, Slingshot-10,",1/6/2024,227,HPE,49600,3.81,8.05,2294.598255,0,0.473291925,1,1434,2111,3545,0,1,85,3534
"Delta - Apollo 6500, AMD EPYC 7763 64C 2.45GHz, NVIDIA A100, Slingshot-10,",1/11/2023,198,HPE,49600,3.81,8.05,2294.598255,0,0.473291925,1,1434,2111,3545,0,1,85,3534
"Delta - Apollo 6500, AMD EPYC 7763 64C 2.45GHz, NVIDIA A100, Slingshot-10,",1/6/2023,167,HPE,49600,3.81,8.05,2294.598255,0,0.473291925,1,1434,2111,3545,0,1,85,3534
"Delta - Apollo 6500, AMD EPYC 7763 64C 2.45GHz, NVIDIA A100, Slingshot-10,",1/11/2022,141,HPE,49600,3.81,8.05,2294.598255,0,0.473291925,1,1434,2111,3545,0,1,85,3534
"hotlum - HPE Cray EX, AMD EPYC 7763 64C 2.45GHz, Slingshot-11,",1/11/2025,337,HPE,116736,3.81,4.58,2294.598255,0,0.831877729,0,1434,2111,3545,0,1,85,3534
"hotlum - HPE Cray EX, AMD EPYC 7763 64C 2.45GHz, Slingshot-11,",1/6/2025,307,HPE,116736,3.81,4.58,2294.598255,0,0.831877729,0,1434,2111,3545,0,1,85,3534
"hotlum - HPE Cray EX, AMD EPYC 7763 64C 2.45GHz, Slingshot-11,",1/11/2024,266,HPE,116736,3.81,4.58,2294.598255,0,0.831877729,0,1434,2111,3545,0,1,85,3534
"hotlum - HPE Cray EX, AMD EPYC 7763 64C 2.45GHz, Slingshot-11,",1/6/2024,228,HPE,116736,3.81,4.58,2294.598255,0,0.831877729,0,1434,2111,3545,0,1,85,3534
"hotlum - HPE Cray EX, AMD EPYC 7763 64C 2.45GHz, Slingshot-11,",1/11/2023,199,HPE,116736,3.81,4.58,2294.598255,0,0.831877729,0,1434,2111,3545,0,1,85,3534
"hotlum - HPE Cray EX, AMD EPYC 7763 64C 2.45GHz, Slingshot-11,",1/6/2023,168,HPE,116736,3.81,4.58,2294.598255,0,0.831877729,0,1434,2111,3545,0,1,85,3534
"hotlum - HPE Cray EX, AMD EPYC 7763 64C 2.45GHz, Slingshot-11,",1/11/2022,142,HPE,116736,3.81,4.58,2294.598255,0,0.831877729,0,1434,2111,3545,0,1,85,3534
"Pratyush - Cray XC40, Xeon E5-2695v4 18C 2.1GHz, Aries interconnect,",1/11/2025,338,Cray/HPE,119232,3.76,4.01,1353.23,0.002778537,0.93765586,0,1434,2111,3545,0,1,85,3534
"Pratyush - Cray XC40, Xeon E5-2695v4 18C 2.1GHz, Aries interconnect,",1/6/2025,308,Cray/HPE,119232,3.76,4.01,1353.23,0.002778537,0.93765586,0,1434,2111,3545,0,1,85,3534
"Pratyush - Cray XC40, Xeon E5-2695v4 18C 2.1GHz, Aries interconnect,",1/11/2024,268,Cray/HPE,119232,3.76,4.01,1353.23,0.002778537,0.93765586,0,1434,2111,3545,0,1,85,3534
"Pratyush - Cray XC40, Xeon E5-2695v4 18C 2.1GHz, Aries interconnect,",1/6/2024,230,Cray/HPE,119232,3.76,4.01,1353.23,0.002778537,0.93765586,0,1434,2111,3545,0,1,85,3534
"Pratyush - Cray XC40, Xeon E5-2695v4 18C 2.1GHz, Aries interconnect,",1/11/2023,200,Cray/HPE,119232,3.76,4.01,1353.23,0.002778537,0.93765586,0,1434,2111,3545,0,1,85,3534
"Pratyush - Cray XC40, Xeon E5-2695v4 18C 2.1GHz, Aries interconnect,",1/6/2023,169,Cray/HPE,119232,3.76,4.01,1353.23,0.002778537,0.93765586,0,1434,2111,3545,0,1,85,3534
"Pratyush - Cray XC40, Xeon E5-2695v4 18C 2.1GHz, Aries interconnect,",1/11/2022,143,Cray/HPE,119232,3.76,4.01,1353.23,0.002778537,0.93765586,0,1434,2111,3545,0,1,85,3534
"Pratyush - Cray XC40, Xeon E5-2695v4 18C 2.1GHz, Aries interconnect,",1/6/2022,132,Cray/HPE,119232,3.76,4.01,1353.23,0.002778537,0.93765586,0,1434,2111,3545,0,1,85,3534
"Pratyush - Cray XC40, Xeon E5-2695v4 18C 2.1GHz, Aries interconnect,",1/11/2021,121,Cray/HPE,119232,3.76,4.01,1353.23,0.002778537,0.93765586,0,1434,2111,3545,0,1,85,3534
"Pratyush - Cray XC40, Xeon E5-2695v4 18C 2.1GHz, Aries interconnect,",1/6/2021,107,Cray/HPE,119232,3.76,4.01,1353.23,0.002778537,0.93765586,0,1434,2111,3545,0,1,85,3534
"Pratyush - Cray XC40, Xeon E5-2695v4 18C 2.1GHz, Aries interconnect,",1/11/2020,77,Cray/HPE,119232,3.76,4.01,1353.23,0.002778537,0.93765586,0,1434,2111,3545,0,1,85,3534
"Pratyush - Cray XC40, Xeon E5-2695v4 18C 2.1GHz, Aries interconnect,",1/6/2020,66,Cray/HPE,119232,3.76,4.01,1353.23,0.002778537,0.93765586,0,1434,2111,3545,0,1,85,3534
"Pratyush - Cray XC40, Xeon E5-2695v4 18C 2.1GHz, Aries interconnect,",1/11/2019,57,Cray/HPE,119232,3.76,4.01,1353.23,0.002778537,0.93765586,0,1434,2111,3545,0,1,85,3534
"Pratyush - Cray XC40, Xeon E5-2695v4 18C 2.1GHz, Aries interconnect,",1/6/2019,53,Cray/HPE,119232,3.76,4.01,1353.23,0.002778537,0.93765586,0,1434,2111,3545,0,1,85,3534
"Pratyush - Cray XC40, Xeon E5-2695v4 18C 2.1GHz, Aries interconnect,",1/11/2018,45,Cray/HPE,119232,3.76,4.01,1353.23,0.002778537,0.93765586,0,1434,2111,3545,0,1,85,3534
"Pratyush - Cray XC40, Xeon E5-2695v4 18C 2.1GHz, Aries interconnect,",1/6/2018,39,Cray/HPE,119232,3.76,4.01,1353.23,0.002778537,0.93765586,0,1434,2111,3545,0,1,85,3534
"Apollo 6500 XL270d Gen10, Xeon Gold 6150/6152 18C 2.7GHz, Mellanox InfiniBand EDR, NVIDIA Tesla V100 SXM2,",1/11/2025,339,HPE,65208,3.71,5.37,2294.598255,0,0.690875233,1,1434,2111,3545,0,1,85,3534
"Apollo 6500 XL270d Gen10, Xeon Gold 6150/6152 18C 2.7GHz, Mellanox InfiniBand EDR, NVIDIA Tesla V100 SXM2,",1/6/2025,309,HPE,65208,3.71,5.37,2294.598255,0,0.690875233,1,1434,2111,3545,0,1,85,3534
"Apollo 6500 XL270d Gen10, Xeon Gold 6150/6152 18C 2.7GHz, Mellanox InfiniBand EDR, NVIDIA Tesla V100 SXM2,",1/11/2024,269,HPE,65208,3.71,5.37,2294.598255,0,0.690875233,1,1434,2111,3545,0,1,85,3534
"Apollo 6500 XL270d Gen10, Xeon Gold 6150/6152 18C 2.7GHz, Mellanox InfiniBand EDR, NVIDIA Tesla V100 SXM2,",1/6/2024,231,HPE,65208,3.71,5.37,2294.598255,0,0.690875233,1,1434,2111,3545,0,1,85,3534
"Apollo 6500 XL270d Gen10, Xeon Gold 6150/6152 18C 2.7GHz, Mellanox InfiniBand EDR, NVIDIA Tesla V100 SXM2,",1/11/2023,201,HPE,65208,3.71,5.37,2294.598255,0,0.690875233,1,1434,2111,3545,0,1,85,3534
"Apollo 6500 XL270d Gen10, Xeon Gold 6150/6152 18C 2.7GHz, Mellanox InfiniBand EDR, NVIDIA Tesla V100 SXM2,",1/6/2023,170,HPE,65208,3.71,5.37,2294.598255,0,0.690875233,1,1434,2111,3545,0,1,85,3534
"Apollo 6500 XL270d Gen10, Xeon Gold 6150/6152 18C 2.7GHz, Mellanox InfiniBand EDR, NVIDIA Tesla V100 SXM2,",1/11/2022,144,HPE,65208,3.71,5.37,2294.598255,0,0.690875233,1,1434,2111,3545,0,1,85,3534
"Apollo 6500 XL270d Gen10, Xeon Gold 6150/6152 18C 2.7GHz, Mellanox InfiniBand EDR, NVIDIA Tesla V100 SXM2,",1/6/2022,133,HPE,65208,3.71,5.37,2294.598255,0,0.690875233,1,1434,2111,3545,0,1,85,3534
"Apollo 6500 XL270d Gen10, Xeon Gold 6150/6152 18C 2.7GHz, Mellanox InfiniBand EDR, NVIDIA Tesla V100 SXM2,",1/11/2021,122,HPE,65208,3.71,5.37,2294.598255,0,0.690875233,1,1434,2111,3545,0,1,85,3534
"Apollo 6500 XL270d Gen10, Xeon Gold 6150/6152 18C 2.7GHz, Mellanox InfiniBand EDR, NVIDIA Tesla V100 SXM2,",1/6/2021,108,HPE,65208,3.71,5.37,2294.598255,0,0.690875233,1,1434,2111,3545,0,1,85,3534
"Apollo 6500 XL270d Gen10, Xeon Gold 6150/6152 18C 2.7GHz, Mellanox InfiniBand EDR, NVIDIA Tesla V100 SXM2,",1/11/2020,78,HPE,65208,3.71,5.37,2294.598255,0,0.690875233,1,1434,2111,3545,0,1,85,3534
"Apollo 6500 XL270d Gen10, Xeon Gold 6150/6152 18C 2.7GHz, Mellanox InfiniBand EDR, NVIDIA Tesla V100 SXM2,",1/6/2020,67,HPE,65208,3.71,5.37,2294.598255,0,0.690875233,1,1434,2111,3545,0,1,85,3534
"Apollo 6500 XL270d Gen10, Xeon Gold 6150/6152 18C 2.7GHz, Mellanox InfiniBand EDR, NVIDIA Tesla V100 SXM2,",1/11/2019,58,HPE,65208,3.71,5.37,2294.598255,0,0.690875233,1,1434,2111,3545,0,1,85,3534
"Apollo 6500 XL270d Gen10, Xeon Gold 6150/6152 18C 2.7GHz, Mellanox InfiniBand EDR, NVIDIA Tesla V100 SXM2,",1/6/2019,54,HPE,65208,3.71,5.37,2294.598255,0,0.690875233,1,1434,2111,3545,0,1,85,3534
"Orion - PowerEdge C6420, Xeon Gold 6148 20C 2.4GHz, Infiniband HDR,",1/11/2025,340,DELL,70560,3.67,5.42,2294.598255,0,0.677121771,0,1434,2111,3545,0,1,85,3534
"Orion - PowerEdge C6420, Xeon Gold 6148 20C 2.4GHz, Infiniband HDR,",1/6/2025,311,DELL,70560,3.67,5.42,2294.598255,0,0.677121771,0,1434,2111,3545,0,1,85,3534
"Orion - PowerEdge C6420, Xeon Gold 6148 20C 2.4GHz, Infiniband HDR,",1/11/2024,271,DELL,70560,3.67,5.42,2294.598255,0,0.677121771,0,1434,2111,3545,0,1,85,3534
"Orion - PowerEdge C6420, Xeon Gold 6148 20C 2.4GHz, Infiniband HDR,",1/6/2024,233,DELL,70560,3.67,5.42,2294.598255,0,0.677121771,0,1434,2111,3545,0,1,85,3534
"Orion - PowerEdge C6420, Xeon Gold 6148 20C 2.4GHz, Infiniband HDR,",1/11/2023,203,DELL,70560,3.67,5.42,2294.598255,0,0.677121771,0,1434,2111,3545,0,1,85,3534
"Orion - PowerEdge C6420, Xeon Gold 6148 20C 2.4GHz, Infiniband HDR,",1/6/2023,172,DELL,70560,3.67,5.42,2294.598255,0,0.677121771,0,1434,2111,3545,0,1,85,3534
"Orion - PowerEdge C6420, Xeon Gold 6148 20C 2.4GHz, Infiniband HDR,",1/11/2022,146,DELL,70560,3.67,5.42,2294.598255,0,0.677121771,0,1434,2111,3545,0,1,85,3534
"Orion - PowerEdge C6420, Xeon Gold 6148 20C 2.4GHz, Infiniband HDR,",1/6/2022,136,DELL,70560,3.67,5.42,2294.598255,0,0.677121771,0,1434,2111,3545,0,1,85,3534
"Orion - PowerEdge C6420, Xeon Gold 6148 20C 2.4GHz, Infiniband HDR,",1/11/2021,124,DELL,70560,3.67,5.42,2294.598255,0,0.677121771,0,1434,2111,3545,0,1,85,3534
"Orion - PowerEdge C6420, Xeon Gold 6148 20C 2.4GHz, Infiniband HDR,",1/6/2021,110,DELL,70560,3.67,5.42,2294.598255,0,0.677121771,0,1434,2111,3545,0,1,85,3534
"Orion - PowerEdge C6420, Xeon Gold 6148 20C 2.4GHz, Infiniband HDR,",1/11/2020,80,DELL,70560,3.67,5.42,2294.598255,0,0.677121771,0,1434,2111,3545,0,1,85,3534
"Orion - PowerEdge C6420, Xeon Gold 6148 20C 2.4GHz, Infiniband HDR,",1/6/2020,68,DELL,70560,3.67,5.42,2294.598255,0,0.677121771,0,1434,2111,3545,0,1,85,3534
"Orion - PowerEdge C6420, Xeon Gold 6148 20C 2.4GHz, Infiniband HDR,",1/11/2019,60,DELL,70560,3.67,5.42,2294.598255,0,0.677121771,0,1434,2111,3545,0,1,85,3534
"Orion - PowerEdge C6420, Xeon Gold 6148 20C 2.4GHz, Infiniband HDR,",1/6/2019,62,DELL,67240,3.29,4.73,2294.598255,0,0.695560254,0,1434,2111,3545,0,1,85,3534
"IARA - NVIDIA DGX A100, AMD EPYC 7742 64C 2.25GHz, NVIDIA A100 SXM4 40 GB, Infiniband,",1/11/2025,341,Nvidia,24800,3.66,4.13,2294.598255,0,0.886198547,1,1434,2111,3545,0,1,85,3534
"IARA - NVIDIA DGX A100, AMD EPYC 7742 64C 2.25GHz, NVIDIA A100 SXM4 40 GB, Infiniband,",1/6/2025,312,Nvidia,24800,3.66,4.13,2294.598255,0,0.886198547,1,1434,2111,3545,0,1,85,3534
"IARA - NVIDIA DGX A100, AMD EPYC 7742 64C 2.25GHz, NVIDIA A100 SXM4 40 GB, Infiniband,",1/11/2024,272,Nvidia,24800,3.66,4.13,2294.598255,0,0.886198547,1,1434,2111,3545,0,1,85,3534
"IARA - NVIDIA DGX A100, AMD EPYC 7742 64C 2.25GHz, NVIDIA A100 SXM4 40 GB, Infiniband,",1/6/2024,234,Nvidia,24800,3.66,4.13,2294.598255,0,0.886198547,1,1434,2111,3545,0,1,85,3534
"IARA - NVIDIA DGX A100, AMD EPYC 7742 64C 2.25GHz, NVIDIA A100 SXM4 40 GB, Infiniband,",1/11/2023,204,Nvidia,24800,3.66,4.13,2294.598255,0,0.886198547,1,1434,2111,3545,0,1,85,3534
"IARA - NVIDIA DGX A100, AMD EPYC 7742 64C 2.25GHz, NVIDIA A100 SXM4 40 GB, Infiniband,",1/6/2023,173,Nvidia,24800,3.66,4.13,2294.598255,0,0.886198547,1,1434,2111,3545,0,1,85,3534
"IARA - NVIDIA DGX A100, AMD EPYC 7742 64C 2.25GHz, NVIDIA A100 SXM4 40 GB, Infiniband,",1/11/2022,147,Nvidia,24800,3.66,4.13,2294.598255,0,0.886198547,1,1434,2111,3545,0,1,85,3534
"IARA - NVIDIA DGX A100, AMD EPYC 7742 64C 2.25GHz, NVIDIA A100 SXM4 40 GB, Infiniband,",1/6/2022,137,Nvidia,24800,3.66,4.13,2294.598255,0,0.886198547,1,1434,2111,3545,0,1,85,3534
"IARA - NVIDIA DGX A100, AMD EPYC 7742 64C 2.25GHz, NVIDIA A100 SXM4 40 GB, Infiniband,",1/11/2021,125,Nvidia,24800,3.66,4.13,2294.598255,0,0.886198547,1,1434,2111,3545,0,1,85,3534
"IARA - NVIDIA DGX A100, AMD EPYC 7742 64C 2.25GHz, NVIDIA A100 SXM4 40 GB, Infiniband,",1/6/2021,111,Nvidia,24800,3.66,4.13,2294.598255,0,0.886198547,1,1434,2111,3545,0,1,85,3534
"ThinkSystem SD650 V2, Xeon Platinum 8358 32C 2.6GHz, Mellanox HDR Infiniband,",1/11/2025,342,Lenovo,59392,3.66,4.94,2294.598255,0,0.740890688,0,1434,2111,3545,0,1,85,3534
"ThinkSystem SD650 V2, Xeon Platinum 8358 32C 2.6GHz, Mellanox HDR Infiniband,",1/6/2025,313,Lenovo,59392,3.66,4.94,2294.598255,0,0.740890688,0,1434,2111,3545,0,1,85,3534
"ThinkSystem SD650 V2, Xeon Platinum 8358 32C 2.6GHz, Mellanox HDR Infiniband,",1/11/2024,273,Lenovo,59392,3.66,4.94,2294.598255,0,0.740890688,0,1434,2111,3545,0,1,85,3534
"ThinkSystem SD650 V2, Xeon Platinum 8358 32C 2.6GHz, Mellanox HDR Infiniband,",1/6/2024,235,Lenovo,59392,3.66,4.94,2294.598255,0,0.740890688,0,1434,2111,3545,0,1,85,3534
"ThinkSystem SD650 V2, Xeon Platinum 8358 32C 2.6GHz, Mellanox HDR Infiniband,",1/11/2023,205,Lenovo,59392,3.66,4.94,2294.598255,0,0.740890688,0,1434,2111,3545,0,1,85,3534
"ThinkSystem SD650 V2, Xeon Platinum 8358 32C 2.6GHz, Mellanox HDR Infiniband,",1/6/2023,174,Lenovo,59392,3.66,4.94,2294.598255,0,0.740890688,0,1434,2111,3545,0,1,85,3534
"ThinkSystem SD650 V2, Xeon Platinum 8358 32C 2.6GHz, Mellanox HDR Infiniband,",1/11/2022,148,Lenovo,59392,3.66,4.94,2294.598255,0,0.740890688,0,1434,2111,3545,0,1,85,3534
"ThinkSystem SD650 V2, Xeon Platinum 8358 32C 2.6GHz, Mellanox HDR Infiniband,",1/6/2022,138,Lenovo,59392,3.66,4.94,2294.598255,0,0.740890688,0,1434,2111,3545,0,1,85,3534
"ThinkSystem SD650 V2, Xeon Platinum 8358 32C 2.6GHz, Mellanox HDR Infiniband,",1/11/2021,132,Lenovo,59392,3.49,4.94,2294.598255,0,0.706477733,0,1434,2111,3545,0,1,85,3534
"Grete Phase 3 - MEGWARE GPU Server System, Xeon Platinum 8468 48C 2.1GHz, Nvidia H100 SXM5 94Gb, Infiniband HDR, Rocky Linux 8.10,",1/11/2025,343,MEGWARE,15600,3.65,6.86,79.62,0.045842753,0.532069971,1,1434,2111,3545,0,1,85,3534
"Grete Phase 3 - MEGWARE GPU Server System, Xeon Platinum 8468 48C 2.1GHz, Nvidia H100 SXM5 94Gb, Infiniband HDR, Rocky Linux 8.10,",1/6/2025,314,MEGWARE,15600,3.65,6.86,79.62,0.045842753,0.532069971,1,1434,2111,3545,0,1,85,3534
"Grete Phase 3 - MEGWARE GPU Server System, Xeon Platinum 8468 48C 2.1GHz, Nvidia H100 SXM5 94Gb, Infiniband HDR, Rocky Linux 8.10,",1/11/2024,274,MEGWARE,15600,3.65,6.86,79.62,0.045842753,0.532069971,1,1434,2111,3545,0,1,85,3534
"NA10B - Lenovo ThinkSystem SR665 V2, AMD EPYC 7763 64C 2.45GHz, 100G Ethernet,",1/11/2025,344,Lenovo,184320,3.64,7.23,2294.598255,0,0.503457815,0,1434,2111,3545,0,1,85,3534
"NA10B - Lenovo ThinkSystem SR665 V2, AMD EPYC 7763 64C 2.45GHz, 100G Ethernet,",1/6/2025,315,Lenovo,184320,3.64,7.23,2294.598255,0,0.503457815,0,1434,2111,3545,0,1,85,3534
"NA10B - Lenovo ThinkSystem SR665 V2, AMD EPYC 7763 64C 2.45GHz, 100G Ethernet,",1/11/2024,275,Lenovo,184320,3.64,7.23,2294.598255,0,0.503457815,0,1434,2111,3545,0,1,85,3534
"NA10B - Lenovo ThinkSystem SR665 V2, AMD EPYC 7763 64C 2.45GHz, 100G Ethernet,",1/6/2024,236,Lenovo,184320,3.64,7.23,2294.598255,0,0.503457815,0,1434,2111,3545,0,1,85,3534
"NA10B - Lenovo ThinkSystem SR665 V2, AMD EPYC 7763 64C 2.45GHz, 100G Ethernet,",1/11/2023,206,Lenovo,184320,3.64,7.23,2294.598255,0,0.503457815,0,1434,2111,3545,0,1,85,3534
"NA10A - Lenovo ThinkSystem SR665 V2, AMD EPYC 7763 64C 2.45GHz, 100G Ethernet,",1/11/2025,345,Lenovo,184320,3.64,7.23,2294.598255,0,0.503457815,0,1434,2111,3545,0,1,85,3534
"NA10A - Lenovo ThinkSystem SR665 V2, AMD EPYC 7763 64C 2.45GHz, 100G Ethernet,",1/6/2025,316,Lenovo,184320,3.64,7.23,2294.598255,0,0.503457815,0,1434,2111,3545,0,1,85,3534
"NA10A - Lenovo ThinkSystem SR665 V2, AMD EPYC 7763 64C 2.45GHz, 100G Ethernet,",1/11/2024,276,Lenovo,184320,3.64,7.23,2294.598255,0,0.503457815,0,1434,2111,3545,0,1,85,3534
"NA10A - Lenovo ThinkSystem SR665 V2, AMD EPYC 7763 64C 2.45GHz, 100G Ethernet,",1/6/2024,237,Lenovo,184320,3.64,7.23,2294.598255,0,0.503457815,0,1434,2111,3545,0,1,85,3534
"NA10A - Lenovo ThinkSystem SR665 V2, AMD EPYC 7763 64C 2.45GHz, 100G Ethernet,",1/11/2023,207,Lenovo,184320,3.64,7.23,2294.598255,0,0.503457815,0,1434,2111,3545,0,1,85,3534
"NA10 - Lenovo ThinkSystem SR665 V2, AMD EPYC 7763 64C 2.45GHz, 100G Ethernet,",1/11/2025,346,Lenovo,184320,3.64,7.23,2294.598255,0,0.503457815,0,1434,2111,3545,0,1,85,3534
"NA10 - Lenovo ThinkSystem SR665 V2, AMD EPYC 7763 64C 2.45GHz, 100G Ethernet,",1/6/2025,317,Lenovo,184320,3.64,7.23,2294.598255,0,0.503457815,0,1434,2111,3545,0,1,85,3534
"NA10 - Lenovo ThinkSystem SR665 V2, AMD EPYC 7763 64C 2.45GHz, 100G Ethernet,",1/11/2024,277,Lenovo,184320,3.64,7.23,2294.598255,0,0.503457815,0,1434,2111,3545,0,1,85,3534
"NA10 - Lenovo ThinkSystem SR665 V2, AMD EPYC 7763 64C 2.45GHz, 100G Ethernet,",1/6/2024,238,Lenovo,184320,3.64,7.23,2294.598255,0,0.503457815,0,1434,2111,3545,0,1,85,3534
"NA10 - Lenovo ThinkSystem SR665 V2, AMD EPYC 7763 64C 2.45GHz, 100G Ethernet,",1/11/2023,208,Lenovo,184320,3.64,7.23,2294.598255,0,0.503457815,0,1434,2111,3545,0,1,85,3534
"Joule 2.0 - HP ProLiant XL170r/XL190r/DL360 Gen10, Xeon Gold 6148 20C 2.4GHz, Intel Omni-Path, NVIDIA Tesla P100,",1/11/2025,347,HPE,86400,3.61,5.75,2294.598255,0,0.627826087,1,1434,2111,3545,0,1,85,3534
"Joule 2.0 - HP ProLiant XL170r/XL190r/DL360 Gen10, Xeon Gold 6148 20C 2.4GHz, Intel Omni-Path, NVIDIA Tesla P100,",1/6/2025,318,HPE,86400,3.61,5.75,2294.598255,0,0.627826087,1,1434,2111,3545,0,1,85,3534
"Joule 2.0 - HP ProLiant XL170r/XL190r/DL360 Gen10, Xeon Gold 6148 20C 2.4GHz, Intel Omni-Path, NVIDIA Tesla P100,",1/11/2024,278,HPE,86400,3.61,5.75,2294.598255,0,0.627826087,1,1434,2111,3545,0,1,85,3534
"Joule 2.0 - HP ProLiant XL170r/XL190r/DL360 Gen10, Xeon Gold 6148 20C 2.4GHz, Intel Omni-Path, NVIDIA Tesla P100,",1/6/2024,239,HPE,86400,3.61,5.75,2294.598255,0,0.627826087,1,1434,2111,3545,0,1,85,3534
"Joule 2.0 - HP ProLiant XL170r/XL190r/DL360 Gen10, Xeon Gold 6148 20C 2.4GHz, Intel Omni-Path, NVIDIA Tesla P100,",1/11/2023,209,HPE,86400,3.61,5.75,2294.598255,0,0.627826087,1,1434,2111,3545,0,1,85,3534
"Joule 2.0 - HP ProLiant XL170r/XL190r/DL360 Gen10, Xeon Gold 6148 20C 2.4GHz, Intel Omni-Path, NVIDIA Tesla P100,",1/6/2023,175,HPE,86400,3.61,5.75,2294.598255,0,0.627826087,1,1434,2111,3545,0,1,85,3534
"Joule 2.0 - HP ProLiant XL170r/XL190r/DL360 Gen10, Xeon Gold 6148 20C 2.4GHz, Intel Omni-Path, NVIDIA Tesla P100,",1/11/2022,149,HPE,86400,3.61,5.75,2294.598255,0,0.627826087,1,1434,2111,3545,0,1,85,3534
"Joule 2.0 - HP ProLiant XL170r/XL190r/DL360 Gen10, Xeon Gold 6148 20C 2.4GHz, Intel Omni-Path, NVIDIA Tesla P100,",1/6/2022,139,HPE,86400,3.61,5.75,2294.598255,0,0.627826087,1,1434,2111,3545,0,1,85,3534
"Joule 2.0 - HP ProLiant XL170r/XL190r/DL360 Gen10, Xeon Gold 6148 20C 2.4GHz, Intel Omni-Path, NVIDIA Tesla P100,",1/11/2021,126,HPE,86400,3.61,5.75,2294.598255,0,0.627826087,1,1434,2111,3545,0,1,85,3534
"Joule 2.0 - HP ProLiant XL170r/XL190r/DL360 Gen10, Xeon Gold 6148 20C 2.4GHz, Intel Omni-Path, NVIDIA Tesla P100,",1/6/2021,112,HPE,86400,3.61,5.75,2294.598255,0,0.627826087,1,1434,2111,3545,0,1,85,3534
"Joule 2.0 - HP ProLiant XL170r/XL190r/DL360 Gen10, Xeon Gold 6148 20C 2.4GHz, Intel Omni-Path, NVIDIA Tesla P100,",1/11/2020,81,HPE,86400,3.61,5.75,2294.598255,0,0.627826087,1,1434,2111,3545,0,1,85,3534
"Joule 2.0 - HP ProLiant XL170r/XL190r/DL360 Gen10, Xeon Gold 6148 20C 2.4GHz, Intel Omni-Path, NVIDIA Tesla P100,",1/6/2020,69,HPE,86400,3.61,5.75,2294.598255,0,0.627826087,1,1434,2111,3545,0,1,85,3534
"Joule 2.0 - HP ProLiant XL170r/XL190r/DL360 Gen10, Xeon Gold 6148 20C 2.4GHz, Intel Omni-Path, NVIDIA Tesla P100,",1/11/2019,61,HPE,86400,3.61,5.75,2294.598255,0,0.627826087,1,1434,2111,3545,0,1,85,3534
"Joule 2.0 - HP ProLiant XL170r/XL190r/DL360 Gen10, Xeon Gold 6148 20C 2.4GHz, Intel Omni-Path, NVIDIA Tesla P100,",1/6/2019,55,HPE,86400,3.61,5.75,2294.598255,0,0.627826087,1,1434,2111,3545,0,1,85,3534
"Joule 2.0 - HP ProLiant XL170r/XL190r/DL360 Gen10, Xeon Gold 6148 20C 2.4GHz, Intel Omni-Path, NVIDIA Tesla P100,",1/11/2018,52,HPE,78720,3.28,5.17,2294.598255,0,0.6344294,1,1434,2111,3545,0,1,85,3534
"Snellius Phase 1 GPU - ThinkSystem SD650-N V2, Xeon Platinum 8360Y 36C 2.4GHz, NVIDIA A100 SXM4 40 GB, Infiniband HDR,",1/11/2025,348,Lenovo,12960,3.6,6.01,205.35,0.017531045,0.599001664,1,1434,2111,3545,0,1,85,3534
"Snellius Phase 1 GPU - ThinkSystem SD650-N V2, Xeon Platinum 8360Y 36C 2.4GHz, NVIDIA A100 SXM4 40 GB, Infiniband HDR,",1/6/2025,319,Lenovo,12960,3.6,6.01,205.35,0.017531045,0.599001664,1,1434,2111,3545,0,1,85,3534
"Snellius Phase 1 GPU - ThinkSystem SD650-N V2, Xeon Platinum 8360Y 36C 2.4GHz, NVIDIA A100 SXM4 40 GB, Infiniband HDR,",1/11/2024,279,Lenovo,12960,3.6,6.01,205.35,0.017531045,0.599001664,1,1434,2111,3545,0,1,85,3534
"Snellius Phase 1 GPU - ThinkSystem SD650-N V2, Xeon Platinum 8360Y 36C 2.4GHz, NVIDIA A100 SXM4 40 GB, Infiniband HDR,",1/6/2024,240,Lenovo,12960,3.6,6.01,205.35,0.017531045,0.599001664,1,1434,2111,3545,0,1,85,3534
"Snellius Phase 1 GPU - ThinkSystem SD650-N V2, Xeon Platinum 8360Y 36C 2.4GHz, NVIDIA A100 SXM4 40 GB, Infiniband HDR,",1/11/2023,210,Lenovo,12960,3.6,6.01,205.35,0.017531045,0.599001664,1,1434,2111,3545,0,1,85,3534
"Snellius Phase 1 GPU - ThinkSystem SD650-N V2, Xeon Platinum 8360Y 36C 2.4GHz, NVIDIA A100 SXM4 40 GB, Infiniband HDR,",1/6/2023,176,Lenovo,12960,3.6,6.01,205.35,0.017531045,0.599001664,1,1434,2111,3545,0,1,85,3534
"Snellius Phase 1 GPU - ThinkSystem SD650-N V2, Xeon Platinum 8360Y 36C 2.4GHz, NVIDIA A100 SXM4 40 GB, Infiniband HDR,",1/11/2022,254,Lenovo,9360,2.66,4.34,132.73,0.020040684,0.612903226,1,1434,2111,3545,0,1,85,3534
"Snellius Phase 1 GPU - ThinkSystem SD650-N V2, Xeon Platinum 8360Y 36C 2.4GHz, NVIDIA A100 SXM4 40 GB, Infiniband HDR,",1/6/2022,439,Lenovo,6480,1.82,3.01,62.59,0.029078127,0.604651163,1,1434,2111,3545,0,1,85,3534
"Snellius Phase 1 GPU - ThinkSystem SD650-N V2, Xeon Platinum 8360Y 36C 2.4GHz, NVIDIA A100 SXM4 40 GB, Infiniband HDR,",1/11/2021,403,Lenovo,6480,1.82,3.01,62.59,0.029078127,0.604651163,1,1434,2111,3545,0,1,85,3534
"Niagara - ThinkSystem SD530, Xeon Gold 6248 20C 2.5GHz, InfiniBand HDR100,",1/11/2025,349,Lenovo,80640,3.6,6.25,919.42,0.003915512,0.576,0,1434,2111,3545,0,1,85,3534
"Niagara - ThinkSystem SD530, Xeon Gold 6248 20C 2.5GHz, InfiniBand HDR100,",1/6/2025,320,Lenovo,80640,3.6,6.25,919.42,0.003915512,0.576,0,1434,2111,3545,0,1,85,3534
"Niagara - ThinkSystem SD530, Xeon Gold 6248 20C 2.5GHz, InfiniBand HDR100,",1/11/2024,280,Lenovo,80640,3.6,6.25,919.42,0.003915512,0.576,0,1434,2111,3545,0,1,85,3534
"Niagara - ThinkSystem SD530, Xeon Gold 6248 20C 2.5GHz, InfiniBand HDR100,",1/6/2024,241,Lenovo,80640,3.6,6.25,919.42,0.003915512,0.576,0,1434,2111,3545,0,1,85,3534
"Niagara - ThinkSystem SD530, Xeon Gold 6248 20C 2.5GHz, InfiniBand HDR100,",1/11/2023,211,Lenovo,80640,3.6,6.25,919.42,0.003915512,0.576,0,1434,2111,3545,0,1,85,3534
"Niagara - ThinkSystem SD530, Xeon Gold 6248 20C 2.5GHz, InfiniBand HDR100,",1/6/2023,177,Lenovo,80640,3.6,6.25,919.42,0.003915512,0.576,0,1434,2111,3545,0,1,85,3534
"Niagara - ThinkSystem SD530, Xeon Gold 6248 20C 2.5GHz, InfiniBand HDR100,",1/11/2022,150,Lenovo,80640,3.6,6.25,919.42,0.003915512,0.576,0,1434,2111,3545,0,1,85,3534
"Niagara - ThinkSystem SD530, Xeon Gold 6248 20C 2.5GHz, InfiniBand HDR100,",1/6/2022,140,Lenovo,80640,3.6,6.25,919.42,0.003915512,0.576,0,1434,2111,3545,0,1,85,3534
"Niagara - ThinkSystem SD530, Xeon Gold 6248 20C 2.5GHz, InfiniBand HDR100,",1/11/2021,127,Lenovo,80640,3.6,6.25,919.42,0.003915512,0.576,0,1434,2111,3545,0,1,85,3534
"Niagara - ThinkSystem SD530, Xeon Gold 6248 20C 2.5GHz, InfiniBand HDR100,",1/6/2021,113,Lenovo,80640,3.6,6.25,919.42,0.003915512,0.576,0,1434,2111,3545,0,1,85,3534
"Niagara - ThinkSystem SD530, Xeon Gold 6248 20C 2.5GHz, InfiniBand HDR100,",1/11/2020,82,Lenovo,80640,3.6,6.25,919.42,0.003915512,0.576,0,1434,2111,3545,0,1,85,3534
"Niagara - ThinkSystem SD530, Xeon Gold 6248 20C 2.5GHz, InfiniBand HDR100,",1/6/2020,70,Lenovo,80640,3.6,6.25,919.42,0.003915512,0.576,0,1434,2111,3545,0,1,85,3534
"Niagara - ThinkSystem SD530, Xeon Gold 6248 20C 2.5GHz, InfiniBand HDR100,",1/11/2019,76,Lenovo,60000,3.07,4.61,676.3,0.004539406,0.665943601,0,1434,2111,3545,0,1,85,3534
"Niagara - ThinkSystem SD530, Xeon Gold 6248 20C 2.5GHz, InfiniBand HDR100,",1/6/2019,69,Lenovo,60000,3.07,4.61,676.3,0.004539406,0.665943601,0,1434,2111,3545,0,1,85,3534
"Niagara - ThinkSystem SD530, Xeon Gold 6248 20C 2.5GHz, InfiniBand HDR100,",1/11/2018,59,Lenovo,60000,3.07,4.61,676.3,0.004539406,0.665943601,0,1434,2111,3545,0,1,85,3534
"Niagara - ThinkSystem SD530, Xeon Gold 6248 20C 2.5GHz, InfiniBand HDR100,",1/6/2018,53,Lenovo,60000,3.07,4.61,676.3,0.004539406,0.665943601,0,1434,2111,3545,0,1,85,3534
"Fritz - Megware D50TNP, Xeon Platinum 8360Y 36C 2.4GHz, InfiniBand HDR100,",1/11/2025,350,MEGWARE,71424,3.58,5.45,671.97,0.005327619,0.656880734,0,1434,2111,3545,0,1,85,3534
"Fritz - Megware D50TNP, Xeon Platinum 8360Y 36C 2.4GHz, InfiniBand HDR100,",1/6/2025,321,MEGWARE,71424,3.58,5.45,671.97,0.005327619,0.656880734,0,1434,2111,3545,0,1,85,3534
"Fritz - Megware D50TNP, Xeon Platinum 8360Y 36C 2.4GHz, InfiniBand HDR100,",1/11/2024,281,MEGWARE,71424,3.58,5.45,671.97,0.005327619,0.656880734,0,1434,2111,3545,0,1,85,3534
"Fritz - Megware D50TNP, Xeon Platinum 8360Y 36C 2.4GHz, InfiniBand HDR100,",1/6/2024,242,MEGWARE,71424,3.58,5.45,671.97,0.005327619,0.656880734,0,1434,2111,3545,0,1,85,3534
"Fritz - Megware D50TNP, Xeon Platinum 8360Y 36C 2.4GHz, InfiniBand HDR100,",1/11/2023,212,MEGWARE,71424,3.58,5.45,671.97,0.005327619,0.656880734,0,1434,2111,3545,0,1,85,3534
"Fritz - Megware D50TNP, Xeon Platinum 8360Y 36C 2.4GHz, InfiniBand HDR100,",1/6/2023,178,MEGWARE,71424,3.58,5.45,671.97,0.005327619,0.656880734,0,1434,2111,3545,0,1,85,3534
"Fritz - Megware D50TNP, Xeon Platinum 8360Y 36C 2.4GHz, InfiniBand HDR100,",1/11/2022,151,MEGWARE,71424,3.58,5.45,671.97,0.005327619,0.656880734,0,1434,2111,3545,0,1,85,3534
"Fritz - Megware D50TNP, Xeon Platinum 8360Y 36C 2.4GHz, InfiniBand HDR100,",1/6/2022,323,MEGWARE,67968,2.23,3.38,417.64,0.005339527,0.659763314,0,1434,2111,3545,0,1,85,3534
"Cray CS-Storm, Intel Xeon E5-2660v2 10C 2.2GHz, Infiniband FDR, Nvidia K40,",1/11/2025,351,Cray/HPE,72800,3577,6131.84,1498.9,2.386416706,0.583348554,1,1434,2111,3545,1,1,85,3534
"Cray CS-Storm, Intel Xeon E5-2660v2 10C 2.2GHz, Infiniband FDR, Nvidia K40,",1/6/2025,322,Cray/HPE,72800,3577,6131.84,1498.9,2.386416706,0.583348554,1,1434,2111,3545,1,1,85,3534
"Cray CS-Storm, Intel Xeon E5-2660v2 10C 2.2GHz, Infiniband FDR, Nvidia K40,",1/11/2024,282,Cray/HPE,72800,3577,6131.84,1498.9,2.386416706,0.583348554,1,1434,2111,3545,1,1,85,3534
"Cray CS-Storm, Intel Xeon E5-2660v2 10C 2.2GHz, Infiniband FDR, Nvidia K40,",1/6/2024,243,Cray/HPE,72800,3577,6131.84,1498.9,2.386416706,0.583348554,1,1434,2111,3545,1,1,85,3534
"Cray CS-Storm, Intel Xeon E5-2660v2 10C 2.2GHz, Infiniband FDR, Nvidia K40,",1/11/2023,213,Cray/HPE,72800,3577,6131.84,1498.9,2.386416706,0.583348554,1,1434,2111,3545,1,1,85,3534
"Cray CS-Storm, Intel Xeon E5-2660v2 10C 2.2GHz, Infiniband FDR, Nvidia K40,",1/6/2023,179,Cray/HPE,72800,3577,6131.84,1498.9,2.386416706,0.583348554,1,1434,2111,3545,1,1,85,3534
"Cray CS-Storm, Intel Xeon E5-2660v2 10C 2.2GHz, Infiniband FDR, Nvidia K40,",1/11/2022,152,Cray/HPE,72800,3577,6131.84,1498.9,2.386416706,0.583348554,1,1434,2111,3545,1,1,85,3534
"Cray CS-Storm, Intel Xeon E5-2660v2 10C 2.2GHz, Infiniband FDR, Nvidia K40,",1/6/2022,141,Cray/HPE,72800,3577,6131.84,1498.9,2.386416706,0.583348554,1,1434,2111,3545,1,1,85,3534
"Cray CS-Storm, Intel Xeon E5-2660v2 10C 2.2GHz, Infiniband FDR, Nvidia K40,",1/11/2021,128,Cray/HPE,72800,3577,6131.84,1498.9,2.386416706,0.583348554,1,1434,2111,3545,1,1,85,3534
"Cray CS-Storm, Intel Xeon E5-2660v2 10C 2.2GHz, Infiniband FDR, Nvidia K40,",1/6/2021,114,Cray/HPE,72800,3577,6131.84,1498.9,2.386416706,0.583348554,1,1434,2111,3545,1,1,85,3534
"Cray CS-Storm, Intel Xeon E5-2660v2 10C 2.2GHz, Infiniband FDR, Nvidia K40,",1/11/2020,83,Cray/HPE,72800,3577,6131.84,1498.9,2.386416706,0.583348554,1,1434,2111,3545,1,1,85,3534
"Cray CS-Storm, Intel Xeon E5-2660v2 10C 2.2GHz, Infiniband FDR, Nvidia K40,",1/6/2020,71,Cray/HPE,72800,3577,6131.84,1498.9,2.386416706,0.583348554,1,1434,2111,3545,1,1,85,3534
"Cray CS-Storm, Intel Xeon E5-2660v2 10C 2.2GHz, Infiniband FDR, Nvidia K40,",1/11/2019,62,Cray/HPE,72800,3577,6131.84,1498.9,2.386416706,0.583348554,1,1434,2111,3545,1,1,85,3534
"Cray CS-Storm, Intel Xeon E5-2660v2 10C 2.2GHz, Infiniband FDR, Nvidia K40,",1/6/2019,56,Cray/HPE,72800,3577,6131.84,1498.9,2.386416706,0.583348554,1,1434,2111,3545,1,1,85,3534
"Cray CS-Storm, Intel Xeon E5-2660v2 10C 2.2GHz, Infiniband FDR, Nvidia K40,",1/11/2018,46,Cray/HPE,72800,3577,6131.84,1498.9,2.386416706,0.583348554,1,1434,2111,3545,1,1,85,3534
"Cray CS-Storm, Intel Xeon E5-2660v2 10C 2.2GHz, Infiniband FDR, Nvidia K40,",1/6/2018,40,Cray/HPE,72800,3577,6131.84,1498.9,2.386416706,0.583348554,1,1434,2111,3545,1,1,85,3534
"Cray CS-Storm, Intel Xeon E5-2660v2 10C 2.2GHz, Infiniband FDR, Nvidia K40,",1/11/2017,31,Cray/HPE,72800,3577,6131.84,1498.9,2.386416706,0.583348554,1,1434,2111,3545,1,1,85,3534
"Cray CS-Storm, Intel Xeon E5-2660v2 10C 2.2GHz, Infiniband FDR, Nvidia K40,",1/6/2017,28,Cray/HPE,72800,3577,6131.84,1498.9,2.386416706,0.583348554,1,1434,2111,3545,1,1,85,3534
"Cray CS-Storm, Intel Xeon E5-2660v2 10C 2.2GHz, Infiniband FDR, Nvidia K40,",1/11/2016,26,Cray/HPE,72800,3577,6131.84,1498.9,2.386416706,0.583348554,1,1434,2111,3545,1,1,85,3534
"Cray CS-Storm, Intel Xeon E5-2660v2 10C 2.2GHz, Infiniband FDR, Nvidia K40,",1/6/2016,20,Cray/HPE,72800,3577,6131.84,1498.9,2.386416706,0.583348554,1,1434,2111,3545,1,1,85,3534
"Cray CS-Storm, Intel Xeon E5-2660v2 10C 2.2GHz, Infiniband FDR, Nvidia K40,",1/11/2015,16,Cray/HPE,72800,3577,6131.84,1498.9,2.386416706,0.583348554,1,1434,2111,3545,1,1,85,3534
"Cray CS-Storm, Intel Xeon E5-2660v2 10C 2.2GHz, Infiniband FDR, Nvidia K40,",1/6/2015,14,Cray/HPE,72800,3577,6131.84,1498.9,2.386416706,0.583348554,1,1434,2111,3545,1,1,85,3534
"Cray CS-Storm, Intel Xeon E5-2660v2 10C 2.2GHz, Infiniband FDR, Nvidia K40,",1/11/2014,11,Cray/HPE,72800,3577,6131.84,1498.9,2.386416706,0.583348554,1,1434,2111,3545,1,1,85,3534
"Cray CS-Storm, Intel Xeon E5-2660v2 10C 2.2GHz, Infiniband FDR, Nvidia K40,",1/11/2025,352,Cray/HPE,72800,3577000,6131840,1498.9,2386.416706,0.583348554,1,1434,2111,3545,1,1,85,3534
"Cray CS-Storm, Intel Xeon E5-2660v2 10C 2.2GHz, Infiniband FDR, Nvidia K40,",1/6/2025,323,Cray/HPE,72800,3577000,6131840,1498.9,2386.416706,0.583348554,1,1434,2111,3545,1,1,85,3534
"Cray CS-Storm, Intel Xeon E5-2660v2 10C 2.2GHz, Infiniband FDR, Nvidia K40,",1/11/2024,283,Cray/HPE,72800,3577000,6131840,1498.9,2386.416706,0.583348554,1,1434,2111,3545,1,1,85,3534
"Cray CS-Storm, Intel Xeon E5-2660v2 10C 2.2GHz, Infiniband FDR, Nvidia K40,",1/6/2024,244,Cray/HPE,72800,3577000,6131840,1498.9,2386.416706,0.583348554,1,1434,2111,3545,1,1,85,3534
"Cray CS-Storm, Intel Xeon E5-2660v2 10C 2.2GHz, Infiniband FDR, Nvidia K40,",1/11/2023,214,Cray/HPE,72800,3577000,6131840,1498.9,2386.416706,0.583348554,1,1434,2111,3545,1,1,85,3534
"Cray CS-Storm, Intel Xeon E5-2660v2 10C 2.2GHz, Infiniband FDR, Nvidia K40,",1/6/2023,180,Cray/HPE,72800,3577000,6131840,1498.9,2386.416706,0.583348554,1,1434,2111,3545,1,1,85,3534
"Cray CS-Storm, Intel Xeon E5-2660v2 10C 2.2GHz, Infiniband FDR, Nvidia K40,",1/11/2022,153,Cray/HPE,72800,3577000,6131840,1498.9,2386.416706,0.583348554,1,1434,2111,3545,1,1,85,3534
"Cray CS-Storm, Intel Xeon E5-2660v2 10C 2.2GHz, Infiniband FDR, Nvidia K40,",1/6/2022,142,Cray/HPE,72800,3577000,6131840,1498.9,2386.416706,0.583348554,1,1434,2111,3545,1,1,85,3534
"Cray CS-Storm, Intel Xeon E5-2660v2 10C 2.2GHz, Infiniband FDR, Nvidia K40,",1/11/2021,129,Cray/HPE,72800,3577000,6131840,1498.9,2386.416706,0.583348554,1,1434,2111,3545,1,1,85,3534
"Cray CS-Storm, Intel Xeon E5-2660v2 10C 2.2GHz, Infiniband FDR, Nvidia K40,",1/6/2021,115,Cray/HPE,72800,3577000,6131840,1498.9,2386.416706,0.583348554,1,1434,2111,3545,1,1,85,3534
"Cray CS-Storm, Intel Xeon E5-2660v2 10C 2.2GHz, Infiniband FDR, Nvidia K40,",1/11/2020,84,Cray/HPE,72800,3577000,6131840,1498.9,2386.416706,0.583348554,1,1434,2111,3545,1,1,85,3534
"Cray CS-Storm, Intel Xeon E5-2660v2 10C 2.2GHz, Infiniband FDR, Nvidia K40,",1/6/2020,72,Cray/HPE,72800,3577000,6131840,1498.9,2386.416706,0.583348554,1,1434,2111,3545,1,1,85,3534
"Cray CS-Storm, Intel Xeon E5-2660v2 10C 2.2GHz, Infiniband FDR, Nvidia K40,",1/11/2019,63,Cray/HPE,72800,3577000,6131840,1498.9,2386.416706,0.583348554,1,1434,2111,3545,1,1,85,3534
"Cray CS-Storm, Intel Xeon E5-2660v2 10C 2.2GHz, Infiniband FDR, Nvidia K40,",1/6/2019,57,Cray/HPE,72800,3577000,6131840,1498.9,2386.416706,0.583348554,1,1434,2111,3545,1,1,85,3534
"Cray CS-Storm, Intel Xeon E5-2660v2 10C 2.2GHz, Infiniband FDR, Nvidia K40,",1/11/2018,47,Cray/HPE,72800,3577000,6131840,1498.9,2386.416706,0.583348554,1,1434,2111,3545,1,1,85,3534
"Cray CS-Storm, Intel Xeon E5-2660v2 10C 2.2GHz, Infiniband FDR, Nvidia K40,",1/6/2018,41,Cray/HPE,72800,3577000,6131840,1498.9,2386.416706,0.583348554,1,1434,2111,3545,1,1,85,3534
"Cray CS-Storm, Intel Xeon E5-2660v2 10C 2.2GHz, Infiniband FDR, Nvidia K40,",1/11/2017,32,Cray/HPE,72800,3577000,6131840,1498.9,2386.416706,0.583348554,1,1434,2111,3545,1,1,85,3534
"Cray CS-Storm, Intel Xeon E5-2660v2 10C 2.2GHz, Infiniband FDR, Nvidia K40,",1/6/2017,29,Cray/HPE,72800,3577000,6131840,1498.9,2386.416706,0.583348554,1,1434,2111,3545,1,1,85,3534
"Cray CS-Storm, Intel Xeon E5-2660v2 10C 2.2GHz, Infiniband FDR, Nvidia K40,",1/11/2016,27,Cray/HPE,72800,3577000,6131840,1498.9,2386.416706,0.583348554,1,1434,2111,3545,1,1,85,3534
"Cray CS-Storm, Intel Xeon E5-2660v2 10C 2.2GHz, Infiniband FDR, Nvidia K40,",1/6/2016,21,Cray/HPE,72800,3577000,6131840,1498.9,2386.416706,0.583348554,1,1434,2111,3545,1,1,85,3534
"Cray CS-Storm, Intel Xeon E5-2660v2 10C 2.2GHz, Infiniband FDR, Nvidia K40,",1/11/2015,17,Cray/HPE,72800,3577000,6131840,1498.9,2386.416706,0.583348554,1,1434,2111,3545,1,1,85,3534
"Cray CS-Storm, Intel Xeon E5-2660v2 10C 2.2GHz, Infiniband FDR, Nvidia K40,",1/6/2015,15,Cray/HPE,72800,3577000,6131840,1498.9,2386.416706,0.583348554,1,1434,2111,3545,1,1,85,3534
"Anvil - PowerEdge 6525, AMD EPYC 7763 64C 2.45GHz, InfiniBand HDR 100,",1/11/2025,353,DELL,127488,3.56,5,792,0.004494949,0.712,0,1434,2111,3545,0,1,85,3534
"Anvil - PowerEdge 6525, AMD EPYC 7763 64C 2.45GHz, InfiniBand HDR 100,",1/6/2025,324,DELL,127488,3.56,5,792,0.004494949,0.712,0,1434,2111,3545,0,1,85,3534
"Anvil - PowerEdge 6525, AMD EPYC 7763 64C 2.45GHz, InfiniBand HDR 100,",1/11/2024,284,DELL,127488,3.56,5,792,0.004494949,0.712,0,1434,2111,3545,0,1,85,3534
"Anvil - PowerEdge 6525, AMD EPYC 7763 64C 2.45GHz, InfiniBand HDR 100,",1/6/2024,245,DELL,127488,3.56,5,792,0.004494949,0.712,0,1434,2111,3545,0,1,85,3534
"Anvil - PowerEdge 6525, AMD EPYC 7763 64C 2.45GHz, InfiniBand HDR 100,",1/11/2023,215,DELL,127488,3.56,5,792,0.004494949,0.712,0,1434,2111,3545,0,1,85,3534
"Anvil - PowerEdge 6525, AMD EPYC 7763 64C 2.45GHz, InfiniBand HDR 100,",1/6/2023,181,DELL,127488,3.56,5,792,0.004494949,0.712,0,1434,2111,3545,0,1,85,3534
"Anvil - PowerEdge 6525, AMD EPYC 7763 64C 2.45GHz, InfiniBand HDR 100,",1/11/2022,154,DELL,127488,3.56,5,792,0.004494949,0.712,0,1434,2111,3545,0,1,85,3534
"Anvil - PowerEdge 6525, AMD EPYC 7763 64C 2.45GHz, InfiniBand HDR 100,",1/6/2022,143,DELL,127488,3.56,5,792,0.004494949,0.712,0,1434,2111,3545,0,1,85,3534
"NOBZ1 - ThinkSystem C2397, Xeon Platinum 8280 28C 2.7GHz, Broadcom,",1/11/2025,354,Lenovo,80640,3.55,6.97,2294.598255,0,0.509325681,0,1434,2111,3545,0,1,85,3534
"NOBZ1 - ThinkSystem C2397, Xeon Platinum 8280 28C 2.7GHz, Broadcom,",1/6/2025,325,Lenovo,80640,3.55,6.97,2294.598255,0,0.509325681,0,1434,2111,3545,0,1,85,3534
"NOBZ1 - ThinkSystem C2397, Xeon Platinum 8280 28C 2.7GHz, Broadcom,",1/11/2024,285,Lenovo,80640,3.55,6.97,2294.598255,0,0.509325681,0,1434,2111,3545,0,1,85,3534
"NOBZ1 - ThinkSystem C2397, Xeon Platinum 8280 28C 2.7GHz, Broadcom,",1/6/2024,246,Lenovo,80640,3.55,6.97,2294.598255,0,0.509325681,0,1434,2111,3545,0,1,85,3534
"NOBZ1 - ThinkSystem C2397, Xeon Platinum 8280 28C 2.7GHz, Broadcom,",1/11/2023,216,Lenovo,80640,3.55,6.97,2294.598255,0,0.509325681,0,1434,2111,3545,0,1,85,3534
"NOBZ1 - ThinkSystem C2397, Xeon Platinum 8280 28C 2.7GHz, Broadcom,",1/6/2023,182,Lenovo,80640,3.55,6.97,2294.598255,0,0.509325681,0,1434,2111,3545,0,1,85,3534
"NOBZ1 - ThinkSystem C2397, Xeon Platinum 8280 28C 2.7GHz, Broadcom,",1/11/2022,155,Lenovo,80640,3.55,6.97,2294.598255,0,0.509325681,0,1434,2111,3545,0,1,85,3534
"AIC1 - ThinkSystem C2397, Xeon Platinum 8280 28C 2.7GHz, Broadcom,",1/11/2025,355,Lenovo,80640,3.55,6.97,2294.598255,0,0.509325681,0,1434,2111,3545,0,1,85,3534
"AIC1 - ThinkSystem C2397, Xeon Platinum 8280 28C 2.7GHz, Broadcom,",1/6/2025,326,Lenovo,80640,3.55,6.97,2294.598255,0,0.509325681,0,1434,2111,3545,0,1,85,3534
"AIC1 - ThinkSystem C2397, Xeon Platinum 8280 28C 2.7GHz, Broadcom,",1/11/2024,286,Lenovo,80640,3.55,6.97,2294.598255,0,0.509325681,0,1434,2111,3545,0,1,85,3534
"AIC1 - ThinkSystem C2397, Xeon Platinum 8280 28C 2.7GHz, Broadcom,",1/6/2024,247,Lenovo,80640,3.55,6.97,2294.598255,0,0.509325681,0,1434,2111,3545,0,1,85,3534
"AIC1 - ThinkSystem C2397, Xeon Platinum 8280 28C 2.7GHz, Broadcom,",1/11/2023,217,Lenovo,80640,3.55,6.97,2294.598255,0,0.509325681,0,1434,2111,3545,0,1,85,3534
"AIC1 - ThinkSystem C2397, Xeon Platinum 8280 28C 2.7GHz, Broadcom,",1/6/2023,183,Lenovo,80640,3.55,6.97,2294.598255,0,0.509325681,0,1434,2111,3545,0,1,85,3534
"AIC1 - ThinkSystem C2397, Xeon Platinum 8280 28C 2.7GHz, Broadcom,",1/11/2022,156,Lenovo,80640,3.55,6.97,2294.598255,0,0.509325681,0,1434,2111,3545,0,1,85,3534
"B1A - ThinkSystem C2397, Xeon Platinum 8280 28C 2.7GHz, 100G Ethernet,",1/11/2025,356,Lenovo,80640,3.55,6.97,2294.598255,0,0.509325681,0,1434,2111,3545,0,1,85,3534
"B1A - ThinkSystem C2397, Xeon Platinum 8280 28C 2.7GHz, 100G Ethernet,",1/6/2025,327,Lenovo,80640,3.55,6.97,2294.598255,0,0.509325681,0,1434,2111,3545,0,1,85,3534
"B1A - ThinkSystem C2397, Xeon Platinum 8280 28C 2.7GHz, 100G Ethernet,",1/11/2024,287,Lenovo,80640,3.55,6.97,2294.598255,0,0.509325681,0,1434,2111,3545,0,1,85,3534
"B1A - ThinkSystem C2397, Xeon Platinum 8280 28C 2.7GHz, 100G Ethernet,",1/6/2024,248,Lenovo,80640,3.55,6.97,2294.598255,0,0.509325681,0,1434,2111,3545,0,1,85,3534
"B1A - ThinkSystem C2397, Xeon Platinum 8280 28C 2.7GHz, 100G Ethernet,",1/11/2023,218,Lenovo,80640,3.55,6.97,2294.598255,0,0.509325681,0,1434,2111,3545,0,1,85,3534
"B1A - ThinkSystem C2397, Xeon Platinum 8280 28C 2.7GHz, 100G Ethernet,",1/6/2023,184,Lenovo,80640,3.55,6.97,2294.598255,0,0.509325681,0,1434,2111,3545,0,1,85,3534
"B1A - ThinkSystem C2397, Xeon Platinum 8280 28C 2.7GHz, 100G Ethernet,",1/11/2022,157,Lenovo,80640,3.55,6.97,2294.598255,0,0.509325681,0,1434,2111,3545,0,1,85,3534
"B1A - ThinkSystem C2397, Xeon Platinum 8280 28C 2.7GHz, 100G Ethernet,",1/6/2022,144,Lenovo,80640,3.55,6.97,2294.598255,0,0.509325681,0,1434,2111,3545,0,1,85,3534
"B1A - ThinkSystem C2397, Xeon Platinum 8280 28C 2.7GHz, 100G Ethernet,",1/11/2021,130,Lenovo,80640,3.55,6.97,2294.598255,0,0.509325681,0,1434,2111,3545,0,1,85,3534
"Geely Wise Star-Dubhe - Lenovo ThinkSystem SD650 V3, Xeon Gold 6458Q 32C 3.1GHz, Infiniband HDR,",1/11/2025,357,Lenovo,40960,3.54,4.06,2294.598255,0,0.871921182,0,1434,2111,3545,0,1,85,3534
"Geely Wise Star-Dubhe - Lenovo ThinkSystem SD650 V3, Xeon Gold 6458Q 32C 3.1GHz, Infiniband HDR,",1/6/2025,328,Lenovo,40960,3.54,4.06,2294.598255,0,0.871921182,0,1434,2111,3545,0,1,85,3534
"Geely Wise Star-Dubhe - Lenovo ThinkSystem SD650 V3, Xeon Gold 6458Q 32C 3.1GHz, Infiniband HDR,",1/11/2024,288,Lenovo,40960,3.54,4.06,2294.598255,0,0.871921182,0,1434,2111,3545,0,1,85,3534
"Geely Wise Star-Dubhe - Lenovo ThinkSystem SD650 V3, Xeon Gold 6458Q 32C 3.1GHz, Infiniband HDR,",1/6/2024,249,Lenovo,40960,3.54,4.06,2294.598255,0,0.871921182,0,1434,2111,3545,0,1,85,3534
"Geely Wise Star-Dubhe - Lenovo ThinkSystem SD650 V3, Xeon Gold 6458Q 32C 3.1GHz, Infiniband HDR,",1/11/2023,219,Lenovo,40960,3.54,4.06,2294.598255,0,0.871921182,0,1434,2111,3545,0,1,85,3534
"Geely Wise Star-Dubhe - Lenovo ThinkSystem SD650 V3, Xeon Gold 6458Q 32C 3.1GHz, Infiniband HDR,",1/6/2023,185,Lenovo,40960,3.54,4.06,2294.598255,0,0.871921182,0,1434,2111,3545,0,1,85,3534
"Altair - CH121L V5 Liquid-Cooled, Xeon Platinum 8268 24C 2.9GHz, Infiniband EDR,",1/11/2025,358,Huawei,63360,3.53,5.88,829,0.004258142,0.600340136,0,1434,2111,3545,0,1,85,3534
"Altair - CH121L V5 Liquid-Cooled, Xeon Platinum 8268 24C 2.9GHz, Infiniband EDR,",1/6/2025,329,Huawei,63360,3.53,5.88,829,0.004258142,0.600340136,0,1434,2111,3545,0,1,85,3534
"Altair - CH121L V5 Liquid-Cooled, Xeon Platinum 8268 24C 2.9GHz, Infiniband EDR,",1/11/2024,289,Huawei,63360,3.53,5.88,829,0.004258142,0.600340136,0,1434,2111,3545,0,1,85,3534
"Altair - CH121L V5 Liquid-Cooled, Xeon Platinum 8268 24C 2.9GHz, Infiniband EDR,",1/6/2024,250,Huawei,63360,3.53,5.88,829,0.004258142,0.600340136,0,1434,2111,3545,0,1,85,3534
"Altair - CH121L V5 Liquid-Cooled, Xeon Platinum 8268 24C 2.9GHz, Infiniband EDR,",1/11/2023,220,Huawei,63360,3.53,5.88,829,0.004258142,0.600340136,0,1434,2111,3545,0,1,85,3534
"Altair - CH121L V5 Liquid-Cooled, Xeon Platinum 8268 24C 2.9GHz, Infiniband EDR,",1/6/2023,186,Huawei,63360,3.53,5.88,829,0.004258142,0.600340136,0,1434,2111,3545,0,1,85,3534
"Altair - CH121L V5 Liquid-Cooled, Xeon Platinum 8268 24C 2.9GHz, Infiniband EDR,",1/11/2022,158,Huawei,63360,3.53,5.88,829,0.004258142,0.600340136,0,1434,2111,3545,0,1,85,3534
"Altair - CH121L V5 Liquid-Cooled, Xeon Platinum 8268 24C 2.9GHz, Infiniband EDR,",1/6/2022,145,Huawei,63360,3.53,5.88,829,0.004258142,0.600340136,0,1434,2111,3545,0,1,85,3534
"Altair - CH121L V5 Liquid-Cooled, Xeon Platinum 8268 24C 2.9GHz, Infiniband EDR,",1/11/2021,131,Huawei,63360,3.53,5.88,829,0.004258142,0.600340136,0,1434,2111,3545,0,1,85,3534
"Altair - CH121L V5 Liquid-Cooled, Xeon Platinum 8268 24C 2.9GHz, Infiniband EDR,",1/6/2021,116,Huawei,63360,3.53,5.88,829,0.004258142,0.600340136,0,1434,2111,3545,0,1,85,3534
"Altair - CH121L V5 Liquid-Cooled, Xeon Platinum 8268 24C 2.9GHz, Infiniband EDR,",1/11/2020,85,Huawei,63360,3.53,5.88,829,0.004258142,0.600340136,0,1434,2111,3545,0,1,85,3534
"Forerunner 1 - ASUS RS723Q-E11-RS24, Xeon Platinum 8480+ 56C 2GHz, Infiniband NDR200,",1/11/2025,359,ASUSTeK / ASUS Cloud / Taiwan Web Service Corporation,62496,3.53,4,614.87,0.005741051,0.8825,0,1434,2111,3545,0,1,85,3534
"Forerunner 1 - ASUS RS723Q-E11-RS24, Xeon Platinum 8480+ 56C 2GHz, Infiniband NDR200,",1/6/2025,330,ASUSTeK / ASUS Cloud / Taiwan Web Service Corporation,62496,3.53,4,614.87,0.005741051,0.8825,0,1434,2111,3545,0,1,85,3534
"Forerunner 1 - ASUS RS723Q-E11-RS24, Xeon Platinum 8480+ 56C 2GHz, Infiniband NDR200,",1/11/2024,290,ASUSTeK / ASUS Cloud / Taiwan Web Service Corporation,62496,3.53,4,614.87,0.005741051,0.8825,0,1434,2111,3545,0,1,85,3534
"Forerunner 1 - ASUS RS723Q-E11-RS24, Xeon Platinum 8480+ 56C 2GHz, Infiniband NDR200,",1/6/2024,251,ASUSTeK / ASUS Cloud / Taiwan Web Service Corporation,62496,3.53,4,614.87,0.005741051,0.8825,0,1434,2111,3545,0,1,85,3534
"Forerunner 1 - ASUS RS723Q-E11-RS24, Xeon Platinum 8480+ 56C 2GHz, Infiniband NDR200,",1/11/2023,221,ASUSTeK / ASUS Cloud / Taiwan Web Service Corporation,62496,3.53,4,614.87,0.005741051,0.8825,0,1434,2111,3545,0,1,85,3534
"ATOS THX.A.B - BullSequana XH2000, Xeon Platinum 8358 32C 2.6GHz, NVIDIA A100 SXM4 64 GB, Quad-rail NVIDIA HDR100 Infiniband,",1/11/2025,360,EVIDEN,25056,3.5,4.98,86.06,0.0406693,0.702811245,1,1434,2111,3545,0,1,85,3534
"ATOS THX.A.B - BullSequana XH2000, Xeon Platinum 8358 32C 2.6GHz, NVIDIA A100 SXM4 64 GB, Quad-rail NVIDIA HDR100 Infiniband,",1/6/2025,331,EVIDEN,25056,3.5,4.98,86.06,0.0406693,0.702811245,1,1434,2111,3545,0,1,85,3534
"ATOS THX.A.B - BullSequana XH2000, Xeon Platinum 8358 32C 2.6GHz, NVIDIA A100 SXM4 64 GB, Quad-rail NVIDIA HDR100 Infiniband,",1/11/2024,291,EVIDEN,25056,3.5,4.98,86.06,0.0406693,0.702811245,1,1434,2111,3545,0,1,85,3534
"ATOS THX.A.B - BullSequana XH2000, Xeon Platinum 8358 32C 2.6GHz, NVIDIA A100 SXM4 64 GB, Quad-rail NVIDIA HDR100 Infiniband,",1/6/2024,252,EVIDEN,25056,3.5,4.98,86.06,0.0406693,0.702811245,1,1434,2111,3545,0,1,85,3534
"ATOS THX.A.B - BullSequana XH2000, Xeon Platinum 8358 32C 2.6GHz, NVIDIA A100 SXM4 64 GB, Quad-rail NVIDIA HDR100 Infiniband,",1/11/2023,222,EVIDEN,25056,3.5,4.98,86.06,0.0406693,0.702811245,1,1434,2111,3545,0,1,85,3534
"ATOS THX.A.B - BullSequana XH2000, Xeon Platinum 8358 32C 2.6GHz, NVIDIA A100 SXM4 64 GB, Quad-rail NVIDIA HDR100 Infiniband,",1/6/2023,187,EVIDEN,25056,3.5,4.98,86.06,0.0406693,0.702811245,1,1434,2111,3545,0,1,85,3534
"ATOS THX.A.B - BullSequana XH2000, Xeon Platinum 8358 32C 2.6GHz, NVIDIA A100 SXM4 64 GB, Quad-rail NVIDIA HDR100 Infiniband,",1/11/2022,159,EVIDEN,25056,3.5,4.98,86.06,0.0406693,0.702811245,1,1434,2111,3545,0,1,85,3534
"ATOS THX.A.B - BullSequana XH2000, Xeon Platinum 8358 32C 2.6GHz, NVIDIA A100 SXM4 64 GB, Quad-rail NVIDIA HDR100 Infiniband,",1/6/2022,146,EVIDEN,25056,3.5,5,86.06,0.0406693,0.7,1,1434,2111,3545,0,1,85,3534
"Unizah-II - Cray CS500, Xeon Gold 6248 20C 2.5GHz, 10G Ethernet,",1/11/2025,361,HPE,85560,3.49,6.84,2294.598255,0,0.510233918,0,1434,2111,3545,0,1,85,3534
"Unizah-II - Cray CS500, Xeon Gold 6248 20C 2.5GHz, 10G Ethernet,",1/6/2025,332,HPE,85560,3.49,6.84,2294.598255,0,0.510233918,0,1434,2111,3545,0,1,85,3534
"Unizah-II - Cray CS500, Xeon Gold 6248 20C 2.5GHz, 10G Ethernet,",1/11/2024,292,HPE,85560,3.49,6.84,2294.598255,0,0.510233918,0,1434,2111,3545,0,1,85,3534
"Unizah-II - Cray CS500, Xeon Gold 6248 20C 2.5GHz, 10G Ethernet,",1/6/2024,253,HPE,85560,3.49,6.84,2294.598255,0,0.510233918,0,1434,2111,3545,0,1,85,3534
"Unizah-II - Cray CS500, Xeon Gold 6248 20C 2.5GHz, 10G Ethernet,",1/11/2023,223,HPE,85560,3.49,6.84,2294.598255,0,0.510233918,0,1434,2111,3545,0,1,85,3534
"Unizah-II - Cray CS500, Xeon Gold 6248 20C 2.5GHz, 10G Ethernet,",1/6/2023,188,HPE,85560,3.49,6.84,2294.598255,0,0.510233918,0,1434,2111,3545,0,1,85,3534
"Unizah-II - Cray CS500, Xeon Gold 6248 20C 2.5GHz, 10G Ethernet,",1/11/2022,160,HPE,85560,3.49,6.84,2294.598255,0,0.510233918,0,1434,2111,3545,0,1,85,3534
"Unizah-II - Cray CS500, Xeon Gold 6248 20C 2.5GHz, 10G Ethernet,",1/6/2022,147,HPE,85560,3.49,6.84,2294.598255,0,0.510233918,0,1434,2111,3545,0,1,85,3534
"Unizah-II - Cray CS500, Xeon Gold 6248 20C 2.5GHz, 10G Ethernet,",1/11/2021,133,HPE,85560,3.49,6.84,2294.598255,0,0.510233918,0,1434,2111,3545,0,1,85,3534
"Unizah-II - Cray CS500, Xeon Gold 6248 20C 2.5GHz, 10G Ethernet,",1/6/2021,117,HPE,85560,3.49,6.84,2294.598255,0,0.510233918,0,1434,2111,3545,0,1,85,3534
"Unizah-II - Cray CS500, Xeon Gold 6248 20C 2.5GHz, 10G Ethernet,",1/11/2020,86,HPE,85560,3.49,6.84,2294.598255,0,0.510233918,0,1434,2111,3545,0,1,85,3534
"Ohtaka - PowerEdge C6525, AMD EPYC 7702 64C 2GHz, Mellanox HDR Infiniband,",1/11/2025,362,DELL,215040,3.49,6.88,2294.598255,0,0.507267442,0,1434,2111,3545,0,1,85,3534
"Ohtaka - PowerEdge C6525, AMD EPYC 7702 64C 2GHz, Mellanox HDR Infiniband,",1/6/2025,333,DELL,215040,3.49,6.88,2294.598255,0,0.507267442,0,1434,2111,3545,0,1,85,3534
"Ohtaka - PowerEdge C6525, AMD EPYC 7702 64C 2GHz, Mellanox HDR Infiniband,",1/11/2024,293,DELL,215040,3.49,6.88,2294.598255,0,0.507267442,0,1434,2111,3545,0,1,85,3534
"Ohtaka - PowerEdge C6525, AMD EPYC 7702 64C 2GHz, Mellanox HDR Infiniband,",1/6/2024,254,DELL,215040,3.49,6.88,2294.598255,0,0.507267442,0,1434,2111,3545,0,1,85,3534
"Ohtaka - PowerEdge C6525, AMD EPYC 7702 64C 2GHz, Mellanox HDR Infiniband,",1/11/2023,224,DELL,215040,3.49,6.88,2294.598255,0,0.507267442,0,1434,2111,3545,0,1,85,3534
"Ohtaka - PowerEdge C6525, AMD EPYC 7702 64C 2GHz, Mellanox HDR Infiniband,",1/6/2023,189,DELL,215040,3.49,6.88,2294.598255,0,0.507267442,0,1434,2111,3545,0,1,85,3534
"Ohtaka - PowerEdge C6525, AMD EPYC 7702 64C 2GHz, Mellanox HDR Infiniband,",1/11/2022,161,DELL,215040,3.49,6.88,2294.598255,0,0.507267442,0,1434,2111,3545,0,1,85,3534
"Ohtaka - PowerEdge C6525, AMD EPYC 7702 64C 2GHz, Mellanox HDR Infiniband,",1/6/2022,148,DELL,215040,3.49,6.88,2294.598255,0,0.507267442,0,1434,2111,3545,0,1,85,3534
"Ohtaka - PowerEdge C6525, AMD EPYC 7702 64C 2GHz, Mellanox HDR Infiniband,",1/11/2021,134,DELL,215040,3.49,6.88,2294.598255,0,0.507267442,0,1434,2111,3545,0,1,85,3534
"Ohtaka - PowerEdge C6525, AMD EPYC 7702 64C 2GHz, Mellanox HDR Infiniband,",1/6/2021,118,DELL,215040,3.49,6.88,2294.598255,0,0.507267442,0,1434,2111,3545,0,1,85,3534
"Ohtaka - PowerEdge C6525, AMD EPYC 7702 64C 2GHz, Mellanox HDR Infiniband,",1/11/2020,87,DELL,215040,3.49,5.12,2294.598255,0,0.681640625,0,1434,2111,3545,0,1,85,3534
"BA1A - ThinkSystem HR650X, Intel Xeon Gold 8350C 32C 2.6GHz, 25G Ethernet,",1/11/2025,363,Lenovo,81920,3.48,6.82,2294.598255,0,0.51026393,0,1434,2111,3545,0,1,85,3534
"BA1A - ThinkSystem HR650X, Intel Xeon Gold 8350C 32C 2.6GHz, 25G Ethernet,",1/6/2025,334,Lenovo,81920,3.48,6.82,2294.598255,0,0.51026393,0,1434,2111,3545,0,1,85,3534
"BA1A - ThinkSystem HR650X, Intel Xeon Gold 8350C 32C 2.6GHz, 25G Ethernet,",1/11/2024,294,Lenovo,81920,3.48,6.82,2294.598255,0,0.51026393,0,1434,2111,3545,0,1,85,3534
"BA1A - ThinkSystem HR650X, Intel Xeon Gold 8350C 32C 2.6GHz, 25G Ethernet,",1/6/2024,256,Lenovo,81920,3.48,6.82,2294.598255,0,0.51026393,0,1434,2111,3545,0,1,85,3534
"BA1A - ThinkSystem HR650X, Intel Xeon Gold 8350C 32C 2.6GHz, 25G Ethernet,",1/11/2023,226,Lenovo,81920,3.48,6.82,2294.598255,0,0.51026393,0,1434,2111,3545,0,1,85,3534
"BA1A - ThinkSystem HR650X, Intel Xeon Gold 8350C 32C 2.6GHz, 25G Ethernet,",1/6/2023,191,Lenovo,81920,3.48,6.82,2294.598255,0,0.51026393,0,1434,2111,3545,0,1,85,3534
"BA1A - ThinkSystem HR650X, Intel Xeon Gold 8350C 32C 2.6GHz, 25G Ethernet,",1/11/2022,162,Lenovo,81920,3.48,6.82,2294.598255,0,0.51026393,0,1434,2111,3545,0,1,85,3534
"CARO - NEC HPC2808Ri-2, AMD EPYC 7702 64C 2GHz, InfiniBand HDR100,",1/11/2025,364,NEC,174592,3.46,5.59,2294.598255,0,0.618962433,0,1434,2111,3545,0,1,85,3534
"CARO - NEC HPC2808Ri-2, AMD EPYC 7702 64C 2GHz, InfiniBand HDR100,",1/6/2025,335,NEC,174592,3.46,5.59,2294.598255,0,0.618962433,0,1434,2111,3545,0,1,85,3534
"CARO - NEC HPC2808Ri-2, AMD EPYC 7702 64C 2GHz, InfiniBand HDR100,",1/11/2024,295,NEC,174592,3.46,5.59,2294.598255,0,0.618962433,0,1434,2111,3545,0,1,85,3534
"CARO - NEC HPC2808Ri-2, AMD EPYC 7702 64C 2GHz, InfiniBand HDR100,",1/6/2024,257,NEC,174592,3.46,5.59,2294.598255,0,0.618962433,0,1434,2111,3545,0,1,85,3534
"CARO - NEC HPC2808Ri-2, AMD EPYC 7702 64C 2GHz, InfiniBand HDR100,",1/11/2023,227,NEC,174592,3.46,5.59,2294.598255,0,0.618962433,0,1434,2111,3545,0,1,85,3534
"CARO - NEC HPC2808Ri-2, AMD EPYC 7702 64C 2GHz, InfiniBand HDR100,",1/6/2023,192,NEC,174592,3.46,5.59,2294.598255,0,0.618962433,0,1434,2111,3545,0,1,85,3534
"CARO - NEC HPC2808Ri-2, AMD EPYC 7702 64C 2GHz, InfiniBand HDR100,",1/11/2022,163,NEC,174592,3.46,5.59,2294.598255,0,0.618962433,0,1434,2111,3545,0,1,85,3534
"CARO - NEC HPC2808Ri-2, AMD EPYC 7702 64C 2GHz, InfiniBand HDR100,",1/6/2022,149,NEC,174592,3.46,5.59,2294.598255,0,0.618962433,0,1434,2111,3545,0,1,85,3534
"CARO - NEC HPC2808Ri-2, AMD EPYC 7702 64C 2GHz, InfiniBand HDR100,",1/11/2021,135,NEC,174592,3.46,5.59,2294.598255,0,0.618962433,0,1434,2111,3545,0,1,85,3534
"davinci-1 - BullSequana X, AMD EPYC 7402 24C 2.8GHz, NVIDIA A100, Mellanox HDR Infiniband,",1/11/2025,365,EVIDEN,38400,3.45,6.41,2294.598255,0,0.538221529,1,1434,2111,3545,0,1,85,3534
"davinci-1 - BullSequana X, AMD EPYC 7402 24C 2.8GHz, NVIDIA A100, Mellanox HDR Infiniband,",1/6/2025,336,EVIDEN,38400,3.45,6.41,2294.598255,0,0.538221529,1,1434,2111,3545,0,1,85,3534
"davinci-1 - BullSequana X, AMD EPYC 7402 24C 2.8GHz, NVIDIA A100, Mellanox HDR Infiniband,",1/11/2024,296,EVIDEN,38400,3.45,6.41,2294.598255,0,0.538221529,1,1434,2111,3545,0,1,85,3534
"davinci-1 - BullSequana X, AMD EPYC 7402 24C 2.8GHz, NVIDIA A100, Mellanox HDR Infiniband,",1/6/2024,258,EVIDEN,38400,3.45,6.41,2294.598255,0,0.538221529,1,1434,2111,3545,0,1,85,3534
"davinci-1 - BullSequana X, AMD EPYC 7402 24C 2.8GHz, NVIDIA A100, Mellanox HDR Infiniband,",1/11/2023,228,EVIDEN,38400,3.45,6.41,2294.598255,0,0.538221529,1,1434,2111,3545,0,1,85,3534
"davinci-1 - BullSequana X, AMD EPYC 7402 24C 2.8GHz, NVIDIA A100, Mellanox HDR Infiniband,",1/6/2023,193,EVIDEN,38400,3.45,6.41,2294.598255,0,0.538221529,1,1434,2111,3545,0,1,85,3534
"davinci-1 - BullSequana X, AMD EPYC 7402 24C 2.8GHz, NVIDIA A100, Mellanox HDR Infiniband,",1/11/2022,164,EVIDEN,38400,3.45,6.41,2294.598255,0,0.538221529,1,1434,2111,3545,0,1,85,3534
"davinci-1 - BullSequana X, AMD EPYC 7402 24C 2.8GHz, NVIDIA A100, Mellanox HDR Infiniband,",1/6/2022,150,EVIDEN,38400,3.45,6.41,2294.598255,0,0.538221529,1,1434,2111,3545,0,1,85,3534
"davinci-1 - BullSequana X, AMD EPYC 7402 24C 2.8GHz, NVIDIA A100, Mellanox HDR Infiniband,",1/11/2021,136,EVIDEN,38400,3.45,6.41,2294.598255,0,0.538221529,1,1434,2111,3545,0,1,85,3534
"davinci-1 - BullSequana X, AMD EPYC 7402 24C 2.8GHz, NVIDIA A100, Mellanox HDR Infiniband,",1/6/2021,119,EVIDEN,38400,3.45,6.41,2294.598255,0,0.538221529,1,1434,2111,3545,0,1,85,3534
"davinci-1 - BullSequana X, AMD EPYC 7402 24C 2.8GHz, NVIDIA A100, Mellanox HDR Infiniband,",1/11/2020,88,EVIDEN,38400,3.45,6.41,2294.598255,0,0.538221529,1,1434,2111,3545,0,1,85,3534
"Tenaya - HPE Cray EX235a, AMD Optimized 3rd Generation EPYC 64C 2GHz, AMD Instinct MI250X, Slingshot-11,",1/11/2025,366,HPE,22656,3.41,4.37,2294.598255,0,0.780320366,1,1434,2111,3545,0,1,85,3534
"Tenaya - HPE Cray EX235a, AMD Optimized 3rd Generation EPYC 64C 2GHz, AMD Instinct MI250X, Slingshot-11,",1/6/2025,337,HPE,22656,3.41,4.37,2294.598255,0,0.780320366,1,1434,2111,3545,0,1,85,3534
"Tenaya - HPE Cray EX235a, AMD Optimized 3rd Generation EPYC 64C 2GHz, AMD Instinct MI250X, Slingshot-11,",1/11/2024,297,HPE,22656,3.41,4.37,2294.598255,0,0.780320366,1,1434,2111,3545,0,1,85,3534
"Tenaya - HPE Cray EX235a, AMD Optimized 3rd Generation EPYC 64C 2GHz, AMD Instinct MI250X, Slingshot-11,",1/6/2024,259,HPE,22656,3.41,4.37,2294.598255,0,0.780320366,1,1434,2111,3545,0,1,85,3534
"Tenaya - HPE Cray EX235a, AMD Optimized 3rd Generation EPYC 64C 2GHz, AMD Instinct MI250X, Slingshot-11,",1/11/2023,229,HPE,22656,3.41,4.37,2294.598255,0,0.780320366,1,1434,2111,3545,0,1,85,3534
"Tenaya - HPE Cray EX235a, AMD Optimized 3rd Generation EPYC 64C 2GHz, AMD Instinct MI250X, Slingshot-11,",1/6/2023,194,HPE,22656,3.41,4.37,2294.598255,0,0.780320366,1,1434,2111,3545,0,1,85,3534
"Tenaya - HPE Cray EX235a, AMD Optimized 3rd Generation EPYC 64C 2GHz, AMD Instinct MI250X, Slingshot-11,",1/11/2022,165,HPE,22656,3.41,4.37,2294.598255,0,0.780320366,1,1434,2111,3545,0,1,85,3534
"Tenaya - HPE Cray EX235a, AMD Optimized 3rd Generation EPYC 64C 2GHz, AMD Instinct MI250X, Slingshot-11,",1/6/2022,200,HPE,22656,2.86,4.37,2294.598255,0,0.654462243,1,1434,2111,3545,0,1,85,3534
"SEAS H100 - ThinkSystem SD665-N V3, AMD EPYC 9454 48C 2.75GHz, NVIDIA H100 80GB, Infiniband HDR, Linux,",1/11/2025,367,Lenovo,13104,3.38,4.38,80.55,0.041961515,0.771689498,1,1434,2111,3545,0,1,85,3534
"SEAS H100 - ThinkSystem SD665-N V3, AMD EPYC 9454 48C 2.75GHz, NVIDIA H100 80GB, Infiniband HDR, Linux,",1/6/2025,338,Lenovo,13104,3.38,4.38,80.55,0.041961515,0.771689498,1,1434,2111,3545,0,1,85,3534
"SEAS H100 - ThinkSystem SD665-N V3, AMD EPYC 9454 48C 2.75GHz, NVIDIA H100 80GB, Infiniband HDR, Linux,",1/11/2024,298,Lenovo,13104,3.38,4.38,80.55,0.041961515,0.771689498,1,1434,2111,3545,0,1,85,3534
"Cedar (GPU) - PowerEdge C6420, Xeon Silver 4216 16C 2.1GHz, NVIDIA Tesla V100, Intel Omni-Path,",1/11/2025,368,DELL,67584,3.37,5.83,310,0.010870968,0.578044597,1,1434,2111,3545,0,1,85,3534
"Cedar (GPU) - PowerEdge C6420, Xeon Silver 4216 16C 2.1GHz, NVIDIA Tesla V100, Intel Omni-Path,",1/6/2025,339,DELL,67584,3.37,5.83,310,0.010870968,0.578044597,1,1434,2111,3545,0,1,85,3534
"Cedar (GPU) - PowerEdge C6420, Xeon Silver 4216 16C 2.1GHz, NVIDIA Tesla V100, Intel Omni-Path,",1/11/2024,299,DELL,67584,3.37,5.83,310,0.010870968,0.578044597,1,1434,2111,3545,0,1,85,3534
"Cedar (GPU) - PowerEdge C6420, Xeon Silver 4216 16C 2.1GHz, NVIDIA Tesla V100, Intel Omni-Path,",1/6/2024,260,DELL,67584,3.37,5.83,310,0.010870968,0.578044597,1,1434,2111,3545,0,1,85,3534
"Cedar (GPU) - PowerEdge C6420, Xeon Silver 4216 16C 2.1GHz, NVIDIA Tesla V100, Intel Omni-Path,",1/11/2023,230,DELL,67584,3.37,5.83,310,0.010870968,0.578044597,1,1434,2111,3545,0,1,85,3534
"Cedar (GPU) - PowerEdge C6420, Xeon Silver 4216 16C 2.1GHz, NVIDIA Tesla V100, Intel Omni-Path,",1/6/2023,195,DELL,67584,3.37,5.83,310,0.010870968,0.578044597,1,1434,2111,3545,0,1,85,3534
"Cedar (GPU) - PowerEdge C6420, Xeon Silver 4216 16C 2.1GHz, NVIDIA Tesla V100, Intel Omni-Path,",1/11/2022,166,DELL,67584,3.37,5.83,310,0.010870968,0.578044597,1,1434,2111,3545,0,1,85,3534
"Cedar (GPU) - PowerEdge C6420, Xeon Silver 4216 16C 2.1GHz, NVIDIA Tesla V100, Intel Omni-Path,",1/6/2022,151,DELL,67584,3.37,5.83,310,0.010870968,0.578044597,1,1434,2111,3545,0,1,85,3534
"Cedar (GPU) - PowerEdge C6420, Xeon Silver 4216 16C 2.1GHz, NVIDIA Tesla V100, Intel Omni-Path,",1/11/2021,137,DELL,67584,3.37,5.83,310,0.010870968,0.578044597,1,1434,2111,3545,0,1,85,3534
"Cedar (GPU) - PowerEdge C6420, Xeon Silver 4216 16C 2.1GHz, NVIDIA Tesla V100, Intel Omni-Path,",1/6/2021,120,DELL,67584,3.37,5.83,310,0.010870968,0.578044597,1,1434,2111,3545,0,1,85,3534
"Cedar (GPU) - PowerEdge C6420, Xeon Silver 4216 16C 2.1GHz, NVIDIA Tesla V100, Intel Omni-Path,",1/11/2020,89,DELL,67584,3.37,5.83,310,0.010870968,0.578044597,1,1434,2111,3545,0,1,85,3534
"Cedar (GPU) - PowerEdge C6420, Xeon Silver 4216 16C 2.1GHz, NVIDIA Tesla V100, Intel Omni-Path,",1/6/2020,74,DELL,67584,3.37,5.83,310,0.010870968,0.578044597,1,1434,2111,3545,0,1,85,3534
"Molecular Simulator - Apollo 2000 Gen10 Plus, AMD EPYC 7763 64C 2.45GHz, NVIDIA A100, InfiniBand HDR 100,",1/11/2025,369,HPE,106496,3.34,4.17,2294.598255,0,0.800959233,1,1434,2111,3545,0,1,85,3534
"Molecular Simulator - Apollo 2000 Gen10 Plus, AMD EPYC 7763 64C 2.45GHz, NVIDIA A100, InfiniBand HDR 100,",1/6/2025,340,HPE,106496,3.34,4.17,2294.598255,0,0.800959233,1,1434,2111,3545,0,1,85,3534
"Molecular Simulator - Apollo 2000 Gen10 Plus, AMD EPYC 7763 64C 2.45GHz, NVIDIA A100, InfiniBand HDR 100,",1/11/2024,300,HPE,106496,3.34,4.17,2294.598255,0,0.800959233,1,1434,2111,3545,0,1,85,3534
"Molecular Simulator - Apollo 2000 Gen10 Plus, AMD EPYC 7763 64C 2.45GHz, NVIDIA A100, InfiniBand HDR 100,",1/6/2024,261,HPE,106496,3.34,4.17,2294.598255,0,0.800959233,1,1434,2111,3545,0,1,85,3534
"Molecular Simulator - Apollo 2000 Gen10 Plus, AMD EPYC 7763 64C 2.45GHz, NVIDIA A100, InfiniBand HDR 100,",1/11/2023,231,HPE,106496,3.34,4.17,2294.598255,0,0.800959233,1,1434,2111,3545,0,1,85,3534
"Molecular Simulator - Apollo 2000 Gen10 Plus, AMD EPYC 7763 64C 2.45GHz, NVIDIA A100, InfiniBand HDR 100,",1/6/2023,196,HPE,106496,3.34,4.17,2294.598255,0,0.800959233,1,1434,2111,3545,0,1,85,3534
"ASPIRE 2A (GPU Partition) - HPE Cray EX235n, Apollo 6500, AMD EPYC 7713 64C 2GHz, NVIDIA A100 SXM4 40 GB, Slingshot-10,",1/11/2025,370,HPE,43648,3.33,6.48,2294.598255,0,0.513888889,1,1434,2111,3545,0,1,85,3534
"ASPIRE 2A (GPU Partition) - HPE Cray EX235n, Apollo 6500, AMD EPYC 7713 64C 2GHz, NVIDIA A100 SXM4 40 GB, Slingshot-10,",1/6/2025,341,HPE,43648,3.33,6.48,2294.598255,0,0.513888889,1,1434,2111,3545,0,1,85,3534
"ASPIRE 2A (GPU Partition) - HPE Cray EX235n, Apollo 6500, AMD EPYC 7713 64C 2GHz, NVIDIA A100 SXM4 40 GB, Slingshot-10,",1/11/2024,301,HPE,43648,3.33,6.48,2294.598255,0,0.513888889,1,1434,2111,3545,0,1,85,3534
"ASPIRE 2A (GPU Partition) - HPE Cray EX235n, Apollo 6500, AMD EPYC 7713 64C 2GHz, NVIDIA A100 SXM4 40 GB, Slingshot-10,",1/6/2024,262,HPE,43648,3.33,6.48,2294.598255,0,0.513888889,1,1434,2111,3545,0,1,85,3534
"ASPIRE 2A (GPU Partition) - HPE Cray EX235n, Apollo 6500, AMD EPYC 7713 64C 2GHz, NVIDIA A100 SXM4 40 GB, Slingshot-10,",1/11/2023,232,HPE,43648,3.33,6.48,2294.598255,0,0.513888889,1,1434,2111,3545,0,1,85,3534
"ASPIRE 2A (GPU Partition) - HPE Cray EX235n, Apollo 6500, AMD EPYC 7713 64C 2GHz, NVIDIA A100 SXM4 40 GB, Slingshot-10,",1/6/2023,197,HPE,43648,3.33,6.48,2294.598255,0,0.513888889,1,1434,2111,3545,0,1,85,3534
"ASPIRE 2A (GPU Partition) - HPE Cray EX235n, Apollo 6500, AMD EPYC 7713 64C 2GHz, NVIDIA A100 SXM4 40 GB, Slingshot-10,",1/11/2022,167,HPE,43648,3.33,6.48,2294.598255,0,0.513888889,1,1434,2111,3545,0,1,85,3534
"ASPIRE 2A (GPU Partition) - HPE Cray EX235n, Apollo 6500, AMD EPYC 7713 64C 2GHz, NVIDIA A100 SXM4 40 GB, Slingshot-10,",1/6/2022,199,HPE,31744,2.86,5.12,2294.598255,0,0.55859375,1,1434,2111,3545,0,1,85,3534
"NA4 - Lenovo ThinkSystem SR650 V2, Xeon Platinum 8358 32C 2.6GHz, 100G Ethernet,",1/11/2025,371,Lenovo,85248,3.32,7.09,2294.598255,0,0.468265162,0,1434,2111,3545,0,1,85,3534
"NA4 - Lenovo ThinkSystem SR650 V2, Xeon Platinum 8358 32C 2.6GHz, 100G Ethernet,",1/6/2025,342,Lenovo,85248,3.32,7.09,2294.598255,0,0.468265162,0,1434,2111,3545,0,1,85,3534
"NA4 - Lenovo ThinkSystem SR650 V2, Xeon Platinum 8358 32C 2.6GHz, 100G Ethernet,",1/11/2024,302,Lenovo,85248,3.32,7.09,2294.598255,0,0.468265162,0,1434,2111,3545,0,1,85,3534
"NA4 - Lenovo ThinkSystem SR650 V2, Xeon Platinum 8358 32C 2.6GHz, 100G Ethernet,",1/6/2024,263,Lenovo,85248,3.32,7.09,2294.598255,0,0.468265162,0,1434,2111,3545,0,1,85,3534
"NA4 - Lenovo ThinkSystem SR650 V2, Xeon Platinum 8358 32C 2.6GHz, 100G Ethernet,",1/11/2023,233,Lenovo,85248,3.32,7.09,2294.598255,0,0.468265162,0,1434,2111,3545,0,1,85,3534
"NA4 - Lenovo ThinkSystem SR650 V2, Xeon Platinum 8358 32C 2.6GHz, 100G Ethernet,",1/6/2023,198,Lenovo,85248,3.32,7.09,2294.598255,0,0.468265162,0,1434,2111,3545,0,1,85,3534
"NA4A - Lenovo ThinkSystem SR650 V2, Xeon Platinum 8358 32C 2.6GHz, 100G Ethernet,",1/11/2025,372,Lenovo,85248,3.32,7.09,2294.598255,0,0.468265162,0,1434,2111,3545,0,1,85,3534
"NA4A - Lenovo ThinkSystem SR650 V2, Xeon Platinum 8358 32C 2.6GHz, 100G Ethernet,",1/6/2025,343,Lenovo,85248,3.32,7.09,2294.598255,0,0.468265162,0,1434,2111,3545,0,1,85,3534
"NA4A - Lenovo ThinkSystem SR650 V2, Xeon Platinum 8358 32C 2.6GHz, 100G Ethernet,",1/11/2024,303,Lenovo,85248,3.32,7.09,2294.598255,0,0.468265162,0,1434,2111,3545,0,1,85,3534
"NA4A - Lenovo ThinkSystem SR650 V2, Xeon Platinum 8358 32C 2.6GHz, 100G Ethernet,",1/6/2024,264,Lenovo,85248,3.32,7.09,2294.598255,0,0.468265162,0,1434,2111,3545,0,1,85,3534
"NA4A - Lenovo ThinkSystem SR650 V2, Xeon Platinum 8358 32C 2.6GHz, 100G Ethernet,",1/11/2023,234,Lenovo,85248,3.32,7.09,2294.598255,0,0.468265162,0,1434,2111,3545,0,1,85,3534
"NVIDIA DGX-1/Relion 2904GT, Xeon E5-2698v4 20C 2.2GHz/ E5-2650v4, Infiniband EDR, NVIDIA Tesla P100/Quadro GP100,",1/11/2025,373,Self-made,60512,3.31,4.9,349.5,0.009470672,0.675510204,1,1434,2111,3545,0,1,85,3534
"NVIDIA DGX-1/Relion 2904GT, Xeon E5-2698v4 20C 2.2GHz/ E5-2650v4, Infiniband EDR, NVIDIA Tesla P100/Quadro GP100,",1/6/2025,345,Self-made,60512,3.31,4.9,349.5,0.009470672,0.675510204,1,1434,2111,3545,0,1,85,3534
"NVIDIA DGX-1/Relion 2904GT, Xeon E5-2698v4 20C 2.2GHz/ E5-2650v4, Infiniband EDR, NVIDIA Tesla P100/Quadro GP100,",1/11/2024,305,Self-made,60512,3.31,4.9,349.5,0.009470672,0.675510204,1,1434,2111,3545,0,1,85,3534
"NVIDIA DGX-1/Relion 2904GT, Xeon E5-2698v4 20C 2.2GHz/ E5-2650v4, Infiniband EDR, NVIDIA Tesla P100/Quadro GP100,",1/6/2024,266,Self-made,60512,3.31,4.9,349.5,0.009470672,0.675510204,1,1434,2111,3545,0,1,85,3534
"NVIDIA DGX-1/Relion 2904GT, Xeon E5-2698v4 20C 2.2GHz/ E5-2650v4, Infiniband EDR, NVIDIA Tesla P100/Quadro GP100,",1/11/2023,236,Self-made,60512,3.31,4.9,349.5,0.009470672,0.675510204,1,1434,2111,3545,0,1,85,3534
"NVIDIA DGX-1/Relion 2904GT, Xeon E5-2698v4 20C 2.2GHz/ E5-2650v4, Infiniband EDR, NVIDIA Tesla P100/Quadro GP100,",1/6/2023,200,Self-made,60512,3.31,4.9,349.5,0.009470672,0.675510204,1,1434,2111,3545,0,1,85,3534
"NVIDIA DGX-1/Relion 2904GT, Xeon E5-2698v4 20C 2.2GHz/ E5-2650v4, Infiniband EDR, NVIDIA Tesla P100/Quadro GP100,",1/11/2022,169,Self-made,60512,3.31,4.9,349.5,0.009470672,0.675510204,1,1434,2111,3545,0,1,85,3534
"NVIDIA DGX-1/Relion 2904GT, Xeon E5-2698v4 20C 2.2GHz/ E5-2650v4, Infiniband EDR, NVIDIA Tesla P100/Quadro GP100,",1/6/2022,153,Self-made,60512,3.31,4.9,349.5,0.009470672,0.675510204,1,1434,2111,3545,0,1,85,3534
"NVIDIA DGX-1/Relion 2904GT, Xeon E5-2698v4 20C 2.2GHz/ E5-2650v4, Infiniband EDR, NVIDIA Tesla P100/Quadro GP100,",1/11/2021,139,Self-made,60512,3.31,4.9,349.5,0.009470672,0.675510204,1,1434,2111,3545,0,1,85,3534
"NVIDIA DGX-1/Relion 2904GT, Xeon E5-2698v4 20C 2.2GHz/ E5-2650v4, Infiniband EDR, NVIDIA Tesla P100/Quadro GP100,",1/6/2021,122,Self-made,60512,3.31,4.9,349.5,0.009470672,0.675510204,1,1434,2111,3545,0,1,85,3534
"NVIDIA DGX-1/Relion 2904GT, Xeon E5-2698v4 20C 2.2GHz/ E5-2650v4, Infiniband EDR, NVIDIA Tesla P100/Quadro GP100,",1/11/2020,91,Self-made,60512,3.31,4.9,349.5,0.009470672,0.675510204,1,1434,2111,3545,0,1,85,3534
"NVIDIA DGX-1/Relion 2904GT, Xeon E5-2698v4 20C 2.2GHz/ E5-2650v4, Infiniband EDR, NVIDIA Tesla P100/Quadro GP100,",1/6/2020,76,Self-made,60512,3.31,4.9,349.5,0.009470672,0.675510204,1,1434,2111,3545,0,1,85,3534
"NVIDIA DGX-1/Relion 2904GT, Xeon E5-2698v4 20C 2.2GHz/ E5-2650v4, Infiniband EDR, NVIDIA Tesla P100/Quadro GP100,",1/11/2019,66,Self-made,60512,3.31,4.9,349.5,0.009470672,0.675510204,1,1434,2111,3545,0,1,85,3534
"NVIDIA DGX-1/Relion 2904GT, Xeon E5-2698v4 20C 2.2GHz/ E5-2650v4, Infiniband EDR, NVIDIA Tesla P100/Quadro GP100,",1/6/2019,60,Self-made,60512,3.31,4.9,349.5,0.009470672,0.675510204,1,1434,2111,3545,0,1,85,3534
"NVIDIA DGX-1/Relion 2904GT, Xeon E5-2698v4 20C 2.2GHz/ E5-2650v4, Infiniband EDR, NVIDIA Tesla P100/Quadro GP100,",1/11/2018,50,Self-made,60512,3.31,4.9,349.5,0.009470672,0.675510204,1,1434,2111,3545,0,1,85,3534
"NVIDIA DGX-1/Relion 2904GT, Xeon E5-2698v4 20C 2.2GHz/ E5-2650v4, Infiniband EDR, NVIDIA Tesla P100/Quadro GP100,",1/6/2018,45,Self-made,60512,3.31,4.9,349.5,0.009470672,0.675510204,1,1434,2111,3545,0,1,85,3534
"NVIDIA DGX-1/Relion 2904GT, Xeon E5-2698v4 20C 2.2GHz/ E5-2650v4, Infiniband EDR, NVIDIA Tesla P100/Quadro GP100,",1/11/2017,36,Self-made,60512,3.31,4.9,349.5,0.009470672,0.675510204,1,1434,2111,3545,0,1,85,3534
"NVIDIA DGX-1/Relion 2904GT, Xeon E5-2698v4 20C 2.2GHz/ E5-2650v4, Infiniband EDR, NVIDIA Tesla P100/Quadro GP100,",1/6/2017,32,Self-made,60512,3.31,4.9,349.5,0.009470672,0.675510204,1,1434,2111,3545,0,1,85,3534
"SEIRAN - NVIDIA DGX B200, Xeon Platinum 8570 56C 2.1GHz, NVIDIA B200 SXM 180GB, Infiniband NDR200, Ubuntu 24.04.3 LTS,",1/11/2025,374,Nvidia,15552,3.3,3.66,2294.598255,0,0.901639344,1,1434,2111,3545,0,1,85,3534
"Topaze-cpu - BullSequana XH2000, AMD EPYC 7763 64C 2.45GHz, InfiniBand HDR100,",1/11/2025,375,EVIDEN,110592,3.26,4.34,2294.598255,0,0.751152074,0,1434,2111,3545,0,1,85,3534
"Topaze-cpu - BullSequana XH2000, AMD EPYC 7763 64C 2.45GHz, InfiniBand HDR100,",1/6/2025,346,EVIDEN,110592,3.26,4.34,2294.598255,0,0.751152074,0,1434,2111,3545,0,1,85,3534
"Topaze-cpu - BullSequana XH2000, AMD EPYC 7763 64C 2.45GHz, InfiniBand HDR100,",1/11/2024,306,EVIDEN,110592,3.26,4.34,2294.598255,0,0.751152074,0,1434,2111,3545,0,1,85,3534
"Topaze-cpu - BullSequana XH2000, AMD EPYC 7763 64C 2.45GHz, InfiniBand HDR100,",1/6/2024,267,EVIDEN,110592,3.26,4.34,2294.598255,0,0.751152074,0,1434,2111,3545,0,1,85,3534
"Topaze-cpu - BullSequana XH2000, AMD EPYC 7763 64C 2.45GHz, InfiniBand HDR100,",1/11/2023,237,EVIDEN,110592,3.26,4.34,2294.598255,0,0.751152074,0,1434,2111,3545,0,1,85,3534
"Topaze-cpu - BullSequana XH2000, AMD EPYC 7763 64C 2.45GHz, InfiniBand HDR100,",1/6/2023,201,EVIDEN,110592,3.26,4.34,2294.598255,0,0.751152074,0,1434,2111,3545,0,1,85,3534
"Topaze-cpu - BullSequana XH2000, AMD EPYC 7763 64C 2.45GHz, InfiniBand HDR100,",1/11/2022,170,EVIDEN,110592,3.26,4.34,2294.598255,0,0.751152074,0,1434,2111,3545,0,1,85,3534
"Topaze-cpu - BullSequana XH2000, AMD EPYC 7763 64C 2.45GHz, InfiniBand HDR100,",1/6/2022,154,EVIDEN,110592,3.26,4.34,2294.598255,0,0.751152074,0,1434,2111,3545,0,1,85,3534
"Topaze-cpu - BullSequana XH2000, AMD EPYC 7763 64C 2.45GHz, InfiniBand HDR100,",1/11/2021,140,EVIDEN,110592,3.26,4.34,2294.598255,0,0.751152074,0,1434,2111,3545,0,1,85,3534
"Damson - Bull Sequana X1000, Xeon E5-2697v4 18C 2.3GHz, Infiniband EDR,",1/11/2025,376,EVIDEN,113832,3.24,3.79,1134,0.002857143,0.854881266,0,1434,2111,3545,0,1,85,3534
"Damson - Bull Sequana X1000, Xeon E5-2697v4 18C 2.3GHz, Infiniband EDR,",1/6/2025,347,EVIDEN,113832,3.24,3.79,1134,0.002857143,0.854881266,0,1434,2111,3545,0,1,85,3534
"Damson - Bull Sequana X1000, Xeon E5-2697v4 18C 2.3GHz, Infiniband EDR,",1/11/2024,307,EVIDEN,113832,3.24,3.79,1134,0.002857143,0.854881266,0,1434,2111,3545,0,1,85,3534
"Damson - Bull Sequana X1000, Xeon E5-2697v4 18C 2.3GHz, Infiniband EDR,",1/6/2024,268,EVIDEN,113832,3.24,3.79,1134,0.002857143,0.854881266,0,1434,2111,3545,0,1,85,3534
"Damson - Bull Sequana X1000, Xeon E5-2697v4 18C 2.3GHz, Infiniband EDR,",1/11/2023,238,EVIDEN,113832,3.24,3.79,1134,0.002857143,0.854881266,0,1434,2111,3545,0,1,85,3534
"Damson - Bull Sequana X1000, Xeon E5-2697v4 18C 2.3GHz, Infiniband EDR,",1/6/2023,202,EVIDEN,113832,3.24,3.79,1134,0.002857143,0.854881266,0,1434,2111,3545,0,1,85,3534
"Damson - Bull Sequana X1000, Xeon E5-2697v4 18C 2.3GHz, Infiniband EDR,",1/11/2022,172,EVIDEN,113832,3.24,3.79,1134,0.002857143,0.854881266,0,1434,2111,3545,0,1,85,3534
"Damson - Bull Sequana X1000, Xeon E5-2697v4 18C 2.3GHz, Infiniband EDR,",1/6/2022,156,EVIDEN,113832,3.24,3.79,1134,0.002857143,0.854881266,0,1434,2111,3545,0,1,85,3534
"Damson - Bull Sequana X1000, Xeon E5-2697v4 18C 2.3GHz, Infiniband EDR,",1/11/2021,142,EVIDEN,113832,3.24,3.79,1134,0.002857143,0.854881266,0,1434,2111,3545,0,1,85,3534
"Damson - Bull Sequana X1000, Xeon E5-2697v4 18C 2.3GHz, Infiniband EDR,",1/6/2021,125,EVIDEN,113832,3.24,3.79,1134,0.002857143,0.854881266,0,1434,2111,3545,0,1,85,3534
"Damson - Bull Sequana X1000, Xeon E5-2697v4 18C 2.3GHz, Infiniband EDR,",1/11/2020,93,EVIDEN,113832,3.24,3.79,1134,0.002857143,0.854881266,0,1434,2111,3545,0,1,85,3534
"Damson - Bull Sequana X1000, Xeon E5-2697v4 18C 2.3GHz, Infiniband EDR,",1/6/2020,78,EVIDEN,113832,3.24,3.79,1134,0.002857143,0.854881266,0,1434,2111,3545,0,1,85,3534
"Damson - Bull Sequana X1000, Xeon E5-2697v4 18C 2.3GHz, Infiniband EDR,",1/11/2019,68,EVIDEN,113832,3.24,3.79,1134,0.002857143,0.854881266,0,1434,2111,3545,0,1,85,3534
"Damson - Bull Sequana X1000, Xeon E5-2697v4 18C 2.3GHz, Infiniband EDR,",1/6/2019,63,EVIDEN,113832,3.24,3.79,1134,0.002857143,0.854881266,0,1434,2111,3545,0,1,85,3534
"Damson - Bull Sequana X1000, Xeon E5-2697v4 18C 2.3GHz, Infiniband EDR,",1/11/2018,53,EVIDEN,113832,3.24,3.79,1134,0.002857143,0.854881266,0,1434,2111,3545,0,1,85,3534
"Damson - Bull Sequana X1000, Xeon E5-2697v4 18C 2.3GHz, Infiniband EDR,",1/6/2018,47,EVIDEN,113832,3.24,3.79,1134,0.002857143,0.854881266,0,1434,2111,3545,0,1,85,3534
"LLNL/NNSA CTS-1 MAGMA - Relion Cluster, Intel Xeon Platinum 9242 48C 2.3GHz, Intel Omni-Path,",1/11/2025,377,Penguin Computing,62400,3.24,4.59,887,0.003652762,0.705882353,0,1434,2111,3545,0,1,85,3534
"LLNL/NNSA CTS-1 MAGMA - Relion Cluster, Intel Xeon Platinum 9242 48C 2.3GHz, Intel Omni-Path,",1/6/2025,348,Penguin Computing,62400,3.24,4.59,887,0.003652762,0.705882353,0,1434,2111,3545,0,1,85,3534
"LLNL/NNSA CTS-1 MAGMA - Relion Cluster, Intel Xeon Platinum 9242 48C 2.3GHz, Intel Omni-Path,",1/11/2024,308,Penguin Computing,62400,3.24,4.59,887,0.003652762,0.705882353,0,1434,2111,3545,0,1,85,3534
"LLNL/NNSA CTS-1 MAGMA - Relion Cluster, Intel Xeon Platinum 9242 48C 2.3GHz, Intel Omni-Path,",1/6/2024,269,Penguin Computing,62400,3.24,4.59,887,0.003652762,0.705882353,0,1434,2111,3545,0,1,85,3534
"LLNL/NNSA CTS-1 MAGMA - Relion Cluster, Intel Xeon Platinum 9242 48C 2.3GHz, Intel Omni-Path,",1/11/2023,239,Penguin Computing,62400,3.24,4.59,887,0.003652762,0.705882353,0,1434,2111,3545,0,1,85,3534
"LLNL/NNSA CTS-1 MAGMA - Relion Cluster, Intel Xeon Platinum 9242 48C 2.3GHz, Intel Omni-Path,",1/6/2023,203,Penguin Computing,62400,3.24,4.59,887,0.003652762,0.705882353,0,1434,2111,3545,0,1,85,3534
"LLNL/NNSA CTS-1 MAGMA - Relion Cluster, Intel Xeon Platinum 9242 48C 2.3GHz, Intel Omni-Path,",1/11/2022,173,Penguin Computing,62400,3.24,4.59,887,0.003652762,0.705882353,0,1434,2111,3545,0,1,85,3534
"LLNL/NNSA CTS-1 MAGMA - Relion Cluster, Intel Xeon Platinum 9242 48C 2.3GHz, Intel Omni-Path,",1/6/2022,157,Penguin Computing,62400,3.24,4.59,887,0.003652762,0.705882353,0,1434,2111,3545,0,1,85,3534
"LLNL/NNSA CTS-1 MAGMA - Relion Cluster, Intel Xeon Platinum 9242 48C 2.3GHz, Intel Omni-Path,",1/11/2021,143,Penguin Computing,62400,3.24,4.59,887,0.003652762,0.705882353,0,1434,2111,3545,0,1,85,3534
"LLNL/NNSA CTS-1 MAGMA - Relion Cluster, Intel Xeon Platinum 9242 48C 2.3GHz, Intel Omni-Path,",1/6/2021,126,Penguin Computing,62400,3.24,4.59,887,0.003652762,0.705882353,0,1434,2111,3545,0,1,85,3534
"LLNL/NNSA CTS-1 MAGMA - Relion Cluster, Intel Xeon Platinum 9242 48C 2.3GHz, Intel Omni-Path,",1/11/2020,94,Penguin Computing,62400,3.24,4.59,887,0.003652762,0.705882353,0,1434,2111,3545,0,1,85,3534
"LLNL/NNSA CTS-1 MAGMA - Relion Cluster, Intel Xeon Platinum 9242 48C 2.3GHz, Intel Omni-Path,",1/6/2020,79,Penguin Computing,62400,3.24,4.59,887,0.003652762,0.705882353,0,1434,2111,3545,0,1,85,3534
"LLNL/NNSA CTS-1 MAGMA - Relion Cluster, Intel Xeon Platinum 9242 48C 2.3GHz, Intel Omni-Path,",1/11/2019,69,Penguin Computing,62400,3.24,4.59,887,0.003652762,0.705882353,0,1434,2111,3545,0,1,85,3534
"NA13A - Lenovo ThinkSystem SR665 V2, AMD EPYC 7763 64C 2.45GHz, 100G Ethernet,",1/11/2025,378,Lenovo,156160,3.2,6.12,2294.598255,0,0.522875817,0,1434,2111,3545,0,1,85,3534
"NA13A - Lenovo ThinkSystem SR665 V2, AMD EPYC 7763 64C 2.45GHz, 100G Ethernet,",1/6/2025,350,Lenovo,156160,3.2,6.12,2294.598255,0,0.522875817,0,1434,2111,3545,0,1,85,3534
"NA13A - Lenovo ThinkSystem SR665 V2, AMD EPYC 7763 64C 2.45GHz, 100G Ethernet,",1/11/2024,310,Lenovo,156160,3.2,6.12,2294.598255,0,0.522875817,0,1434,2111,3545,0,1,85,3534
"NA13A - Lenovo ThinkSystem SR665 V2, AMD EPYC 7763 64C 2.45GHz, 100G Ethernet,",1/6/2024,271,Lenovo,156160,3.2,6.12,2294.598255,0,0.522875817,0,1434,2111,3545,0,1,85,3534
"NA13 - Lenovo ThinkSystem SR665 V2, AMD EPYC 7763 64C 2.45GHz, 100G Ethernet,",1/11/2025,379,Lenovo,156160,3.2,6.12,2294.598255,0,0.522875817,0,1434,2111,3545,0,1,85,3534
"NA13 - Lenovo ThinkSystem SR665 V2, AMD EPYC 7763 64C 2.45GHz, 100G Ethernet,",1/6/2025,351,Lenovo,156160,3.2,6.12,2294.598255,0,0.522875817,0,1434,2111,3545,0,1,85,3534
"NA13 - Lenovo ThinkSystem SR665 V2, AMD EPYC 7763 64C 2.45GHz, 100G Ethernet,",1/11/2024,311,Lenovo,156160,3.2,6.12,2294.598255,0,0.522875817,0,1434,2111,3545,0,1,85,3534
"NA13 - Lenovo ThinkSystem SR665 V2, AMD EPYC 7763 64C 2.45GHz, 100G Ethernet,",1/6/2024,272,Lenovo,156160,3.2,6.12,2294.598255,0,0.522875817,0,1434,2111,3545,0,1,85,3534
"Big Red 200, GPU Partition - HPE Cray EX235n, AMD EPYC 7713 64C 2GHz, NVIDIA A100, Slingshot-10,",1/11/2025,380,HPE,31744,3.19,4.01,2294.598255,0,0.795511222,1,1434,2111,3545,0,1,85,3534
"Big Red 200, GPU Partition - HPE Cray EX235n, AMD EPYC 7713 64C 2GHz, NVIDIA A100, Slingshot-10,",1/6/2025,352,HPE,31744,3.19,4.01,2294.598255,0,0.795511222,1,1434,2111,3545,0,1,85,3534
"Big Red 200, GPU Partition - HPE Cray EX235n, AMD EPYC 7713 64C 2GHz, NVIDIA A100, Slingshot-10,",1/11/2024,312,HPE,31744,3.19,4.01,2294.598255,0,0.795511222,1,1434,2111,3545,0,1,85,3534
"Big Red 200, GPU Partition - HPE Cray EX235n, AMD EPYC 7713 64C 2GHz, NVIDIA A100, Slingshot-10,",1/6/2024,273,HPE,31744,3.19,4.01,2294.598255,0,0.795511222,1,1434,2111,3545,0,1,85,3534
"Big Red 200, GPU Partition - HPE Cray EX235n, AMD EPYC 7713 64C 2GHz, NVIDIA A100, Slingshot-10,",1/11/2023,241,HPE,31744,3.19,4.01,2294.598255,0,0.795511222,1,1434,2111,3545,0,1,85,3534
"Big Red 200, GPU Partition - HPE Cray EX235n, AMD EPYC 7713 64C 2GHz, NVIDIA A100, Slingshot-10,",1/6/2023,205,HPE,31744,3.19,4.01,2294.598255,0,0.795511222,1,1434,2111,3545,0,1,85,3534
"Big Red 200, GPU Partition - HPE Cray EX235n, AMD EPYC 7713 64C 2GHz, NVIDIA A100, Slingshot-10,",1/11/2022,176,HPE,31744,3.19,4.01,2294.598255,0,0.795511222,1,1434,2111,3545,0,1,85,3534
"Big Red 200, GPU Partition - HPE Cray EX235n, AMD EPYC 7713 64C 2GHz, NVIDIA A100, Slingshot-10,",1/6/2022,159,HPE,31744,3.19,4.01,2294.598255,0,0.795511222,1,1434,2111,3545,0,1,85,3534
"Big Red 200, GPU Partition - HPE Cray EX235n, AMD EPYC 7713 64C 2GHz, NVIDIA A100, Slingshot-10,",1/11/2021,214,HPE,31744,2.62,4.01,2294.598255,0,0.653366584,1,1434,2111,3545,0,1,85,3534
"Dream-AI - INSPUR NF5688M6, Intel Xeon Gold 6330 28C 2GHz, NVIDIA A100 SXM4 40 GB, Mellanox HDR Infiniband,",1/11/2025,381,Inspur,36960,3.18,6.42,2294.598255,0,0.495327103,1,1434,2111,3545,0,1,85,3534
"Dream-AI - INSPUR NF5688M6, Intel Xeon Gold 6330 28C 2GHz, NVIDIA A100 SXM4 40 GB, Mellanox HDR Infiniband,",1/6/2025,354,Inspur,36960,3.18,6.42,2294.598255,0,0.495327103,1,1434,2111,3545,0,1,85,3534
"Dream-AI - INSPUR NF5688M6, Intel Xeon Gold 6330 28C 2GHz, NVIDIA A100 SXM4 40 GB, Mellanox HDR Infiniband,",1/11/2024,314,Inspur,36960,3.18,6.42,2294.598255,0,0.495327103,1,1434,2111,3545,0,1,85,3534
"Dream-AI - INSPUR NF5688M6, Intel Xeon Gold 6330 28C 2GHz, NVIDIA A100 SXM4 40 GB, Mellanox HDR Infiniband,",1/6/2024,275,Inspur,36960,3.18,6.42,2294.598255,0,0.495327103,1,1434,2111,3545,0,1,85,3534
"Dream-AI - INSPUR NF5688M6, Intel Xeon Gold 6330 28C 2GHz, NVIDIA A100 SXM4 40 GB, Mellanox HDR Infiniband,",1/11/2023,243,Inspur,36960,3.18,6.42,2294.598255,0,0.495327103,1,1434,2111,3545,0,1,85,3534
"Dream-AI - INSPUR NF5688M6, Intel Xeon Gold 6330 28C 2GHz, NVIDIA A100 SXM4 40 GB, Mellanox HDR Infiniband,",1/6/2023,207,Inspur,36960,3.18,6.42,2294.598255,0,0.495327103,1,1434,2111,3545,0,1,85,3534
"Dream-AI - INSPUR NF5688M6, Intel Xeon Gold 6330 28C 2GHz, NVIDIA A100 SXM4 40 GB, Mellanox HDR Infiniband,",1/11/2022,178,Inspur,36960,3.18,6.42,2294.598255,0,0.495327103,1,1434,2111,3545,0,1,85,3534
"Fênix - Bull 4029GP-TVRT, Xeon Gold 5122 4C 3.6GHz, NVIDIA Tesla V100, Infiniband EDR,",1/11/2025,382,EVIDEN,60480,3.16,5.37,389.76,0.008107553,0.588454376,1,1434,2111,3545,0,1,85,3534
"Fênix - Bull 4029GP-TVRT, Xeon Gold 5122 4C 3.6GHz, NVIDIA Tesla V100, Infiniband EDR,",1/6/2025,355,EVIDEN,60480,3.16,5.37,389.76,0.008107553,0.588454376,1,1434,2111,3545,0,1,85,3534
"Fênix - Bull 4029GP-TVRT, Xeon Gold 5122 4C 3.6GHz, NVIDIA Tesla V100, Infiniband EDR,",1/11/2024,315,EVIDEN,60480,3.16,5.37,389.76,0.008107553,0.588454376,1,1434,2111,3545,0,1,85,3534
"Fênix - Bull 4029GP-TVRT, Xeon Gold 5122 4C 3.6GHz, NVIDIA Tesla V100, Infiniband EDR,",1/6/2024,276,EVIDEN,60480,3.16,5.37,389.76,0.008107553,0.588454376,1,1434,2111,3545,0,1,85,3534
"Fênix - Bull 4029GP-TVRT, Xeon Gold 5122 4C 3.6GHz, NVIDIA Tesla V100, Infiniband EDR,",1/11/2023,244,EVIDEN,60480,3.16,5.37,389.76,0.008107553,0.588454376,1,1434,2111,3545,0,1,85,3534
"Fênix - Bull 4029GP-TVRT, Xeon Gold 5122 4C 3.6GHz, NVIDIA Tesla V100, Infiniband EDR,",1/6/2023,208,EVIDEN,60480,3.16,5.37,389.76,0.008107553,0.588454376,1,1434,2111,3545,0,1,85,3534
"Fênix - Bull 4029GP-TVRT, Xeon Gold 5122 4C 3.6GHz, NVIDIA Tesla V100, Infiniband EDR,",1/11/2022,179,EVIDEN,60480,3.16,5.37,389.76,0.008107553,0.588454376,1,1434,2111,3545,0,1,85,3534
"Fênix - Bull 4029GP-TVRT, Xeon Gold 5122 4C 3.6GHz, NVIDIA Tesla V100, Infiniband EDR,",1/6/2022,161,EVIDEN,60480,3.16,5.37,389.76,0.008107553,0.588454376,1,1434,2111,3545,0,1,85,3534
"Fênix - Bull 4029GP-TVRT, Xeon Gold 5122 4C 3.6GHz, NVIDIA Tesla V100, Infiniband EDR,",1/11/2021,146,EVIDEN,60480,3.16,5.37,389.76,0.008107553,0.588454376,1,1434,2111,3545,0,1,85,3534
"Fênix - Bull 4029GP-TVRT, Xeon Gold 5122 4C 3.6GHz, NVIDIA Tesla V100, Infiniband EDR,",1/6/2021,129,EVIDEN,60480,3.16,5.37,389.76,0.008107553,0.588454376,1,1434,2111,3545,0,1,85,3534
"Fênix - Bull 4029GP-TVRT, Xeon Gold 5122 4C 3.6GHz, NVIDIA Tesla V100, Infiniband EDR,",1/11/2020,97,EVIDEN,60480,3.16,5.37,389.76,0.008107553,0.588454376,1,1434,2111,3545,0,1,85,3534
"Fênix - Bull 4029GP-TVRT, Xeon Gold 5122 4C 3.6GHz, NVIDIA Tesla V100, Infiniband EDR,",1/6/2020,82,EVIDEN,60480,3.16,5.37,389.76,0.008107553,0.588454376,1,1434,2111,3545,0,1,85,3534
"Fênix - Bull 4029GP-TVRT, Xeon Gold 5122 4C 3.6GHz, NVIDIA Tesla V100, Infiniband EDR,",1/11/2019,195,EVIDEN,48384,1.84,4.3,287,0.00641115,0.427906977,1,1434,2111,3545,0,1,85,3534
"Fênix - Bull 4029GP-TVRT, Xeon Gold 5122 4C 3.6GHz, NVIDIA Tesla V100, Infiniband EDR,",1/6/2019,142,EVIDEN,48384,1.84,4.3,287,0.00641115,0.427906977,1,1434,2111,3545,0,1,85,3534
"Toubkal - PowerEdge C6420, CRC-StackHPC, Xeon Platinum 8276L 28C 2.2GHz, Mellanox InfiniBand HDR100,",1/11/2025,383,DELL,71232,3.16,5.01,754.92,0.004185874,0.630738523,0,1434,2111,3545,0,1,85,3534
"Toubkal - PowerEdge C6420, CRC-StackHPC, Xeon Platinum 8276L 28C 2.2GHz, Mellanox InfiniBand HDR100,",1/6/2025,356,DELL,71232,3.16,5.01,754.92,0.004185874,0.630738523,0,1434,2111,3545,0,1,85,3534
"Toubkal - PowerEdge C6420, CRC-StackHPC, Xeon Platinum 8276L 28C 2.2GHz, Mellanox InfiniBand HDR100,",1/11/2024,316,DELL,71232,3.16,5.01,754.92,0.004185874,0.630738523,0,1434,2111,3545,0,1,85,3534
"Toubkal - PowerEdge C6420, CRC-StackHPC, Xeon Platinum 8276L 28C 2.2GHz, Mellanox InfiniBand HDR100,",1/6/2024,277,DELL,71232,3.16,5.01,2294.598255,0,0.630738523,0,1434,2111,3545,0,1,85,3534
"Toubkal - PowerEdge C6420, CRC-StackHPC, Xeon Platinum 8276L 28C 2.2GHz, Mellanox InfiniBand HDR100,",1/11/2023,245,DELL,71232,3.16,5.01,2294.598255,0,0.630738523,0,1434,2111,3545,0,1,85,3534
"Toubkal - PowerEdge C6420, CRC-StackHPC, Xeon Platinum 8276L 28C 2.2GHz, Mellanox InfiniBand HDR100,",1/6/2023,209,DELL,71232,3.16,5.01,2294.598255,0,0.630738523,0,1434,2111,3545,0,1,85,3534
"Toubkal - PowerEdge C6420, CRC-StackHPC, Xeon Platinum 8276L 28C 2.2GHz, Mellanox InfiniBand HDR100,",1/11/2022,180,DELL,71232,3.16,5.01,2294.598255,0,0.630738523,0,1434,2111,3545,0,1,85,3534
"Toubkal - PowerEdge C6420, CRC-StackHPC, Xeon Platinum 8276L 28C 2.2GHz, Mellanox InfiniBand HDR100,",1/6/2022,162,DELL,71232,3.16,5.01,2294.598255,0,0.630738523,0,1434,2111,3545,0,1,85,3534
"Toubkal - PowerEdge C6420, CRC-StackHPC, Xeon Platinum 8276L 28C 2.2GHz, Mellanox InfiniBand HDR100,",1/11/2021,147,DELL,71232,3.16,5.01,2294.598255,0,0.630738523,0,1434,2111,3545,0,1,85,3534
"Toubkal - PowerEdge C6420, CRC-StackHPC, Xeon Platinum 8276L 28C 2.2GHz, Mellanox InfiniBand HDR100,",1/6/2021,130,DELL,71232,3.16,5.01,2294.598255,0,0.630738523,0,1434,2111,3545,0,1,85,3534
"Toubkal - PowerEdge C6420, CRC-StackHPC, Xeon Platinum 8276L 28C 2.2GHz, Mellanox InfiniBand HDR100,",1/11/2020,98,DELL,71232,3.16,5.01,2294.598255,0,0.630738523,0,1434,2111,3545,0,1,85,3534
"ThinkSystem C2397, Xeon Platinum 8280 28C 2.7GHz, 100G Ethernet,",1/11/2025,384,Lenovo,71680,3.15,6.19,2294.598255,0,0.508885299,0,1434,2111,3545,0,1,85,3534
"ThinkSystem C2397, Xeon Platinum 8280 28C 2.7GHz, 100G Ethernet,",1/6/2025,357,Lenovo,71680,3.15,6.19,2294.598255,0,0.508885299,0,1434,2111,3545,0,1,85,3534
"ThinkSystem C2397, Xeon Platinum 8280 28C 2.7GHz, 100G Ethernet,",1/11/2024,317,Lenovo,71680,3.15,6.19,2294.598255,0,0.508885299,0,1434,2111,3545,0,1,85,3534
"ThinkSystem C2397, Xeon Platinum 8280 28C 2.7GHz, 100G Ethernet,",1/6/2024,278,Lenovo,71680,3.15,6.19,2294.598255,0,0.508885299,0,1434,2111,3545,0,1,85,3534
"ThinkSystem C2397, Xeon Platinum 8280 28C 2.7GHz, 100G Ethernet,",1/11/2023,246,Lenovo,71680,3.15,6.19,2294.598255,0,0.508885299,0,1434,2111,3545,0,1,85,3534
"ThinkSystem C2397, Xeon Platinum 8280 28C 2.7GHz, 100G Ethernet,",1/6/2023,210,Lenovo,71680,3.15,6.19,2294.598255,0,0.508885299,0,1434,2111,3545,0,1,85,3534
"ThinkSystem C2397, Xeon Platinum 8280 28C 2.7GHz, 100G Ethernet,",1/11/2022,181,Lenovo,71680,3.15,6.19,2294.598255,0,0.508885299,0,1434,2111,3545,0,1,85,3534
"ThinkSystem C2397, Xeon Platinum 8280 28C 2.7GHz, 100G Ethernet,",1/6/2022,163,Lenovo,71680,3.15,6.19,2294.598255,0,0.508885299,0,1434,2111,3545,0,1,85,3534
"ThinkSystem C2397, Xeon Platinum 8280 28C 2.7GHz, 100G Ethernet,",1/11/2021,148,Lenovo,71680,3.15,6.19,2294.598255,0,0.508885299,0,1434,2111,3545,0,1,85,3534
"B5A - ThinkSystem C2397, Xeon Platinum 8280 28C 2.7GHz, 100G Ethernet,",1/11/2025,385,Lenovo,71680,3.15,6.19,2294.598255,0,0.508885299,0,1434,2111,3545,0,1,85,3534
"B5A - ThinkSystem C2397, Xeon Platinum 8280 28C 2.7GHz, 100G Ethernet,",1/6/2025,358,Lenovo,71680,3.15,6.19,2294.598255,0,0.508885299,0,1434,2111,3545,0,1,85,3534
"B5A - ThinkSystem C2397, Xeon Platinum 8280 28C 2.7GHz, 100G Ethernet,",1/11/2024,318,Lenovo,71680,3.15,6.19,2294.598255,0,0.508885299,0,1434,2111,3545,0,1,85,3534
"B5A - ThinkSystem C2397, Xeon Platinum 8280 28C 2.7GHz, 100G Ethernet,",1/6/2024,279,Lenovo,71680,3.15,6.19,2294.598255,0,0.508885299,0,1434,2111,3545,0,1,85,3534
"B5A - ThinkSystem C2397, Xeon Platinum 8280 28C 2.7GHz, 100G Ethernet,",1/11/2023,247,Lenovo,71680,3.15,6.19,2294.598255,0,0.508885299,0,1434,2111,3545,0,1,85,3534
"B5A - ThinkSystem C2397, Xeon Platinum 8280 28C 2.7GHz, 100G Ethernet,",1/6/2023,211,Lenovo,71680,3.15,6.19,2294.598255,0,0.508885299,0,1434,2111,3545,0,1,85,3534
"B5A - ThinkSystem C2397, Xeon Platinum 8280 28C 2.7GHz, 100G Ethernet,",1/11/2022,182,Lenovo,71680,3.15,6.19,2294.598255,0,0.508885299,0,1434,2111,3545,0,1,85,3534
"B5A - ThinkSystem C2397, Xeon Platinum 8280 28C 2.7GHz, 100G Ethernet,",1/6/2022,164,Lenovo,71680,3.15,6.19,2294.598255,0,0.508885299,0,1434,2111,3545,0,1,85,3534
"B5A - ThinkSystem C2397, Xeon Platinum 8280 28C 2.7GHz, 100G Ethernet,",1/11/2021,149,Lenovo,71680,3.15,6.19,2294.598255,0,0.508885299,0,1434,2111,3545,0,1,85,3534
"AID1 - ThinkSystem C2397, Xeon Platinum 8280 28C 2.7GHz, Broadcom,",1/11/2025,386,Lenovo,71680,3.15,6.19,2294.598255,0,0.508885299,0,1434,2111,3545,0,1,85,3534
"AID1 - ThinkSystem C2397, Xeon Platinum 8280 28C 2.7GHz, Broadcom,",1/6/2025,359,Lenovo,71680,3.15,6.19,2294.598255,0,0.508885299,0,1434,2111,3545,0,1,85,3534
"AID1 - ThinkSystem C2397, Xeon Platinum 8280 28C 2.7GHz, Broadcom,",1/11/2024,319,Lenovo,71680,3.15,6.19,2294.598255,0,0.508885299,0,1434,2111,3545,0,1,85,3534
"AID1 - ThinkSystem C2397, Xeon Platinum 8280 28C 2.7GHz, Broadcom,",1/6/2024,280,Lenovo,71680,3.15,6.19,2294.598255,0,0.508885299,0,1434,2111,3545,0,1,85,3534
"AID1 - ThinkSystem C2397, Xeon Platinum 8280 28C 2.7GHz, Broadcom,",1/11/2023,248,Lenovo,71680,3.15,6.19,2294.598255,0,0.508885299,0,1434,2111,3545,0,1,85,3534
"AID1 - ThinkSystem C2397, Xeon Platinum 8280 28C 2.7GHz, Broadcom,",1/6/2023,212,Lenovo,71680,3.15,6.19,2294.598255,0,0.508885299,0,1434,2111,3545,0,1,85,3534
"AID1 - ThinkSystem C2397, Xeon Platinum 8280 28C 2.7GHz, Broadcom,",1/11/2022,183,Lenovo,71680,3.15,6.19,2294.598255,0,0.508885299,0,1434,2111,3545,0,1,85,3534
"NOJP1 - ThinkSystem C2397, Xeon Platinum 8280 28C 2.7GHz, Broadcom,",1/11/2025,387,Lenovo,71680,3.15,6.19,2294.598255,0,0.508885299,0,1434,2111,3545,0,1,85,3534
"NOJP1 - ThinkSystem C2397, Xeon Platinum 8280 28C 2.7GHz, Broadcom,",1/6/2025,360,Lenovo,71680,3.15,6.19,2294.598255,0,0.508885299,0,1434,2111,3545,0,1,85,3534
"NOJP1 - ThinkSystem C2397, Xeon Platinum 8280 28C 2.7GHz, Broadcom,",1/11/2024,320,Lenovo,71680,3.15,6.19,2294.598255,0,0.508885299,0,1434,2111,3545,0,1,85,3534
"NOJP1 - ThinkSystem C2397, Xeon Platinum 8280 28C 2.7GHz, Broadcom,",1/6/2024,281,Lenovo,71680,3.15,6.19,2294.598255,0,0.508885299,0,1434,2111,3545,0,1,85,3534
"NOJP1 - ThinkSystem C2397, Xeon Platinum 8280 28C 2.7GHz, Broadcom,",1/11/2023,249,Lenovo,71680,3.15,6.19,2294.598255,0,0.508885299,0,1434,2111,3545,0,1,85,3534
"NOJP1 - ThinkSystem C2397, Xeon Platinum 8280 28C 2.7GHz, Broadcom,",1/6/2023,213,Lenovo,71680,3.15,6.19,2294.598255,0,0.508885299,0,1434,2111,3545,0,1,85,3534
"NOJP1 - ThinkSystem C2397, Xeon Platinum 8280 28C 2.7GHz, Broadcom,",1/11/2022,184,Lenovo,71680,3.15,6.19,2294.598255,0,0.508885299,0,1434,2111,3545,0,1,85,3534
"NONY1 - ThinkSystem C2397, Xeon Platinum 8280 28C 2.7GHz, Broadcom,",1/11/2025,388,Lenovo,71680,3.15,6.19,2294.598255,0,0.508885299,0,1434,2111,3545,0,1,85,3534
"NONY1 - ThinkSystem C2397, Xeon Platinum 8280 28C 2.7GHz, Broadcom,",1/6/2025,361,Lenovo,71680,3.15,6.19,2294.598255,0,0.508885299,0,1434,2111,3545,0,1,85,3534
"NONY1 - ThinkSystem C2397, Xeon Platinum 8280 28C 2.7GHz, Broadcom,",1/11/2024,321,Lenovo,71680,3.15,6.19,2294.598255,0,0.508885299,0,1434,2111,3545,0,1,85,3534
"NONY1 - ThinkSystem C2397, Xeon Platinum 8280 28C 2.7GHz, Broadcom,",1/6/2024,282,Lenovo,71680,3.15,6.19,2294.598255,0,0.508885299,0,1434,2111,3545,0,1,85,3534
"NONY1 - ThinkSystem C2397, Xeon Platinum 8280 28C 2.7GHz, Broadcom,",1/11/2023,250,Lenovo,71680,3.15,6.19,2294.598255,0,0.508885299,0,1434,2111,3545,0,1,85,3534
"NONY1 - ThinkSystem C2397, Xeon Platinum 8280 28C 2.7GHz, Broadcom,",1/6/2023,214,Lenovo,71680,3.15,6.19,2294.598255,0,0.508885299,0,1434,2111,3545,0,1,85,3534
"NONY1 - ThinkSystem C2397, Xeon Platinum 8280 28C 2.7GHz, Broadcom,",1/11/2022,185,Lenovo,71680,3.15,6.19,2294.598255,0,0.508885299,0,1434,2111,3545,0,1,85,3534
"NO6 - ThinkSystem C2397, Xeon Platinum 8280 28C 2.7GHz, Broadcom,",1/11/2025,389,Lenovo,71680,3.15,6.19,2294.598255,0,0.508885299,0,1434,2111,3545,0,1,85,3534
"NO6 - ThinkSystem C2397, Xeon Platinum 8280 28C 2.7GHz, Broadcom,",1/6/2025,362,Lenovo,71680,3.15,6.19,2294.598255,0,0.508885299,0,1434,2111,3545,0,1,85,3534
"NO6 - ThinkSystem C2397, Xeon Platinum 8280 28C 2.7GHz, Broadcom,",1/11/2024,322,Lenovo,71680,3.15,6.19,2294.598255,0,0.508885299,0,1434,2111,3545,0,1,85,3534
"NO6 - ThinkSystem C2397, Xeon Platinum 8280 28C 2.7GHz, Broadcom,",1/6/2024,283,Lenovo,71680,3.15,6.19,2294.598255,0,0.508885299,0,1434,2111,3545,0,1,85,3534
"NO6 - ThinkSystem C2397, Xeon Platinum 8280 28C 2.7GHz, Broadcom,",1/11/2023,251,Lenovo,71680,3.15,6.19,2294.598255,0,0.508885299,0,1434,2111,3545,0,1,85,3534
"NO6 - ThinkSystem C2397, Xeon Platinum 8280 28C 2.7GHz, Broadcom,",1/6/2023,215,Lenovo,71680,3.15,6.19,2294.598255,0,0.508885299,0,1434,2111,3545,0,1,85,3534
"NO6 - ThinkSystem C2397, Xeon Platinum 8280 28C 2.7GHz, Broadcom,",1/11/2022,186,Lenovo,71680,3.15,6.19,2294.598255,0,0.508885299,0,1434,2111,3545,0,1,85,3534
"Lichtenberg II (Phase 1) - MEGWARE MiriQuid, Intel Xeon Platinum 9242 48C 2.3GHz, Mellanox InfiniBand HDR100,",1/11/2025,390,MEGWARE,59136,3.15,4.35,690,0.004565217,0.724137931,0,1434,2111,3545,0,1,85,3534
"Lichtenberg II (Phase 1) - MEGWARE MiriQuid, Intel Xeon Platinum 9242 48C 2.3GHz, Mellanox InfiniBand HDR100,",1/6/2025,363,MEGWARE,59136,3.15,4.35,690,0.004565217,0.724137931,0,1434,2111,3545,0,1,85,3534
"Lichtenberg II (Phase 1) - MEGWARE MiriQuid, Intel Xeon Platinum 9242 48C 2.3GHz, Mellanox InfiniBand HDR100,",1/11/2024,323,MEGWARE,59136,3.15,4.35,690,0.004565217,0.724137931,0,1434,2111,3545,0,1,85,3534
"Lichtenberg II (Phase 1) - MEGWARE MiriQuid, Intel Xeon Platinum 9242 48C 2.3GHz, Mellanox InfiniBand HDR100,",1/6/2024,284,MEGWARE,59136,3.15,4.35,690,0.004565217,0.724137931,0,1434,2111,3545,0,1,85,3534
"Lichtenberg II (Phase 1) - MEGWARE MiriQuid, Intel Xeon Platinum 9242 48C 2.3GHz, Mellanox InfiniBand HDR100,",1/11/2023,252,MEGWARE,59136,3.15,4.35,690,0.004565217,0.724137931,0,1434,2111,3545,0,1,85,3534
"Lichtenberg II (Phase 1) - MEGWARE MiriQuid, Intel Xeon Platinum 9242 48C 2.3GHz, Mellanox InfiniBand HDR100,",1/6/2023,216,MEGWARE,59136,3.15,4.35,690,0.004565217,0.724137931,0,1434,2111,3545,0,1,85,3534
"Lichtenberg II (Phase 1) - MEGWARE MiriQuid, Intel Xeon Platinum 9242 48C 2.3GHz, Mellanox InfiniBand HDR100,",1/11/2022,187,MEGWARE,59136,3.15,4.35,690,0.004565217,0.724137931,0,1434,2111,3545,0,1,85,3534
"Lichtenberg II (Phase 1) - MEGWARE MiriQuid, Intel Xeon Platinum 9242 48C 2.3GHz, Mellanox InfiniBand HDR100,",1/6/2022,165,MEGWARE,59136,3.15,4.35,690,0.004565217,0.724137931,0,1434,2111,3545,0,1,85,3534
"Lichtenberg II (Phase 1) - MEGWARE MiriQuid, Intel Xeon Platinum 9242 48C 2.3GHz, Mellanox InfiniBand HDR100,",1/11/2021,150,MEGWARE,59136,3.15,4.35,690,0.004565217,0.724137931,0,1434,2111,3545,0,1,85,3534
"Lichtenberg II (Phase 1) - MEGWARE MiriQuid, Intel Xeon Platinum 9242 48C 2.3GHz, Mellanox InfiniBand HDR100,",1/6/2021,131,MEGWARE,59136,3.15,4.35,690,0.004565217,0.724137931,0,1434,2111,3545,0,1,85,3534
"Lichtenberg II (Phase 1) - MEGWARE MiriQuid, Intel Xeon Platinum 9242 48C 2.3GHz, Mellanox InfiniBand HDR100,",1/11/2020,100,MEGWARE,59136,3.15,4.35,690,0.004565217,0.724137931,0,1434,2111,3545,0,1,85,3534
"Lichtenberg II (Phase 1) - MEGWARE MiriQuid, Intel Xeon Platinum 9242 48C 2.3GHz, Mellanox InfiniBand HDR100,",1/6/2020,92,MEGWARE,59264,3.03,4.2,634.15,0.004778049,0.721428571,0,1434,2111,3545,0,1,85,3534
"Cray XC30, Intel Xeon E5-2697v2 12C 2.7GHz, Aries interconnect,",1/11/2025,391,Cray/HPE,225984,3143.52,4881.25,6327.55,0.496798919,0.643998976,0,1434,2111,3545,1,1,85,3534
"Cray XC30, Intel Xeon E5-2697v2 12C 2.7GHz, Aries interconnect,",1/6/2025,364,Cray/HPE,225984,3143.52,4881.25,6327.55,0.496798919,0.643998976,0,1434,2111,3545,1,1,85,3534
"Cray XC30, Intel Xeon E5-2697v2 12C 2.7GHz, Aries interconnect,",1/11/2024,324,Cray/HPE,225984,3143.52,4881.25,6327.55,0.496798919,0.643998976,0,1434,2111,3545,1,1,85,3534
"Cray XC30, Intel Xeon E5-2697v2 12C 2.7GHz, Aries interconnect,",1/6/2024,285,Cray/HPE,225984,3143.52,4881.25,6327.55,0.496798919,0.643998976,0,1434,2111,3545,1,1,85,3534
"Cray XC30, Intel Xeon E5-2697v2 12C 2.7GHz, Aries interconnect,",1/11/2023,253,Cray/HPE,225984,3143.52,4881.25,6327.55,0.496798919,0.643998976,0,1434,2111,3545,1,1,85,3534
"Cray XC30, Intel Xeon E5-2697v2 12C 2.7GHz, Aries interconnect,",1/6/2023,217,Cray/HPE,225984,3143.52,4881.25,6327.55,0.496798919,0.643998976,0,1434,2111,3545,1,1,85,3534
"Cray XC30, Intel Xeon E5-2697v2 12C 2.7GHz, Aries interconnect,",1/11/2022,188,Cray/HPE,225984,3143.52,4881.25,6327.55,0.496798919,0.643998976,0,1434,2111,3545,1,1,85,3534
"Cray XC30, Intel Xeon E5-2697v2 12C 2.7GHz, Aries interconnect,",1/6/2022,166,Cray/HPE,225984,3143.52,4881.25,6327.55,0.496798919,0.643998976,0,1434,2111,3545,1,1,85,3534
"Cray XC30, Intel Xeon E5-2697v2 12C 2.7GHz, Aries interconnect,",1/11/2021,151,Cray/HPE,225984,3143.52,4881.25,6327.55,0.496798919,0.643998976,0,1434,2111,3545,1,1,85,3534
"Cray XC30, Intel Xeon E5-2697v2 12C 2.7GHz, Aries interconnect,",1/6/2021,132,Cray/HPE,225984,3143.52,4881.25,6327.55,0.496798919,0.643998976,0,1434,2111,3545,1,1,85,3534
"Cray XC30, Intel Xeon E5-2697v2 12C 2.7GHz, Aries interconnect,",1/11/2020,101,Cray/HPE,225984,3143.52,4881.25,6327.55,0.496798919,0.643998976,0,1434,2111,3545,1,1,85,3534
"Cray XC30, Intel Xeon E5-2697v2 12C 2.7GHz, Aries interconnect,",1/6/2020,84,Cray/HPE,225984,3143.52,4881.25,6327.55,0.496798919,0.643998976,0,1434,2111,3545,1,1,85,3534
"Cray XC30, Intel Xeon E5-2697v2 12C 2.7GHz, Aries interconnect,",1/11/2019,73,Cray/HPE,225984,3143.52,4881.25,6327.55,0.496798919,0.643998976,0,1434,2111,3545,1,1,85,3534
"Cray XC30, Intel Xeon E5-2697v2 12C 2.7GHz, Aries interconnect,",1/6/2019,67,Cray/HPE,225984,3143.52,4881.25,6327.55,0.496798919,0.643998976,0,1434,2111,3545,1,1,85,3534
"Cray XC30, Intel Xeon E5-2697v2 12C 2.7GHz, Aries interconnect,",1/11/2018,57,Cray/HPE,225984,3143.52,4881.25,6327.55,0.496798919,0.643998976,0,1434,2111,3545,1,1,85,3534
"Cray XC30, Intel Xeon E5-2697v2 12C 2.7GHz, Aries interconnect,",1/6/2018,51,Cray/HPE,225984,3143.52,4881.25,6327.55,0.496798919,0.643998976,0,1434,2111,3545,1,1,85,3534
"Cray XC30, Intel Xeon E5-2697v2 12C 2.7GHz, Aries interconnect,",1/11/2017,40,Cray/HPE,225984,3143.52,4881.25,6327.55,0.496798919,0.643998976,0,1434,2111,3545,1,1,85,3534
"Cray XC30, Intel Xeon E5-2697v2 12C 2.7GHz, Aries interconnect,",1/6/2017,36,Cray/HPE,225984,3143.52,4881.25,6327.55,0.496798919,0.643998976,0,1434,2111,3545,1,1,85,3534
"Cray XC30, Intel Xeon E5-2697v2 12C 2.7GHz, Aries interconnect,",1/11/2016,32,Cray/HPE,225984,3143.52,4881.25,6327.55,0.496798919,0.643998976,0,1434,2111,3545,1,1,85,3534
"Cray XC30, Intel Xeon E5-2697v2 12C 2.7GHz, Aries interconnect,",1/6/2016,25,Cray/HPE,225984,3143.52,4881.25,6327.55,0.496798919,0.643998976,0,1434,2111,3545,1,1,85,3534
"Cray XC30, Intel Xeon E5-2697v2 12C 2.7GHz, Aries interconnect,",1/11/2015,20,Cray/HPE,225984,3143.52,4881.25,6327.55,0.496798919,0.643998976,0,1434,2111,3545,1,1,85,3534
"Cray XC30, Intel Xeon E5-2697v2 12C 2.7GHz, Aries interconnect,",1/6/2015,18,Cray/HPE,225984,3143.52,4881.25,6327.55,0.496798919,0.643998976,0,1434,2111,3545,1,1,85,3534
"Cray XC30, Intel Xeon E5-2697v2 12C 2.7GHz, Aries interconnect,",1/11/2014,14,Cray/HPE,225984,3143.52,4881.25,6327.55,0.496798919,0.643998976,0,1434,2111,3545,1,1,85,3534
"Cray XC30, Intel Xeon E5-2697v2 12C 2.7GHz, Aries interconnect,",1/6/2014,11,Cray/HPE,225984,3143.52,4881.25,6327.55,0.496798919,0.643998976,0,1434,2111,3545,1,1,85,3534
"Vader - HPE Cray XD670, Xeon Platinum 8562Y+ 32C 2.8GHz, NVIDIA H200 SXM5 141 GB, Infiniband NDR, RHEL 9.4,",1/11/2025,392,HPE,8960,3.14,3.48,53.94,0.058212829,0.902298851,1,1434,2111,3545,0,1,85,3534
"Vader - HPE Cray XD670, Xeon Platinum 8562Y+ 32C 2.8GHz, NVIDIA H200 SXM5 141 GB, Infiniband NDR, RHEL 9.4,",1/6/2025,365,HPE,8960,3.14,3.48,53.94,0.058212829,0.902298851,1,1434,2111,3545,0,1,85,3534
"CLAIX-2023 (CPU segment) - NEC HPC1808Rk-2 DLC, Xeon Platinum 8468 48C 2.1GHz, Infiniband NDR, Rocky Linux 8,",1/11/2025,393,NEC,57408,3.13,3.81,676.45,0.004627097,0.82152231,0,1434,2111,3545,0,1,85,3534
"CLAIX-2023 (CPU segment) - NEC HPC1808Rk-2 DLC, Xeon Platinum 8468 48C 2.1GHz, Infiniband NDR, Rocky Linux 8,",1/6/2025,366,NEC,57408,3.13,3.81,676.45,0.004627097,0.82152231,0,1434,2111,3545,0,1,85,3534
"CLAIX-2023 (CPU segment) - NEC HPC1808Rk-2 DLC, Xeon Platinum 8468 48C 2.1GHz, Infiniband NDR, Rocky Linux 8,",1/11/2024,325,NEC,57408,3.13,3.81,676.45,0.004627097,0.82152231,0,1434,2111,3545,0,1,85,3534
"CLAIX-2023 (CPU segment) - NEC HPC1808Rk-2 DLC, Xeon Platinum 8468 48C 2.1GHz, Infiniband NDR, Rocky Linux 8,",1/6/2024,286,NEC,57408,3.13,3.81,676.45,0.004627097,0.82152231,0,1434,2111,3545,0,1,85,3534
"B2G - ThinkSystem C0366, Xeon Gold 6252 24C 2.1GHz, 100G Ethernet,",1/11/2025,394,Lenovo,92160,3.13,6.19,2294.598255,0,0.505654281,0,1434,2111,3545,0,1,85,3534
"B2G - ThinkSystem C0366, Xeon Gold 6252 24C 2.1GHz, 100G Ethernet,",1/6/2025,367,Lenovo,92160,3.13,6.19,2294.598255,0,0.505654281,0,1434,2111,3545,0,1,85,3534
"B2G - ThinkSystem C0366, Xeon Gold 6252 24C 2.1GHz, 100G Ethernet,",1/11/2024,326,Lenovo,92160,3.13,6.19,2294.598255,0,0.505654281,0,1434,2111,3545,0,1,85,3534
"B2G - ThinkSystem C0366, Xeon Gold 6252 24C 2.1GHz, 100G Ethernet,",1/6/2024,287,Lenovo,92160,3.13,6.19,2294.598255,0,0.505654281,0,1434,2111,3545,0,1,85,3534
"B2G - ThinkSystem C0366, Xeon Gold 6252 24C 2.1GHz, 100G Ethernet,",1/11/2023,254,Lenovo,92160,3.13,6.19,2294.598255,0,0.505654281,0,1434,2111,3545,0,1,85,3534
"B2G - ThinkSystem C0366, Xeon Gold 6252 24C 2.1GHz, 100G Ethernet,",1/6/2023,218,Lenovo,92160,3.13,6.19,2294.598255,0,0.505654281,0,1434,2111,3545,0,1,85,3534
"B2G - ThinkSystem C0366, Xeon Gold 6252 24C 2.1GHz, 100G Ethernet,",1/11/2022,189,Lenovo,92160,3.13,6.19,2294.598255,0,0.505654281,0,1434,2111,3545,0,1,85,3534
"A1C - ThinkSystem C0366, Xeon Gold 6252 24C 2.1GHz, 100G Ethernet,",1/11/2025,395,Lenovo,92160,3.13,6.19,2294.598255,0,0.505654281,0,1434,2111,3545,0,1,85,3534
"A1C - ThinkSystem C0366, Xeon Gold 6252 24C 2.1GHz, 100G Ethernet,",1/6/2025,368,Lenovo,92160,3.13,6.19,2294.598255,0,0.505654281,0,1434,2111,3545,0,1,85,3534
"A1C - ThinkSystem C0366, Xeon Gold 6252 24C 2.1GHz, 100G Ethernet,",1/11/2024,327,Lenovo,92160,3.13,6.19,2294.598255,0,0.505654281,0,1434,2111,3545,0,1,85,3534
"A1C - ThinkSystem C0366, Xeon Gold 6252 24C 2.1GHz, 100G Ethernet,",1/6/2024,288,Lenovo,92160,3.13,6.19,2294.598255,0,0.505654281,0,1434,2111,3545,0,1,85,3534
"A1C - ThinkSystem C0366, Xeon Gold 6252 24C 2.1GHz, 100G Ethernet,",1/11/2023,255,Lenovo,92160,3.13,6.19,2294.598255,0,0.505654281,0,1434,2111,3545,0,1,85,3534
"A1C - ThinkSystem C0366, Xeon Gold 6252 24C 2.1GHz, 100G Ethernet,",1/6/2023,219,Lenovo,92160,3.13,6.19,2294.598255,0,0.505654281,0,1434,2111,3545,0,1,85,3534
"A1C - ThinkSystem C0366, Xeon Gold 6252 24C 2.1GHz, 100G Ethernet,",1/11/2022,190,Lenovo,92160,3.13,6.19,2294.598255,0,0.505654281,0,1434,2111,3545,0,1,85,3534
"A1C - ThinkSystem C0366, Xeon Gold 6252 24C 2.1GHz, 100G Ethernet,",1/6/2022,167,Lenovo,92160,3.13,6.19,2294.598255,0,0.505654281,0,1434,2111,3545,0,1,85,3534
"A1C - ThinkSystem C0366, Xeon Gold 6252 24C 2.1GHz, 100G Ethernet,",1/11/2021,152,Lenovo,92160,3.13,6.19,2294.598255,0,0.505654281,0,1434,2111,3545,0,1,85,3534
"A5A - ThinkSystem C0366, Xeon Gold 6252 24C 2.1GHz, 100G Ethernet,",1/11/2025,396,Lenovo,92160,3.13,6.19,2294.598255,0,0.505654281,0,1434,2111,3545,0,1,85,3534
"A5A - ThinkSystem C0366, Xeon Gold 6252 24C 2.1GHz, 100G Ethernet,",1/6/2025,369,Lenovo,92160,3.13,6.19,2294.598255,0,0.505654281,0,1434,2111,3545,0,1,85,3534
"A5A - ThinkSystem C0366, Xeon Gold 6252 24C 2.1GHz, 100G Ethernet,",1/11/2024,328,Lenovo,92160,3.13,6.19,2294.598255,0,0.505654281,0,1434,2111,3545,0,1,85,3534
"A5A - ThinkSystem C0366, Xeon Gold 6252 24C 2.1GHz, 100G Ethernet,",1/6/2024,289,Lenovo,92160,3.13,6.19,2294.598255,0,0.505654281,0,1434,2111,3545,0,1,85,3534
"A5A - ThinkSystem C0366, Xeon Gold 6252 24C 2.1GHz, 100G Ethernet,",1/11/2023,256,Lenovo,92160,3.13,6.19,2294.598255,0,0.505654281,0,1434,2111,3545,0,1,85,3534
"A5A - ThinkSystem C0366, Xeon Gold 6252 24C 2.1GHz, 100G Ethernet,",1/6/2023,220,Lenovo,92160,3.13,6.19,2294.598255,0,0.505654281,0,1434,2111,3545,0,1,85,3534
"A5A - ThinkSystem C0366, Xeon Gold 6252 24C 2.1GHz, 100G Ethernet,",1/11/2022,191,Lenovo,92160,3.13,6.19,2294.598255,0,0.505654281,0,1434,2111,3545,0,1,85,3534
"A5A - ThinkSystem C0366, Xeon Gold 6252 24C 2.1GHz, 100G Ethernet,",1/6/2022,168,Lenovo,92160,3.13,6.19,2294.598255,0,0.505654281,0,1434,2111,3545,0,1,85,3534
"A5A - ThinkSystem C0366, Xeon Gold 6252 24C 2.1GHz, 100G Ethernet,",1/11/2021,153,Lenovo,92160,3.13,6.19,2294.598255,0,0.505654281,0,1434,2111,3545,0,1,85,3534
"A1A - ThinkSystem C0366, Xeon Gold 6252 24C 2.1GHz, 100G Ethernet,",1/11/2025,397,Lenovo,92160,3.13,6.19,2294.598255,0,0.505654281,0,1434,2111,3545,0,1,85,3534
"A1A - ThinkSystem C0366, Xeon Gold 6252 24C 2.1GHz, 100G Ethernet,",1/6/2025,370,Lenovo,92160,3.13,6.19,2294.598255,0,0.505654281,0,1434,2111,3545,0,1,85,3534
"A1A - ThinkSystem C0366, Xeon Gold 6252 24C 2.1GHz, 100G Ethernet,",1/11/2024,329,Lenovo,92160,3.13,6.19,2294.598255,0,0.505654281,0,1434,2111,3545,0,1,85,3534
"A1A - ThinkSystem C0366, Xeon Gold 6252 24C 2.1GHz, 100G Ethernet,",1/6/2024,290,Lenovo,92160,3.13,6.19,2294.598255,0,0.505654281,0,1434,2111,3545,0,1,85,3534
"A1A - ThinkSystem C0366, Xeon Gold 6252 24C 2.1GHz, 100G Ethernet,",1/11/2023,257,Lenovo,92160,3.13,6.19,2294.598255,0,0.505654281,0,1434,2111,3545,0,1,85,3534
"A1A - ThinkSystem C0366, Xeon Gold 6252 24C 2.1GHz, 100G Ethernet,",1/6/2023,221,Lenovo,92160,3.13,6.19,2294.598255,0,0.505654281,0,1434,2111,3545,0,1,85,3534
"A1A - ThinkSystem C0366, Xeon Gold 6252 24C 2.1GHz, 100G Ethernet,",1/11/2022,192,Lenovo,92160,3.13,6.19,2294.598255,0,0.505654281,0,1434,2111,3545,0,1,85,3534
"A1A - ThinkSystem C0366, Xeon Gold 6252 24C 2.1GHz, 100G Ethernet,",1/6/2022,169,Lenovo,92160,3.13,6.19,2294.598255,0,0.505654281,0,1434,2111,3545,0,1,85,3534
"A1A - ThinkSystem C0366, Xeon Gold 6252 24C 2.1GHz, 100G Ethernet,",1/11/2021,154,Lenovo,92160,3.13,6.19,2294.598255,0,0.505654281,0,1434,2111,3545,0,1,85,3534
"A1A - ThinkSystem C0366, Xeon Gold 6252 24C 2.1GHz, 100G Ethernet,",1/11/2025,398,Lenovo,92160,3.13,6.19,2294.598255,0,0.505654281,0,1434,2111,3545,0,1,85,3534
"A1A - ThinkSystem C0366, Xeon Gold 6252 24C 2.1GHz, 100G Ethernet,",1/6/2025,371,Lenovo,92160,3.13,6.19,2294.598255,0,0.505654281,0,1434,2111,3545,0,1,85,3534
"A1A - ThinkSystem C0366, Xeon Gold 6252 24C 2.1GHz, 100G Ethernet,",1/11/2024,330,Lenovo,92160,3.13,6.19,2294.598255,0,0.505654281,0,1434,2111,3545,0,1,85,3534
"A1A - ThinkSystem C0366, Xeon Gold 6252 24C 2.1GHz, 100G Ethernet,",1/6/2024,291,Lenovo,92160,3.13,6.19,2294.598255,0,0.505654281,0,1434,2111,3545,0,1,85,3534
"A1A - ThinkSystem C0366, Xeon Gold 6252 24C 2.1GHz, 100G Ethernet,",1/11/2023,258,Lenovo,92160,3.13,6.19,2294.598255,0,0.505654281,0,1434,2111,3545,0,1,85,3534
"A1A - ThinkSystem C0366, Xeon Gold 6252 24C 2.1GHz, 100G Ethernet,",1/6/2023,222,Lenovo,92160,3.13,6.19,2294.598255,0,0.505654281,0,1434,2111,3545,0,1,85,3534
"A1A - ThinkSystem C0366, Xeon Gold 6252 24C 2.1GHz, 100G Ethernet,",1/11/2022,193,Lenovo,92160,3.13,6.19,2294.598255,0,0.505654281,0,1434,2111,3545,0,1,85,3534
"A1A - ThinkSystem C0366, Xeon Gold 6252 24C 2.1GHz, 100G Ethernet,",1/6/2022,170,Lenovo,92160,3.13,6.19,2294.598255,0,0.505654281,0,1434,2111,3545,0,1,85,3534
"A1A - ThinkSystem C0366, Xeon Gold 6252 24C 2.1GHz, 100G Ethernet,",1/11/2021,155,Lenovo,92160,3.13,6.19,2294.598255,0,0.505654281,0,1434,2111,3545,0,1,85,3534
"NO4 - ThinkSystem C0366, Xeon Gold 6252 24C 2.1GHz, 100G Ethernet,",1/11/2025,399,Lenovo,92160,3.13,6.19,2294.598255,0,0.505654281,0,1434,2111,3545,0,1,85,3534
"NO4 - ThinkSystem C0366, Xeon Gold 6252 24C 2.1GHz, 100G Ethernet,",1/6/2025,372,Lenovo,92160,3.13,6.19,2294.598255,0,0.505654281,0,1434,2111,3545,0,1,85,3534
"NO4 - ThinkSystem C0366, Xeon Gold 6252 24C 2.1GHz, 100G Ethernet,",1/11/2024,331,Lenovo,92160,3.13,6.19,2294.598255,0,0.505654281,0,1434,2111,3545,0,1,85,3534
"NO4 - ThinkSystem C0366, Xeon Gold 6252 24C 2.1GHz, 100G Ethernet,",1/6/2024,292,Lenovo,92160,3.13,6.19,2294.598255,0,0.505654281,0,1434,2111,3545,0,1,85,3534
"NO4 - ThinkSystem C0366, Xeon Gold 6252 24C 2.1GHz, 100G Ethernet,",1/11/2023,259,Lenovo,92160,3.13,6.19,2294.598255,0,0.505654281,0,1434,2111,3545,0,1,85,3534
"NO4 - ThinkSystem C0366, Xeon Gold 6252 24C 2.1GHz, 100G Ethernet,",1/6/2023,223,Lenovo,92160,3.13,6.19,2294.598255,0,0.505654281,0,1434,2111,3545,0,1,85,3534
"NO4 - ThinkSystem C0366, Xeon Gold 6252 24C 2.1GHz, 100G Ethernet,",1/11/2022,194,Lenovo,92160,3.13,6.19,2294.598255,0,0.505654281,0,1434,2111,3545,0,1,85,3534
"NA8B - Lenovo ThinkSystem SR650 V2, Xeon Platinum 8358 32C 2.6GHz, 100G Ethernet,",1/11/2025,400,Lenovo,84096,3.13,7,2294.598255,0,0.447142857,0,1434,2111,3545,0,1,85,3534
"NA8B - Lenovo ThinkSystem SR650 V2, Xeon Platinum 8358 32C 2.6GHz, 100G Ethernet,",1/6/2025,373,Lenovo,84096,3.13,7,2294.598255,0,0.447142857,0,1434,2111,3545,0,1,85,3534
"NA8B - Lenovo ThinkSystem SR650 V2, Xeon Platinum 8358 32C 2.6GHz, 100G Ethernet,",1/11/2024,332,Lenovo,84096,3.13,7,2294.598255,0,0.447142857,0,1434,2111,3545,0,1,85,3534
"NA8B - Lenovo ThinkSystem SR650 V2, Xeon Platinum 8358 32C 2.6GHz, 100G Ethernet,",1/6/2024,293,Lenovo,84096,3.13,7,2294.598255,0,0.447142857,0,1434,2111,3545,0,1,85,3534
"NA8B - Lenovo ThinkSystem SR650 V2, Xeon Platinum 8358 32C 2.6GHz, 100G Ethernet,",1/11/2023,260,Lenovo,84096,3.13,7,2294.598255,0,0.447142857,0,1434,2111,3545,0,1,85,3534
"NA8B - Lenovo ThinkSystem SR650 V2, Xeon Platinum 8358 32C 2.6GHz, 100G Ethernet,",1/6/2023,224,Lenovo,84096,3.13,7,2294.598255,0,0.447142857,0,1434,2111,3545,0,1,85,3534
"NA8A - Lenovo ThinkSystem SR650 V2, Xeon Platinum 8358 32C 2.6GHz, 100G Ethernet,",1/11/2025,401,Lenovo,84096,3.13,7,2294.598255,0,0.447142857,0,1434,2111,3545,0,1,85,3534
"NA8A - Lenovo ThinkSystem SR650 V2, Xeon Platinum 8358 32C 2.6GHz, 100G Ethernet,",1/6/2025,374,Lenovo,84096,3.13,7,2294.598255,0,0.447142857,0,1434,2111,3545,0,1,85,3534
"NA8A - Lenovo ThinkSystem SR650 V2, Xeon Platinum 8358 32C 2.6GHz, 100G Ethernet,",1/11/2024,333,Lenovo,84096,3.13,7,2294.598255,0,0.447142857,0,1434,2111,3545,0,1,85,3534
"NA8A - Lenovo ThinkSystem SR650 V2, Xeon Platinum 8358 32C 2.6GHz, 100G Ethernet,",1/6/2024,294,Lenovo,84096,3.13,7,2294.598255,0,0.447142857,0,1434,2111,3545,0,1,85,3534
"NA8A - Lenovo ThinkSystem SR650 V2, Xeon Platinum 8358 32C 2.6GHz, 100G Ethernet,",1/11/2023,261,Lenovo,84096,3.13,7,2294.598255,0,0.447142857,0,1434,2111,3545,0,1,85,3534
"NA8A - Lenovo ThinkSystem SR650 V2, Xeon Platinum 8358 32C 2.6GHz, 100G Ethernet,",1/6/2023,225,Lenovo,84096,3.13,7,2294.598255,0,0.447142857,0,1434,2111,3545,0,1,85,3534
"NA8 - Lenovo ThinkSystem SR650 V2, Xeon Platinum 8358 32C 2.6GHz, 100G Ethernet,",1/11/2025,402,Lenovo,84096,3.13,7,2294.598255,0,0.447142857,0,1434,2111,3545,0,1,85,3534
"NA8 - Lenovo ThinkSystem SR650 V2, Xeon Platinum 8358 32C 2.6GHz, 100G Ethernet,",1/6/2025,375,Lenovo,84096,3.13,7,2294.598255,0,0.447142857,0,1434,2111,3545,0,1,85,3534
"NA8 - Lenovo ThinkSystem SR650 V2, Xeon Platinum 8358 32C 2.6GHz, 100G Ethernet,",1/11/2024,334,Lenovo,84096,3.13,7,2294.598255,0,0.447142857,0,1434,2111,3545,0,1,85,3534
"NA8 - Lenovo ThinkSystem SR650 V2, Xeon Platinum 8358 32C 2.6GHz, 100G Ethernet,",1/6/2024,295,Lenovo,84096,3.13,7,2294.598255,0,0.447142857,0,1434,2111,3545,0,1,85,3534
"NA8 - Lenovo ThinkSystem SR650 V2, Xeon Platinum 8358 32C 2.6GHz, 100G Ethernet,",1/11/2023,262,Lenovo,84096,3.13,7,2294.598255,0,0.447142857,0,1434,2111,3545,0,1,85,3534
"NA8 - Lenovo ThinkSystem SR650 V2, Xeon Platinum 8358 32C 2.6GHz, 100G Ethernet,",1/6/2023,226,Lenovo,84096,3.13,7,2294.598255,0,0.447142857,0,1434,2111,3545,0,1,85,3534
"NA8 - Lenovo ThinkSystem SR650 V2, Xeon Platinum 8358 32C 2.6GHz, 100G Ethernet,",1/11/2025,403,Lenovo,84096,3.13,7,2294.598255,0,0.447142857,0,1434,2111,3545,0,1,85,3534
"NA8 - Lenovo ThinkSystem SR650 V2, Xeon Platinum 8358 32C 2.6GHz, 100G Ethernet,",1/6/2025,376,Lenovo,84096,3.13,7,2294.598255,0,0.447142857,0,1434,2111,3545,0,1,85,3534
"NA8 - Lenovo ThinkSystem SR650 V2, Xeon Platinum 8358 32C 2.6GHz, 100G Ethernet,",1/11/2024,335,Lenovo,84096,3.13,7,2294.598255,0,0.447142857,0,1434,2111,3545,0,1,85,3534
"NA8 - Lenovo ThinkSystem SR650 V2, Xeon Platinum 8358 32C 2.6GHz, 100G Ethernet,",1/6/2024,296,Lenovo,84096,3.13,7,2294.598255,0,0.447142857,0,1434,2111,3545,0,1,85,3534
"NA8 - Lenovo ThinkSystem SR650 V2, Xeon Platinum 8358 32C 2.6GHz, 100G Ethernet,",1/11/2023,263,Lenovo,84096,3.13,7,2294.598255,0,0.447142857,0,1434,2111,3545,0,1,85,3534
"NA8 - Lenovo ThinkSystem SR650 V2, Xeon Platinum 8358 32C 2.6GHz, 100G Ethernet,",1/6/2023,227,Lenovo,84096,3.13,7,2294.598255,0,0.447142857,0,1434,2111,3545,0,1,85,3534
"NA8Z - Lenovo ThinkSystem SR650 V2, Xeon Platinum 8358 32C 2.6GHz, 100G Ethernet,",1/11/2025,404,Lenovo,84096,3.13,7,2294.598255,0,0.447142857,0,1434,2111,3545,0,1,85,3534
"NA8Z - Lenovo ThinkSystem SR650 V2, Xeon Platinum 8358 32C 2.6GHz, 100G Ethernet,",1/6/2025,377,Lenovo,84096,3.13,7,2294.598255,0,0.447142857,0,1434,2111,3545,0,1,85,3534
"NA8Z - Lenovo ThinkSystem SR650 V2, Xeon Platinum 8358 32C 2.6GHz, 100G Ethernet,",1/11/2024,336,Lenovo,84096,3.13,7,2294.598255,0,0.447142857,0,1434,2111,3545,0,1,85,3534
"NA8Z - Lenovo ThinkSystem SR650 V2, Xeon Platinum 8358 32C 2.6GHz, 100G Ethernet,",1/6/2024,297,Lenovo,84096,3.13,7,2294.598255,0,0.447142857,0,1434,2111,3545,0,1,85,3534
"HoreKa-Teal - ThinkSystem SD665-N V3, AMD EPYC 9354 32C 3.25GHz, Nvidia H100 94Gb SXM5, Infiniband NDR200,",1/11/2025,405,Lenovo,13616,3.12,5.96,49.6,0.062903226,0.523489933,1,1434,2111,3545,0,1,85,3534
"HoreKa-Teal - ThinkSystem SD665-N V3, AMD EPYC 9354 32C 3.25GHz, Nvidia H100 94Gb SXM5, Infiniband NDR200,",1/6/2025,379,Lenovo,13616,3.12,5.96,49.6,0.062903226,0.523489933,1,1434,2111,3545,0,1,85,3534
"HoreKa-Teal - ThinkSystem SD665-N V3, AMD EPYC 9354 32C 3.25GHz, Nvidia H100 94Gb SXM5, Infiniband NDR200,",1/11/2024,338,Lenovo,13616,3.12,5.96,49.6,0.062903226,0.523489933,1,1434,2111,3545,0,1,85,3534
"HoreKa-Teal - ThinkSystem SD665-N V3, AMD EPYC 9354 32C 3.25GHz, Nvidia H100 94Gb SXM5, Infiniband NDR200,",1/6/2024,299,Lenovo,13616,3.12,5.96,49.6,0.062903226,0.523489933,1,1434,2111,3545,0,1,85,3534
"LLNL CTS-2 Matrix - PowerEdge XE9640, Xeon Platinum 8480+ 56C 2GHz, NVIDIA H100, Infiniband NDR, Linux/TOSS,",1/11/2025,406,DELL,12800,3.11,3.5,84.3,0.036892052,0.888571429,1,1434,2111,3545,0,1,85,3534
"IronMan - PowerEdge XE9680 Xeon Platinum 8460Y+ 40C 2GHz, AMD Instinct MI300X, Broadcom BCM957608 400G Ethernet, Ubuntu 22.04.5 LTS,",1/11/2025,407,DELL,20096,3.11,5.27,2294.598255,0,0.590132827,1,1434,2111,3545,0,1,85,3534
"IronMan - PowerEdge XE9680 Xeon Platinum 8460Y+ 40C 2GHz, AMD Instinct MI300X, Broadcom BCM957608 400G Ethernet, Ubuntu 22.04.5 LTS,",1/6/2025,380,DELL,20096,3.11,5.27,2294.598255,0,0.590132827,1,1434,2111,3545,0,1,85,3534
"IronMan - PowerEdge XE9680 Xeon Platinum 8460Y+ 40C 2GHz, AMD Instinct MI300X, Broadcom BCM957608 400G Ethernet, Ubuntu 22.04.5 LTS,",1/11/2024,339,DELL,20096,3.11,5.27,2294.598255,0,0.590132827,1,1434,2111,3545,0,1,85,3534
"Komondor - HPE Cray EX, AMD EPYC 7763 64C 2.45GHz, NVIDIA A100 SXM4 40 GB, Slingshot-11,",1/11/2025,408,HPE,27776,3.1,4.51,110.24,0.028120464,0.687361419,1,1434,2111,3545,0,1,85,3534
"Komondor - HPE Cray EX, AMD EPYC 7763 64C 2.45GHz, NVIDIA A100 SXM4 40 GB, Slingshot-11,",1/6/2025,381,HPE,27776,3.1,4.51,110.24,0.028120464,0.687361419,1,1434,2111,3545,0,1,85,3534
"Komondor - HPE Cray EX, AMD EPYC 7763 64C 2.45GHz, NVIDIA A100 SXM4 40 GB, Slingshot-11,",1/11/2024,340,HPE,27776,3.1,4.51,110.24,0.028120464,0.687361419,1,1434,2111,3545,0,1,85,3534
"Komondor - HPE Cray EX, AMD EPYC 7763 64C 2.45GHz, NVIDIA A100 SXM4 40 GB, Slingshot-11,",1/6/2024,300,HPE,27776,3.1,4.51,110.24,0.028120464,0.687361419,1,1434,2111,3545,0,1,85,3534
"Komondor - HPE Cray EX, AMD EPYC 7763 64C 2.45GHz, NVIDIA A100 SXM4 40 GB, Slingshot-11,",1/11/2023,265,HPE,27776,3.1,4.51,110.24,0.028120464,0.687361419,1,1434,2111,3545,0,1,85,3534
"Komondor - HPE Cray EX, AMD EPYC 7763 64C 2.45GHz, NVIDIA A100 SXM4 40 GB, Slingshot-11,",1/6/2023,229,HPE,27776,3.1,4.51,110.24,0.028120464,0.687361419,1,1434,2111,3545,0,1,85,3534
"Komondor - HPE Cray EX, AMD EPYC 7763 64C 2.45GHz, NVIDIA A100 SXM4 40 GB, Slingshot-11,",1/11/2022,199,HPE,28768,3.09,4.67,2294.598255,0,0.661670236,1,1434,2111,3545,0,1,85,3534
"Komondor - HPE Cray EX, AMD EPYC 7763 64C 2.45GHz, NVIDIA A100 SXM4 40 GB, Slingshot-11,",1/6/2022,226,HPE,24800,2.66,3.15,2294.598255,0,0.844444444,1,1434,2111,3545,0,1,85,3534
"Lichtenberg II (Phase 2) - ThinkSystem SD650 V3, Xeon Platinum 8470Q 52C 2.1GHz, InfiniBand HDR100,",1/11/2025,409,Lenovo,59904,3.1,4.03,2294.598255,0,0.769230769,0,1434,2111,3545,0,1,85,3534
"Lichtenberg II (Phase 2) - ThinkSystem SD650 V3, Xeon Platinum 8470Q 52C 2.1GHz, InfiniBand HDR100,",1/6/2025,382,Lenovo,59904,3.1,4.03,2294.598255,0,0.769230769,0,1434,2111,3545,0,1,85,3534
"Lichtenberg II (Phase 2) - ThinkSystem SD650 V3, Xeon Platinum 8470Q 52C 2.1GHz, InfiniBand HDR100,",1/11/2024,341,Lenovo,59904,3.1,4.03,2294.598255,0,0.769230769,0,1434,2111,3545,0,1,85,3534
"Lichtenberg II (Phase 2) - ThinkSystem SD650 V3, Xeon Platinum 8470Q 52C 2.1GHz, InfiniBand HDR100,",1/6/2024,301,Lenovo,59904,3.1,4.03,2294.598255,0,0.769230769,0,1434,2111,3545,0,1,85,3534
"Lichtenberg II (Phase 2) - ThinkSystem SD650 V3, Xeon Platinum 8470Q 52C 2.1GHz, InfiniBand HDR100,",1/11/2023,266,Lenovo,59904,3.1,4.03,2294.598255,0,0.769230769,0,1434,2111,3545,0,1,85,3534
"Lichtenberg II (Phase 2) - ThinkSystem SD650 V3, Xeon Platinum 8470Q 52C 2.1GHz, InfiniBand HDR100,",1/6/2023,230,Lenovo,59904,3.1,4.03,2294.598255,0,0.769230769,0,1434,2111,3545,0,1,85,3534
"VEGA HPC GPU - BullSequana XH2000, AMD EPYC 7H12 64C 2.6GHz, NVIDIA A100, Infiniband HDR,",1/11/2025,410,EVIDEN,33600,3.1,4.68,2294.598255,0,0.662393162,1,1434,2111,3545,0,1,85,3534
"VEGA HPC GPU - BullSequana XH2000, AMD EPYC 7H12 64C 2.6GHz, NVIDIA A100, Infiniband HDR,",1/6/2025,383,EVIDEN,33600,3.1,4.68,2294.598255,0,0.662393162,1,1434,2111,3545,0,1,85,3534
"VEGA HPC GPU - BullSequana XH2000, AMD EPYC 7H12 64C 2.6GHz, NVIDIA A100, Infiniband HDR,",1/11/2024,342,EVIDEN,33600,3.1,4.68,2294.598255,0,0.662393162,1,1434,2111,3545,0,1,85,3534
"VEGA HPC GPU - BullSequana XH2000, AMD EPYC 7H12 64C 2.6GHz, NVIDIA A100, Infiniband HDR,",1/6/2024,302,EVIDEN,33600,3.1,4.68,2294.598255,0,0.662393162,1,1434,2111,3545,0,1,85,3534
"VEGA HPC GPU - BullSequana XH2000, AMD EPYC 7H12 64C 2.6GHz, NVIDIA A100, Infiniband HDR,",1/11/2023,267,EVIDEN,33600,3.1,4.68,2294.598255,0,0.662393162,1,1434,2111,3545,0,1,85,3534
"VEGA HPC GPU - BullSequana XH2000, AMD EPYC 7H12 64C 2.6GHz, NVIDIA A100, Infiniband HDR,",1/6/2023,231,EVIDEN,33600,3.1,4.68,2294.598255,0,0.662393162,1,1434,2111,3545,0,1,85,3534
"VEGA HPC GPU - BullSequana XH2000, AMD EPYC 7H12 64C 2.6GHz, NVIDIA A100, Infiniband HDR,",1/11/2022,196,EVIDEN,33600,3.1,4.68,2294.598255,0,0.662393162,1,1434,2111,3545,0,1,85,3534
"VEGA HPC GPU - BullSequana XH2000, AMD EPYC 7H12 64C 2.6GHz, NVIDIA A100, Infiniband HDR,",1/6/2022,172,EVIDEN,33600,3.1,4.68,2294.598255,0,0.662393162,1,1434,2111,3545,0,1,85,3534
"VEGA HPC GPU - BullSequana XH2000, AMD EPYC 7H12 64C 2.6GHz, NVIDIA A100, Infiniband HDR,",1/11/2021,157,EVIDEN,33600,3.1,4.68,2294.598255,0,0.662393162,1,1434,2111,3545,0,1,85,3534
"VEGA HPC GPU - BullSequana XH2000, AMD EPYC 7H12 64C 2.6GHz, NVIDIA A100, Infiniband HDR,",1/6/2021,134,EVIDEN,33600,3.1,4.68,2294.598255,0,0.662393162,1,1434,2111,3545,0,1,85,3534
"Lenovo HR650x, Xeon Gold 6133 20C 2.5GHz, 25G Ethernet,",1/11/2025,411,Lenovo,76000,3.09,6.08,2294.598255,0,0.508223684,0,1434,2111,3545,0,1,85,3534
"Lenovo HR650x, Xeon Gold 6133 20C 2.5GHz, 25G Ethernet,",1/6/2025,384,Lenovo,76000,3.09,6.08,2294.598255,0,0.508223684,0,1434,2111,3545,0,1,85,3534
"Lenovo HR650x, Xeon Gold 6133 20C 2.5GHz, 25G Ethernet,",1/11/2024,343,Lenovo,76000,3.09,6.08,2294.598255,0,0.508223684,0,1434,2111,3545,0,1,85,3534
"Lenovo HR650x, Xeon Gold 6133 20C 2.5GHz, 25G Ethernet,",1/6/2024,303,Lenovo,76000,3.09,6.08,2294.598255,0,0.508223684,0,1434,2111,3545,0,1,85,3534
"Lenovo HR650x, Xeon Gold 6133 20C 2.5GHz, 25G Ethernet,",1/11/2023,268,Lenovo,76000,3.09,6.08,2294.598255,0,0.508223684,0,1434,2111,3545,0,1,85,3534
"Lenovo HR650x, Xeon Gold 6133 20C 2.5GHz, 25G Ethernet,",1/6/2023,232,Lenovo,76000,3.09,6.08,2294.598255,0,0.508223684,0,1434,2111,3545,0,1,85,3534
"Lenovo HR650x, Xeon Gold 6133 20C 2.5GHz, 25G Ethernet,",1/11/2022,197,Lenovo,76000,3.09,6.08,2294.598255,0,0.508223684,0,1434,2111,3545,0,1,85,3534
"Lenovo HR650x, Xeon Gold 6133 20C 2.5GHz, 25G Ethernet,",1/6/2022,173,Lenovo,76000,3.09,6.08,2294.598255,0,0.508223684,0,1434,2111,3545,0,1,85,3534
"Lenovo HR650x, Xeon Gold 6133 20C 2.5GHz, 25G Ethernet,",1/11/2021,158,Lenovo,76000,3.09,6.08,2294.598255,0,0.508223684,0,1434,2111,3545,0,1,85,3534
"Lenovo HR650x, Xeon Gold 6133 20C 2.5GHz, 25G Ethernet,",1/6/2021,135,Lenovo,76000,3.09,6.08,2294.598255,0,0.508223684,0,1434,2111,3545,0,1,85,3534
"Lenovo HR650x, Xeon Gold 6133 20C 2.5GHz, 25G Ethernet,",1/11/2020,103,Lenovo,76000,3.09,6.08,2294.598255,0,0.508223684,0,1434,2111,3545,0,1,85,3534
"Lenovo HR650x, Xeon Gold 6133 20C 2.5GHz, 25G Ethernet,",1/6/2020,86,Lenovo,76000,3.09,6.08,2294.598255,0,0.508223684,0,1434,2111,3545,0,1,85,3534
"Lenovo HR650x, Xeon Gold 6133 20C 2.5GHz, 25G Ethernet,",1/11/2019,75,Lenovo,76000,3.09,6.08,2294.598255,0,0.508223684,0,1434,2111,3545,0,1,85,3534
"Alps - HPE Cray EX, AMD EPYC 7742 64C 2.25GHz, Slingshot-10,",1/11/2025,412,HPE,128000,3.09,4.61,637.95,0.00484364,0.670281996,0,1434,2111,3545,0,1,85,3534
"Alps - HPE Cray EX, AMD EPYC 7742 64C 2.25GHz, Slingshot-10,",1/6/2025,385,HPE,128000,3.09,4.61,637.95,0.00484364,0.670281996,0,1434,2111,3545,0,1,85,3534
"Alps - HPE Cray EX, AMD EPYC 7742 64C 2.25GHz, Slingshot-10,",1/11/2024,344,HPE,128000,3.09,4.61,637.95,0.00484364,0.670281996,0,1434,2111,3545,0,1,85,3534
"Alps - HPE Cray EX, AMD EPYC 7742 64C 2.25GHz, Slingshot-10,",1/6/2024,304,HPE,128000,3.09,4.61,637.95,0.00484364,0.670281996,0,1434,2111,3545,0,1,85,3534
"Alps - HPE Cray EX, AMD EPYC 7742 64C 2.25GHz, Slingshot-10,",1/11/2023,269,HPE,128000,3.09,4.61,637.95,0.00484364,0.670281996,0,1434,2111,3545,0,1,85,3534
"Alps - HPE Cray EX, AMD EPYC 7742 64C 2.25GHz, Slingshot-10,",1/6/2023,233,HPE,128000,3.09,4.61,637.95,0.00484364,0.670281996,0,1434,2111,3545,0,1,85,3534
"Alps - HPE Cray EX, AMD EPYC 7742 64C 2.25GHz, Slingshot-10,",1/11/2022,198,HPE,128000,3.09,4.61,637.95,0.00484364,0.670281996,0,1434,2111,3545,0,1,85,3534
"Alps - HPE Cray EX, AMD EPYC 7742 64C 2.25GHz, Slingshot-10,",1/6/2022,174,HPE,128000,3.09,4.61,637.95,0.00484364,0.670281996,0,1434,2111,3545,0,1,85,3534
"Alps - HPE Cray EX, AMD EPYC 7742 64C 2.25GHz, Slingshot-10,",1/11/2021,159,HPE,128000,3.09,4.61,637.95,0.00484364,0.670281996,0,1434,2111,3545,0,1,85,3534
"Alps - HPE Cray EX, AMD EPYC 7742 64C 2.25GHz, Slingshot-10,",1/6/2021,136,HPE,128000,3.09,4.61,637.95,0.00484364,0.670281996,0,1434,2111,3545,0,1,85,3534
"Alps - HPE Cray EX, AMD EPYC 7742 64C 2.25GHz, Slingshot-10,",1/11/2020,104,HPE,128000,3.09,4.61,637.95,0.00484364,0.670281996,0,1434,2111,3545,0,1,85,3534
"Helios CPU - HPE Cray EX, AMD EPYC 9654 96C 2.4GHz, Slingshot-11,",1/11/2025,413,HPE,75264,3.09,3.35,453.8,0.006809167,0.92238806,0,1434,2111,3545,0,1,85,3534
"Helios CPU - HPE Cray EX, AMD EPYC 9654 96C 2.4GHz, Slingshot-11,",1/6/2025,386,HPE,75264,3.09,3.35,453.8,0.006809167,0.92238806,0,1434,2111,3545,0,1,85,3534
"Helios CPU - HPE Cray EX, AMD EPYC 9654 96C 2.4GHz, Slingshot-11,",1/11/2024,345,HPE,75264,3.09,3.35,453.8,0.006809167,0.92238806,0,1434,2111,3545,0,1,85,3534
"Helios CPU - HPE Cray EX, AMD EPYC 9654 96C 2.4GHz, Slingshot-11,",1/6/2024,305,HPE,75264,3.09,3.35,453.8,0.006809167,0.92238806,0,1434,2111,3545,0,1,85,3534
"Helios CPU - HPE Cray EX, AMD EPYC 9654 96C 2.4GHz, Slingshot-11,",1/11/2023,290,HPE,75264,2.89,3.4,2294.598255,0,0.85,0,1434,2111,3545,0,1,85,3534
"Medusa - PowerEdge XE9680, Xeon Platinum 8468 48C 2.1GHz, NVIDIA H100, Infiniband NDR400, Ubuntu 22.04.2 LTS,",1/11/2025,414,DELL,9216,3.08,4.33,2294.598255,0,0.711316397,1,1434,2111,3545,0,1,85,3534
"Medusa - PowerEdge XE9680, Xeon Platinum 8468 48C 2.1GHz, NVIDIA H100, Infiniband NDR400, Ubuntu 22.04.2 LTS,",1/6/2025,387,DELL,9216,3.08,4.33,2294.598255,0,0.711316397,1,1434,2111,3545,0,1,85,3534
"Medusa - PowerEdge XE9680, Xeon Platinum 8468 48C 2.1GHz, NVIDIA H100, Infiniband NDR400, Ubuntu 22.04.2 LTS,",1/11/2024,346,DELL,9216,3.08,4.33,2294.598255,0,0.711316397,1,1434,2111,3545,0,1,85,3534
"Numerical Materials Simulator - HPE SGI 8600, Xeon Platinum 8268 24C 2.9GHz, Dual-rail Intel Omni-Path,",1/11/2025,415,HPE,53568,3.08,4.97,691.2,0.004456019,0.61971831,0,1434,2111,3545,0,1,85,3534
"Numerical Materials Simulator - HPE SGI 8600, Xeon Platinum 8268 24C 2.9GHz, Dual-rail Intel Omni-Path,",1/6/2025,388,HPE,53568,3.08,4.97,691.2,0.004456019,0.61971831,0,1434,2111,3545,0,1,85,3534
"Numerical Materials Simulator - HPE SGI 8600, Xeon Platinum 8268 24C 2.9GHz, Dual-rail Intel Omni-Path,",1/11/2024,347,HPE,53568,3.08,4.97,691.2,0.004456019,0.61971831,0,1434,2111,3545,0,1,85,3534
"Numerical Materials Simulator - HPE SGI 8600, Xeon Platinum 8268 24C 2.9GHz, Dual-rail Intel Omni-Path,",1/6/2024,306,HPE,53568,3.08,4.97,691.2,0.004456019,0.61971831,0,1434,2111,3545,0,1,85,3534
"Numerical Materials Simulator - HPE SGI 8600, Xeon Platinum 8268 24C 2.9GHz, Dual-rail Intel Omni-Path,",1/11/2023,270,HPE,53568,3.08,4.97,691.2,0.004456019,0.61971831,0,1434,2111,3545,0,1,85,3534
"Numerical Materials Simulator - HPE SGI 8600, Xeon Platinum 8268 24C 2.9GHz, Dual-rail Intel Omni-Path,",1/6/2023,234,HPE,53568,3.08,4.97,691.2,0.004456019,0.61971831,0,1434,2111,3545,0,1,85,3534
"Numerical Materials Simulator - HPE SGI 8600, Xeon Platinum 8268 24C 2.9GHz, Dual-rail Intel Omni-Path,",1/11/2022,200,HPE,53568,3.08,4.97,691.2,0.004456019,0.61971831,0,1434,2111,3545,0,1,85,3534
"Numerical Materials Simulator - HPE SGI 8600, Xeon Platinum 8268 24C 2.9GHz, Dual-rail Intel Omni-Path,",1/6/2022,175,HPE,53568,3.08,4.97,691.2,0.004456019,0.61971831,0,1434,2111,3545,0,1,85,3534
"Numerical Materials Simulator - HPE SGI 8600, Xeon Platinum 8268 24C 2.9GHz, Dual-rail Intel Omni-Path,",1/11/2021,160,HPE,53568,3.08,4.97,691.2,0.004456019,0.61971831,0,1434,2111,3545,0,1,85,3534
"Numerical Materials Simulator - HPE SGI 8600, Xeon Platinum 8268 24C 2.9GHz, Dual-rail Intel Omni-Path,",1/6/2021,137,HPE,53568,3.08,4.97,691.2,0.004456019,0.61971831,0,1434,2111,3545,0,1,85,3534
"Numerical Materials Simulator - HPE SGI 8600, Xeon Platinum 8268 24C 2.9GHz, Dual-rail Intel Omni-Path,",1/11/2020,105,HPE,53568,3.08,4.97,691.2,0.004456019,0.61971831,0,1434,2111,3545,0,1,85,3534
"Numerical Materials Simulator - HPE SGI 8600, Xeon Platinum 8268 24C 2.9GHz, Dual-rail Intel Omni-Path,",1/6/2020,87,HPE,53568,3.08,4.97,691.2,0.004456019,0.61971831,0,1434,2111,3545,0,1,85,3534
"Hera - Cray CS500, Xeon Gold 6148 20C 2.4GHz, Infiniband HDR,",1/11/2025,416,Cray/HPE,63840,3.08,4.88,2294.598255,0,0.631147541,0,1434,2111,3545,0,1,85,3534
"Hera - Cray CS500, Xeon Gold 6148 20C 2.4GHz, Infiniband HDR,",1/6/2025,389,Cray/HPE,63840,3.08,4.88,2294.598255,0,0.631147541,0,1434,2111,3545,0,1,85,3534
"Hera - Cray CS500, Xeon Gold 6148 20C 2.4GHz, Infiniband HDR,",1/11/2024,348,Cray/HPE,63840,3.08,4.88,2294.598255,0,0.631147541,0,1434,2111,3545,0,1,85,3534
"Hera - Cray CS500, Xeon Gold 6148 20C 2.4GHz, Infiniband HDR,",1/6/2024,307,Cray/HPE,63840,3.08,4.88,2294.598255,0,0.631147541,0,1434,2111,3545,0,1,85,3534
"Hera - Cray CS500, Xeon Gold 6148 20C 2.4GHz, Infiniband HDR,",1/11/2023,271,Cray/HPE,63840,3.08,4.88,2294.598255,0,0.631147541,0,1434,2111,3545,0,1,85,3534
"Hera - Cray CS500, Xeon Gold 6148 20C 2.4GHz, Infiniband HDR,",1/6/2023,235,Cray/HPE,63840,3.08,4.88,2294.598255,0,0.631147541,0,1434,2111,3545,0,1,85,3534
"Hera - Cray CS500, Xeon Gold 6148 20C 2.4GHz, Infiniband HDR,",1/11/2022,201,Cray/HPE,63840,3.08,4.88,2294.598255,0,0.631147541,0,1434,2111,3545,0,1,85,3534
"Hera - Cray CS500, Xeon Gold 6148 20C 2.4GHz, Infiniband HDR,",1/6/2022,176,Cray/HPE,63840,3.08,4.88,2294.598255,0,0.631147541,0,1434,2111,3545,0,1,85,3534
"Hera - Cray CS500, Xeon Gold 6148 20C 2.4GHz, Infiniband HDR,",1/11/2021,161,Cray/HPE,63840,3.08,4.88,2294.598255,0,0.631147541,0,1434,2111,3545,0,1,85,3534
"Hera - Cray CS500, Xeon Gold 6148 20C 2.4GHz, Infiniband HDR,",1/6/2021,138,Cray/HPE,63840,3.08,4.88,2294.598255,0,0.631147541,0,1434,2111,3545,0,1,85,3534
"Hera - Cray CS500, Xeon Gold 6148 20C 2.4GHz, Infiniband HDR,",1/11/2020,106,Cray/HPE,63840,3.08,4.88,2294.598255,0,0.631147541,0,1434,2111,3545,0,1,85,3534
"Hera - Cray CS500, Xeon Gold 6148 20C 2.4GHz, Infiniband HDR,",1/6/2020,88,Cray/HPE,63840,3.08,4.88,2294.598255,0,0.631147541,0,1434,2111,3545,0,1,85,3534
"Camphor 2 - Cray XC40, Intel Xeon Phi 7250 68C 1.4GHz, Aries interconnect,",1/11/2025,417,Cray/HPE,122400,3.06,5.48,748.1,0.004090362,0.558394161,0,1434,2111,3545,0,1,85,3534
"Camphor 2 - Cray XC40, Intel Xeon Phi 7250 68C 1.4GHz, Aries interconnect,",1/6/2025,390,Cray/HPE,122400,3.06,5.48,748.1,0.004090362,0.558394161,0,1434,2111,3545,0,1,85,3534
"Camphor 2 - Cray XC40, Intel Xeon Phi 7250 68C 1.4GHz, Aries interconnect,",1/11/2024,349,Cray/HPE,122400,3.06,5.48,748.1,0.004090362,0.558394161,0,1434,2111,3545,0,1,85,3534
"Camphor 2 - Cray XC40, Intel Xeon Phi 7250 68C 1.4GHz, Aries interconnect,",1/6/2024,308,Cray/HPE,122400,3.06,5.48,748.1,0.004090362,0.558394161,0,1434,2111,3545,0,1,85,3534
"Camphor 2 - Cray XC40, Intel Xeon Phi 7250 68C 1.4GHz, Aries interconnect,",1/11/2023,272,Cray/HPE,122400,3.06,5.48,748.1,0.004090362,0.558394161,0,1434,2111,3545,0,1,85,3534
"Camphor 2 - Cray XC40, Intel Xeon Phi 7250 68C 1.4GHz, Aries interconnect,",1/6/2023,236,Cray/HPE,122400,3.06,5.48,748.1,0.004090362,0.558394161,0,1434,2111,3545,0,1,85,3534
"Camphor 2 - Cray XC40, Intel Xeon Phi 7250 68C 1.4GHz, Aries interconnect,",1/11/2022,202,Cray/HPE,122400,3.06,5.48,748.1,0.004090362,0.558394161,0,1434,2111,3545,0,1,85,3534
"Camphor 2 - Cray XC40, Intel Xeon Phi 7250 68C 1.4GHz, Aries interconnect,",1/6/2022,177,Cray/HPE,122400,3.06,5.48,748.1,0.004090362,0.558394161,0,1434,2111,3545,0,1,85,3534
"Camphor 2 - Cray XC40, Intel Xeon Phi 7250 68C 1.4GHz, Aries interconnect,",1/11/2021,162,Cray/HPE,122400,3.06,5.48,748.1,0.004090362,0.558394161,0,1434,2111,3545,0,1,85,3534
"Camphor 2 - Cray XC40, Intel Xeon Phi 7250 68C 1.4GHz, Aries interconnect,",1/6/2021,139,Cray/HPE,122400,3.06,5.48,748.1,0.004090362,0.558394161,0,1434,2111,3545,0,1,85,3534
"Camphor 2 - Cray XC40, Intel Xeon Phi 7250 68C 1.4GHz, Aries interconnect,",1/11/2020,107,Cray/HPE,122400,3.06,5.48,748.1,0.004090362,0.558394161,0,1434,2111,3545,0,1,85,3534
"Camphor 2 - Cray XC40, Intel Xeon Phi 7250 68C 1.4GHz, Aries interconnect,",1/6/2020,89,Cray/HPE,122400,3.06,5.48,748.1,0.004090362,0.558394161,0,1434,2111,3545,0,1,85,3534
"Camphor 2 - Cray XC40, Intel Xeon Phi 7250 68C 1.4GHz, Aries interconnect,",1/11/2019,77,Cray/HPE,122400,3.06,5.48,748.1,0.004090362,0.558394161,0,1434,2111,3545,0,1,85,3534
"Camphor 2 - Cray XC40, Intel Xeon Phi 7250 68C 1.4GHz, Aries interconnect,",1/6/2019,70,Cray/HPE,122400,3.06,5.48,748.1,0.004090362,0.558394161,0,1434,2111,3545,0,1,85,3534
"Camphor 2 - Cray XC40, Intel Xeon Phi 7250 68C 1.4GHz, Aries interconnect,",1/11/2018,60,Cray/HPE,122400,3.06,5.48,748.1,0.004090362,0.558394161,0,1434,2111,3545,0,1,85,3534
"Camphor 2 - Cray XC40, Intel Xeon Phi 7250 68C 1.4GHz, Aries interconnect,",1/6/2018,54,Cray/HPE,122400,3.06,5.48,748.1,0.004090362,0.558394161,0,1434,2111,3545,0,1,85,3534
"Camphor 2 - Cray XC40, Intel Xeon Phi 7250 68C 1.4GHz, Aries interconnect,",1/11/2017,42,Cray/HPE,122400,3.06,5.48,748.1,0.004090362,0.558394161,0,1434,2111,3545,0,1,85,3534
"Camphor 2 - Cray XC40, Intel Xeon Phi 7250 68C 1.4GHz, Aries interconnect,",1/6/2017,38,Cray/HPE,122400,3.06,5.48,748.1,0.004090362,0.558394161,0,1434,2111,3545,0,1,85,3534
"Camphor 2 - Cray XC40, Intel Xeon Phi 7250 68C 1.4GHz, Aries interconnect,",1/11/2016,34,Cray/HPE,122400,3.06,5.48,748.1,0.004090362,0.558394161,0,1434,2111,3545,0,1,85,3534
"Jean Zay - HPE SGI 8600, Xeon Gold 6248 20C 2.5GHz, Intel Omni-Path,",1/11/2025,418,HPE,61120,3.05,4.87,2294.598255,0,0.626283368,0,1434,2111,3545,0,1,85,3534
"Jean Zay - HPE SGI 8600, Xeon Gold 6248 20C 2.5GHz, Intel Omni-Path,",1/6/2025,391,HPE,61120,3.05,4.87,2294.598255,0,0.626283368,0,1434,2111,3545,0,1,85,3534
"Jean Zay - HPE SGI 8600, Xeon Gold 6248 20C 2.5GHz, Intel Omni-Path,",1/11/2024,350,HPE,61120,3.05,4.87,2294.598255,0,0.626283368,0,1434,2111,3545,0,1,85,3534
"Jean Zay - HPE SGI 8600, Xeon Gold 6248 20C 2.5GHz, Intel Omni-Path,",1/6/2024,309,HPE,61120,3.05,4.87,2294.598255,0,0.626283368,0,1434,2111,3545,0,1,85,3534
"Jean Zay - HPE SGI 8600, Xeon Gold 6248 20C 2.5GHz, Intel Omni-Path,",1/11/2023,273,HPE,61120,3.05,4.87,2294.598255,0,0.626283368,0,1434,2111,3545,0,1,85,3534
"Jean Zay - HPE SGI 8600, Xeon Gold 6248 20C 2.5GHz, Intel Omni-Path,",1/6/2023,237,HPE,61120,3.05,4.87,2294.598255,0,0.626283368,0,1434,2111,3545,0,1,85,3534
"Jean Zay - HPE SGI 8600, Xeon Gold 6248 20C 2.5GHz, Intel Omni-Path,",1/11/2022,203,HPE,61120,3.05,4.87,2294.598255,0,0.626283368,0,1434,2111,3545,0,1,85,3534
"Jean Zay - HPE SGI 8600, Xeon Gold 6248 20C 2.5GHz, Intel Omni-Path,",1/6/2022,178,HPE,61120,3.05,4.87,2294.598255,0,0.626283368,0,1434,2111,3545,0,1,85,3534
"Jean Zay - HPE SGI 8600, Xeon Gold 6248 20C 2.5GHz, Intel Omni-Path,",1/11/2021,163,HPE,61120,3.05,4.87,2294.598255,0,0.626283368,0,1434,2111,3545,0,1,85,3534
"Jean Zay - HPE SGI 8600, Xeon Gold 6248 20C 2.5GHz, Intel Omni-Path,",1/6/2021,140,HPE,61120,3.05,4.87,2294.598255,0,0.626283368,0,1434,2111,3545,0,1,85,3534
"Jean Zay - HPE SGI 8600, Xeon Gold 6248 20C 2.5GHz, Intel Omni-Path,",1/11/2020,108,HPE,61120,3.05,4.87,2294.598255,0,0.626283368,0,1434,2111,3545,0,1,85,3534
"Jean Zay - HPE SGI 8600, Xeon Gold 6248 20C 2.5GHz, Intel Omni-Path,",1/6/2020,91,HPE,61120,3.05,4.87,2294.598255,0,0.626283368,0,1434,2111,3545,0,1,85,3534
"Jean Zay - HPE SGI 8600, Xeon Gold 6248 20C 2.5GHz, Intel Omni-Path,",1/11/2019,79,HPE,61120,3.05,4.87,2294.598255,0,0.626283368,0,1434,2111,3545,0,1,85,3534
"Jean Zay - HPE SGI 8600, Xeon Gold 6248 20C 2.5GHz, Intel Omni-Path,",1/6/2019,72,HPE,61120,3.05,4.87,2294.598255,0,0.626283368,0,1434,2111,3545,0,1,85,3534
"Barnard - EVIDEN BullSequana X2140, Xeon Platinum 8470 52C 2GHz, Mellanox HDR Infiniband,",1/11/2025,419,EVIDEN,65520,3.05,4.05,535.7,0.005693485,0.75308642,0,1434,2111,3545,0,1,85,3534
"Barnard - EVIDEN BullSequana X2140, Xeon Platinum 8470 52C 2GHz, Mellanox HDR Infiniband,",1/6/2025,392,EVIDEN,65520,3.05,4.05,535.7,0.005693485,0.75308642,0,1434,2111,3545,0,1,85,3534
"Barnard - EVIDEN BullSequana X2140, Xeon Platinum 8470 52C 2GHz, Mellanox HDR Infiniband,",1/11/2024,351,EVIDEN,65520,3.05,4.05,535.7,0.005693485,0.75308642,0,1434,2111,3545,0,1,85,3534
"Barnard - EVIDEN BullSequana X2140, Xeon Platinum 8470 52C 2GHz, Mellanox HDR Infiniband,",1/6/2024,310,EVIDEN,65520,3.05,4.05,535.7,0.005693485,0.75308642,0,1434,2111,3545,0,1,85,3534
"Barnard - EVIDEN BullSequana X2140, Xeon Platinum 8470 52C 2GHz, Mellanox HDR Infiniband,",1/11/2023,274,EVIDEN,65520,3.05,4.05,535.7,0.005693485,0.75308642,0,1434,2111,3545,0,1,85,3534
"Barnard - EVIDEN BullSequana X2140, Xeon Platinum 8470 52C 2GHz, Mellanox HDR Infiniband,",1/6/2023,238,EVIDEN,65520,3.05,4.05,535.7,0.005693485,0.75308642,0,1434,2111,3545,0,1,85,3534
"KAIROS - BullSequana XH3000, GH Superchip 72C 3GHz, NVIDIA GH200 Superchip, Quad-Rail NVIDIA InfiniBand NDR200, RedHat Enterprise Linux,",1/11/2025,420,EVIDEN,13056,3.05,3.42,46.18,0.066045907,0.891812865,1,1434,2111,3545,0,1,85,3534
"Palmetto2 - PowerEdge R740/R740xd/R750, Xeon 8358/6148/6248/6238R/6258R, NVIDIA Tesla A100 80G/40G, InfiniBand HDR100,",1/11/2025,421,DELL,52080,3.01,4.58,2294.598255,0,0.65720524,1,1434,2111,3545,0,1,85,3534
"Palmetto2 - PowerEdge R740/R740xd/R750, Xeon 8358/6148/6248/6238R/6258R, NVIDIA Tesla A100 80G/40G, InfiniBand HDR100,",1/6/2025,393,DELL,52080,3.01,4.58,2294.598255,0,0.65720524,1,1434,2111,3545,0,1,85,3534
"Palmetto2 - PowerEdge R740/R740xd/R750, Xeon 8358/6148/6248/6238R/6258R, NVIDIA Tesla A100 80G/40G, InfiniBand HDR100,",1/11/2024,352,DELL,52080,3.01,4.58,2294.598255,0,0.65720524,1,1434,2111,3545,0,1,85,3534
"Palmetto2 - PowerEdge R740/R740xd/R750, Xeon 8358/6148/6248/6238R/6258R, NVIDIA Tesla A100 80G/40G, InfiniBand HDR100,",1/6/2024,311,DELL,52080,3.01,4.58,2294.598255,0,0.65720524,1,1434,2111,3545,0,1,85,3534
"Palmetto2 - PowerEdge R740/R740xd/R750, Xeon 8358/6148/6248/6238R/6258R, NVIDIA Tesla A100 80G/40G, InfiniBand HDR100,",1/11/2023,275,DELL,52080,3.01,4.58,2294.598255,0,0.65720524,1,1434,2111,3545,0,1,85,3534
"Palmetto2 - PowerEdge R740/R740xd/R750, Xeon 8358/6148/6248/6238R/6258R, NVIDIA Tesla A100 80G/40G, InfiniBand HDR100,",1/6/2023,239,DELL,52080,3.01,4.58,2294.598255,0,0.65720524,1,1434,2111,3545,0,1,85,3534
"Palmetto2 - PowerEdge R740/R740xd/R750, Xeon 8358/6148/6248/6238R/6258R, NVIDIA Tesla A100 80G/40G, InfiniBand HDR100,",1/11/2020,477,DELL,44016,1.4,3.55,2294.598255,0,0.394366197,1,1434,2111,3545,0,1,85,3534
"Palmetto2 - PowerEdge R740/R740xd/R750, Xeon 8358/6148/6248/6238R/6258R, NVIDIA Tesla A100 80G/40G, InfiniBand HDR100,",1/6/2020,440,DELL,44016,1.4,3.55,2294.598255,0,0.394366197,1,1434,2111,3545,0,1,85,3534
"Palmetto2 - PowerEdge R740/R740xd/R750, Xeon 8358/6148/6248/6238R/6258R, NVIDIA Tesla A100 80G/40G, InfiniBand HDR100,",1/11/2019,392,DELL,44016,1.4,3.55,2294.598255,0,0.394366197,1,1434,2111,3545,0,1,85,3534
"Palmetto2 - PowerEdge R740/R740xd/R750, Xeon 8358/6148/6248/6238R/6258R, NVIDIA Tesla A100 80G/40G, InfiniBand HDR100,",1/6/2019,495,DELL,12592,1.03,3.02,2294.598255,0,0.341059603,1,1434,2111,3545,0,1,85,3534
"Palmetto2 - PowerEdge R740/R740xd/R750, Xeon 8358/6148/6248/6238R/6258R, NVIDIA Tesla A100 80G/40G, InfiniBand HDR100,",1/11/2018,401,DELL,12592,1.03,3.02,2294.598255,0,0.341059603,1,1434,2111,3545,0,1,85,3534
"Palmetto2 - PowerEdge R740/R740xd/R750, Xeon 8358/6148/6248/6238R/6258R, NVIDIA Tesla A100 80G/40G, InfiniBand HDR100,",1/6/2018,346,DELL,23452,0.87,1.55,1123.5,0.000774366,0.561290323,1,1434,2111,3545,0,0,85,3534
"Palmetto2 - PowerEdge R740/R740xd/R750, Xeon 8358/6148/6248/6238R/6258R, NVIDIA Tesla A100 80G/40G, InfiniBand HDR100,",1/11/2017,245,DELL,23452,0.87,1.55,1123.5,0.000774366,0.561290323,1,1434,2111,3545,0,0,85,3534
"Palmetto2 - PowerEdge R740/R740xd/R750, Xeon 8358/6148/6248/6238R/6258R, NVIDIA Tesla A100 80G/40G, InfiniBand HDR100,",1/6/2017,173,DELL,23452,0.87,1.55,1123.5,0.000774366,0.561290323,1,1434,2111,3545,0,0,85,3534
"Palmetto2 - PowerEdge R740/R740xd/R750, Xeon 8358/6148/6248/6238R/6258R, NVIDIA Tesla A100 80G/40G, InfiniBand HDR100,",1/11/2016,156,DELL,17372,0.81,1.22,1123.5,0.000720961,0.663934426,1,1434,2111,3545,0,0,85,3534
"Palmetto2 - PowerEdge R740/R740xd/R750, Xeon 8358/6148/6248/6238R/6258R, NVIDIA Tesla A100 80G/40G, InfiniBand HDR100,",1/6/2016,135,DELL,17372,0.75,1.12,1123.5,0.000667557,0.669642857,1,1434,2111,3545,0,0,85,3534
"Palmetto2 - PowerEdge R740/R740xd/R750, Xeon 8358/6148/6248/6238R/6258R, NVIDIA Tesla A100 80G/40G, InfiniBand HDR100,",1/11/2015,118,DELL,16996,0.72,0.98,2294.598255,0,0.734693878,1,1434,2111,3545,0,0,85,3534
"Palmetto2 - PowerEdge R740/R740xd/R750, Xeon 8358/6148/6248/6238R/6258R, NVIDIA Tesla A100 80G/40G, InfiniBand HDR100,",1/6/2015,108,DELL,14980,0.63,0.88,2294.598255,0,0.715909091,1,1434,2111,3545,0,0,85,3534
"Palmetto2 - PowerEdge R740/R740xd/R750, Xeon 8358/6148/6248/6238R/6258R, NVIDIA Tesla A100 80G/40G, InfiniBand HDR100,",1/11/2014,89,DELL,12080,0.55,0.74,2294.598255,0,0.743243243,1,1434,2111,3545,0,0,85,3534
"Palmetto2 - PowerEdge R740/R740xd/R750, Xeon 8358/6148/6248/6238R/6258R, NVIDIA Tesla A100 80G/40G, InfiniBand HDR100,",1/6/2014,67,DELL,12080,0.55,0.74,2294.598255,0,0.743243243,1,1434,2111,3545,0,0,85,3534
"Palmetto2 - PowerEdge R740/R740xd/R750, Xeon 8358/6148/6248/6238R/6258R, NVIDIA Tesla A100 80G/40G, InfiniBand HDR100,",1/11/2013,82,DELL,8190,0.4,0.52,2294.598255,0,0.769230769,1,1434,2111,3545,0,0,85,3534
"Palmetto2 - PowerEdge R740/R740xd/R750, Xeon 8358/6148/6248/6238R/6258R, NVIDIA Tesla A100 80G/40G, InfiniBand HDR100,",1/6/2013,116,DELL,5376,0.26,0.34,2294.598255,0,0.764705882,1,1434,2111,3545,0,0,85,3534
"ARF - ThinkSystem SD650 v3, Xeon Platinum 8480+ 56C 2GHz, Infiniband NDR200,",1/11/2025,422,Lenovo,55552,3,3.56,2294.598255,0,0.842696629,0,1434,2111,3545,0,1,85,3534
"ARF - ThinkSystem SD650 v3, Xeon Platinum 8480+ 56C 2GHz, Infiniband NDR200,",1/6/2025,395,Lenovo,55552,3,3.56,2294.598255,0,0.842696629,0,1434,2111,3545,0,1,85,3534
"ARF - ThinkSystem SD650 v3, Xeon Platinum 8480+ 56C 2GHz, Infiniband NDR200,",1/11/2024,354,Lenovo,55552,3,3.56,2294.598255,0,0.842696629,0,1434,2111,3545,0,1,85,3534
"ARF - ThinkSystem SD650 v3, Xeon Platinum 8480+ 56C 2GHz, Infiniband NDR200,",1/6/2024,313,Lenovo,55552,3,3.56,2294.598255,0,0.842696629,0,1434,2111,3545,0,1,85,3534
"NO3 - ThinkSystem C0366, Xeon Gold 6252 24C 2.1GHz, 100G Ethernet,",1/11/2025,423,Lenovo,88320,3,5.94,2294.598255,0,0.505050505,0,1434,2111,3545,0,1,85,3534
"NO3 - ThinkSystem C0366, Xeon Gold 6252 24C 2.1GHz, 100G Ethernet,",1/6/2025,396,Lenovo,88320,3,5.94,2294.598255,0,0.505050505,0,1434,2111,3545,0,1,85,3534
"NO3 - ThinkSystem C0366, Xeon Gold 6252 24C 2.1GHz, 100G Ethernet,",1/11/2024,355,Lenovo,88320,3,5.94,2294.598255,0,0.505050505,0,1434,2111,3545,0,1,85,3534
"NO3 - ThinkSystem C0366, Xeon Gold 6252 24C 2.1GHz, 100G Ethernet,",1/6/2024,314,Lenovo,88320,3,5.94,2294.598255,0,0.505050505,0,1434,2111,3545,0,1,85,3534
"NO3 - ThinkSystem C0366, Xeon Gold 6252 24C 2.1GHz, 100G Ethernet,",1/11/2023,277,Lenovo,88320,3,5.94,2294.598255,0,0.505050505,0,1434,2111,3545,0,1,85,3534
"NO3 - ThinkSystem C0366, Xeon Gold 6252 24C 2.1GHz, 100G Ethernet,",1/6/2023,241,Lenovo,88320,3,5.94,2294.598255,0,0.505050505,0,1434,2111,3545,0,1,85,3534
"NO3 - ThinkSystem C0366, Xeon Gold 6252 24C 2.1GHz, 100G Ethernet,",1/11/2022,205,Lenovo,88320,3,5.94,2294.598255,0,0.505050505,0,1434,2111,3545,0,1,85,3534
"Lenovo HR650x, Xeon Gold 6133 20C 2.5GHz, 25G Ethernet,",1/11/2025,424,Lenovo,73600,2.99,5.89,2294.598255,0,0.507640068,0,1434,2111,3545,0,1,85,3534
"Lenovo HR650x, Xeon Gold 6133 20C 2.5GHz, 25G Ethernet,",1/6/2025,397,Lenovo,73600,2.99,5.89,2294.598255,0,0.507640068,0,1434,2111,3545,0,1,85,3534
"Lenovo HR650x, Xeon Gold 6133 20C 2.5GHz, 25G Ethernet,",1/11/2024,356,Lenovo,73600,2.99,5.89,2294.598255,0,0.507640068,0,1434,2111,3545,0,1,85,3534
"Lenovo HR650x, Xeon Gold 6133 20C 2.5GHz, 25G Ethernet,",1/6/2024,315,Lenovo,73600,2.99,5.89,2294.598255,0,0.507640068,0,1434,2111,3545,0,1,85,3534
"Lenovo HR650x, Xeon Gold 6133 20C 2.5GHz, 25G Ethernet,",1/11/2023,278,Lenovo,73600,2.99,5.89,2294.598255,0,0.507640068,0,1434,2111,3545,0,1,85,3534
"Lenovo HR650x, Xeon Gold 6133 20C 2.5GHz, 25G Ethernet,",1/6/2023,242,Lenovo,73600,2.99,5.89,2294.598255,0,0.507640068,0,1434,2111,3545,0,1,85,3534
"Lenovo HR650x, Xeon Gold 6133 20C 2.5GHz, 25G Ethernet,",1/11/2022,206,Lenovo,73600,2.99,5.89,2294.598255,0,0.507640068,0,1434,2111,3545,0,1,85,3534
"Lenovo HR650x, Xeon Gold 6133 20C 2.5GHz, 25G Ethernet,",1/6/2022,180,Lenovo,73600,2.99,5.89,2294.598255,0,0.507640068,0,1434,2111,3545,0,1,85,3534
"Lenovo HR650x, Xeon Gold 6133 20C 2.5GHz, 25G Ethernet,",1/11/2021,165,Lenovo,73600,2.99,5.89,2294.598255,0,0.507640068,0,1434,2111,3545,0,1,85,3534
"Lenovo HR650x, Xeon Gold 6133 20C 2.5GHz, 25G Ethernet,",1/6/2021,142,Lenovo,73600,2.99,5.89,2294.598255,0,0.507640068,0,1434,2111,3545,0,1,85,3534
"Lenovo HR650x, Xeon Gold 6133 20C 2.5GHz, 25G Ethernet,",1/11/2020,110,Lenovo,73600,2.99,5.89,2294.598255,0,0.507640068,0,1434,2111,3545,0,1,85,3534
"Lenovo HR650x, Xeon Gold 6133 20C 2.5GHz, 25G Ethernet,",1/6/2020,94,Lenovo,73600,2.99,5.89,2294.598255,0,0.507640068,0,1434,2111,3545,0,1,85,3534
"Lenovo HR650x, Xeon Gold 6133 20C 2.5GHz, 25G Ethernet,",1/11/2019,81,Lenovo,73600,2.99,5.89,2294.598255,0,0.507640068,0,1434,2111,3545,0,1,85,3534
"FusionServer 2258H V8, AMD EPYC 9755 128C 2.7GHz, Intel Omni-Path 100G, RHEL 9.4,",1/11/2025,425,xFusion,51200,2.99,4.42,2294.598255,0,0.676470588,0,1434,2111,3545,0,1,85,3534
"FusionServer 2258H V8, AMD EPYC 9755 128C 2.7GHz, Intel Omni-Path 100G, RHEL 9.4,",1/6/2025,398,xFusion,51200,2.99,4.42,2294.598255,0,0.676470588,0,1434,2111,3545,0,1,85,3534
"AMD Ouranos - BullSequana XH3000, AMD 4th Gen EPYC 24C 1.8GHz, AMD Instinct MI300A, Infiniband NDR200, RedHat Enterprise Linux,",1/11/2025,426,EVIDEN,16632,2.99,3.97,48.14,0.062110511,0.753148615,1,1434,2111,3545,0,1,85,3534
"AMD Ouranos - BullSequana XH3000, AMD 4th Gen EPYC 24C 1.8GHz, AMD Instinct MI300A, Infiniband NDR200, RedHat Enterprise Linux,",1/6/2025,399,EVIDEN,16632,2.99,3.97,48.14,0.062110511,0.753148615,1,1434,2111,3545,0,1,85,3534
"HHH1 - ThinkSystem HR650X, Xeon Gold 6233 24C 2.5GHz, 25G Ethernet,",1/11/2025,427,Lenovo,80640,2.98,6.45,2294.598255,0,0.462015504,0,1434,2111,3545,0,1,85,3534
"HHH1 - ThinkSystem HR650X, Xeon Gold 6233 24C 2.5GHz, 25G Ethernet,",1/6/2025,400,Lenovo,80640,2.98,6.45,2294.598255,0,0.462015504,0,1434,2111,3545,0,1,85,3534
"HHH1 - ThinkSystem HR650X, Xeon Gold 6233 24C 2.5GHz, 25G Ethernet,",1/11/2024,357,Lenovo,80640,2.98,6.45,2294.598255,0,0.462015504,0,1434,2111,3545,0,1,85,3534
"HHH1 - ThinkSystem HR650X, Xeon Gold 6233 24C 2.5GHz, 25G Ethernet,",1/6/2024,316,Lenovo,80640,2.98,6.45,2294.598255,0,0.462015504,0,1434,2111,3545,0,1,85,3534
"HHH1 - ThinkSystem HR650X, Xeon Gold 6233 24C 2.5GHz, 25G Ethernet,",1/11/2023,279,Lenovo,80640,2.98,6.45,2294.598255,0,0.462015504,0,1434,2111,3545,0,1,85,3534
"HHH1 - ThinkSystem HR650X, Xeon Gold 6233 24C 2.5GHz, 25G Ethernet,",1/6/2023,243,Lenovo,80640,2.98,6.45,2294.598255,0,0.462015504,0,1434,2111,3545,0,1,85,3534
"HHH1 - ThinkSystem HR650X, Xeon Gold 6233 24C 2.5GHz, 25G Ethernet,",1/11/2022,207,Lenovo,80640,2.98,6.45,2294.598255,0,0.462015504,0,1434,2111,3545,0,1,85,3534
"HHH1 - ThinkSystem HR650X, Xeon Gold 6233 24C 2.5GHz, 25G Ethernet,",1/6/2022,181,Lenovo,80640,2.98,6.45,2294.598255,0,0.462015504,0,1434,2111,3545,0,1,85,3534
"HHH1 - ThinkSystem HR650X, Xeon Gold 6233 24C 2.5GHz, 25G Ethernet,",1/11/2021,166,Lenovo,80640,2.98,6.45,2294.598255,0,0.462015504,0,1434,2111,3545,0,1,85,3534
"III1 - ThinkSystem HR650X, Xeon Gold 6233 24C 2.5GHz, 25G Ethernet,",1/11/2025,428,Lenovo,79680,2.98,6.37,2294.598255,0,0.467817896,0,1434,2111,3545,0,1,85,3534
"III1 - ThinkSystem HR650X, Xeon Gold 6233 24C 2.5GHz, 25G Ethernet,",1/6/2025,401,Lenovo,79680,2.98,6.37,2294.598255,0,0.467817896,0,1434,2111,3545,0,1,85,3534
"III1 - ThinkSystem HR650X, Xeon Gold 6233 24C 2.5GHz, 25G Ethernet,",1/11/2024,358,Lenovo,79680,2.98,6.37,2294.598255,0,0.467817896,0,1434,2111,3545,0,1,85,3534
"III1 - ThinkSystem HR650X, Xeon Gold 6233 24C 2.5GHz, 25G Ethernet,",1/6/2024,317,Lenovo,79680,2.98,6.37,2294.598255,0,0.467817896,0,1434,2111,3545,0,1,85,3534
"III1 - ThinkSystem HR650X, Xeon Gold 6233 24C 2.5GHz, 25G Ethernet,",1/11/2023,280,Lenovo,79680,2.98,6.37,2294.598255,0,0.467817896,0,1434,2111,3545,0,1,85,3534
"III1 - ThinkSystem HR650X, Xeon Gold 6233 24C 2.5GHz, 25G Ethernet,",1/6/2023,244,Lenovo,79680,2.98,6.37,2294.598255,0,0.467817896,0,1434,2111,3545,0,1,85,3534
"III1 - ThinkSystem HR650X, Xeon Gold 6233 24C 2.5GHz, 25G Ethernet,",1/11/2022,208,Lenovo,79680,2.98,6.37,2294.598255,0,0.467817896,0,1434,2111,3545,0,1,85,3534
"III1 - ThinkSystem HR650X, Xeon Gold 6233 24C 2.5GHz, 25G Ethernet,",1/6/2022,182,Lenovo,79680,2.98,6.37,2294.598255,0,0.467817896,0,1434,2111,3545,0,1,85,3534
"III1 - ThinkSystem HR650X, Xeon Gold 6233 24C 2.5GHz, 25G Ethernet,",1/11/2021,167,Lenovo,79680,2.98,6.37,2294.598255,0,0.467817896,0,1434,2111,3545,0,1,85,3534
"Tetralith - Intel H2204XXLRE, Xeon Gold 6130 16C 2.1GHz, Intel Omni-Path,",1/11/2025,429,ClusterVision / Hammer,64512,2.97,4.34,2294.598255,0,0.684331797,0,1434,2111,3545,0,1,85,3534
"Tetralith - Intel H2204XXLRE, Xeon Gold 6130 16C 2.1GHz, Intel Omni-Path,",1/6/2025,402,ClusterVision / Hammer,64512,2.97,4.34,2294.598255,0,0.684331797,0,1434,2111,3545,0,1,85,3534
"Tetralith - Intel H2204XXLRE, Xeon Gold 6130 16C 2.1GHz, Intel Omni-Path,",1/11/2024,359,ClusterVision / Hammer,64512,2.97,4.34,2294.598255,0,0.684331797,0,1434,2111,3545,0,1,85,3534
"Tetralith - Intel H2204XXLRE, Xeon Gold 6130 16C 2.1GHz, Intel Omni-Path,",1/6/2024,318,ClusterVision / Hammer,64512,2.97,4.34,2294.598255,0,0.684331797,0,1434,2111,3545,0,1,85,3534
"Tetralith - Intel H2204XXLRE, Xeon Gold 6130 16C 2.1GHz, Intel Omni-Path,",1/11/2023,281,ClusterVision / Hammer,64512,2.97,4.34,2294.598255,0,0.684331797,0,1434,2111,3545,0,1,85,3534
"Tetralith - Intel H2204XXLRE, Xeon Gold 6130 16C 2.1GHz, Intel Omni-Path,",1/6/2023,245,ClusterVision / Hammer,64512,2.97,4.34,2294.598255,0,0.684331797,0,1434,2111,3545,0,1,85,3534
"Tetralith - Intel H2204XXLRE, Xeon Gold 6130 16C 2.1GHz, Intel Omni-Path,",1/11/2022,209,ClusterVision / Hammer,64512,2.97,4.34,2294.598255,0,0.684331797,0,1434,2111,3545,0,1,85,3534
"Tetralith - Intel H2204XXLRE, Xeon Gold 6130 16C 2.1GHz, Intel Omni-Path,",1/6/2022,183,ClusterVision / Hammer,64512,2.97,4.34,2294.598255,0,0.684331797,0,1434,2111,3545,0,1,85,3534
"Tetralith - Intel H2204XXLRE, Xeon Gold 6130 16C 2.1GHz, Intel Omni-Path,",1/11/2021,168,ClusterVision / Hammer,64512,2.97,4.34,2294.598255,0,0.684331797,0,1434,2111,3545,0,1,85,3534
"Tetralith - Intel H2204XXLRE, Xeon Gold 6130 16C 2.1GHz, Intel Omni-Path,",1/6/2021,143,ClusterVision / Hammer,64512,2.97,4.34,2294.598255,0,0.684331797,0,1434,2111,3545,0,1,85,3534
"Tetralith - Intel H2204XXLRE, Xeon Gold 6130 16C 2.1GHz, Intel Omni-Path,",1/11/2020,111,ClusterVision / Hammer,64512,2.97,4.34,2294.598255,0,0.684331797,0,1434,2111,3545,0,1,85,3534
"Tetralith - Intel H2204XXLRE, Xeon Gold 6130 16C 2.1GHz, Intel Omni-Path,",1/6/2020,95,ClusterVision / Hammer,64512,2.97,4.34,2294.598255,0,0.684331797,0,1434,2111,3545,0,1,85,3534
"Tetralith - Intel H2204XXLRE, Xeon Gold 6130 16C 2.1GHz, Intel Omni-Path,",1/11/2019,82,ClusterVision / Hammer,64512,2.97,4.34,2294.598255,0,0.684331797,0,1434,2111,3545,0,1,85,3534
"Tetralith - Intel H2204XXLRE, Xeon Gold 6130 16C 2.1GHz, Intel Omni-Path,",1/6/2019,74,ClusterVision / Hammer,64512,2.97,4.34,2294.598255,0,0.684331797,0,1434,2111,3545,0,1,85,3534
"Tetralith - Intel H2204XXLRE, Xeon Gold 6130 16C 2.1GHz, Intel Omni-Path,",1/11/2018,423,ClusterVision / Hammer,24320,1.01,1.63,2294.598255,0,0.619631902,0,1434,2111,3545,0,1,85,3534
"NEC HPC 124Rj-1, Xeon Platinum 8358 32C 2.6GHz, Intel Omni-Path,",1/11/2025,430,NEC,53568,2.96,4.46,2294.598255,0,0.66367713,0,1434,2111,3545,0,1,85,3534
"NEC HPC 124Rj-1, Xeon Platinum 8358 32C 2.6GHz, Intel Omni-Path,",1/6/2025,403,NEC,53568,2.96,4.46,2294.598255,0,0.66367713,0,1434,2111,3545,0,1,85,3534
"NEC HPC 124Rj-1, Xeon Platinum 8358 32C 2.6GHz, Intel Omni-Path,",1/11/2024,360,NEC,53568,2.96,4.46,2294.598255,0,0.66367713,0,1434,2111,3545,0,1,85,3534
"NEC HPC 124Rj-1, Xeon Platinum 8358 32C 2.6GHz, Intel Omni-Path,",1/6/2024,319,NEC,53568,2.96,4.46,2294.598255,0,0.66367713,0,1434,2111,3545,0,1,85,3534
"NEC HPC 124Rj-1, Xeon Platinum 8358 32C 2.6GHz, Intel Omni-Path,",1/11/2023,282,NEC,53568,2.96,4.46,2294.598255,0,0.66367713,0,1434,2111,3545,0,1,85,3534
"NEC HPC 124Rj-1, Xeon Platinum 8358 32C 2.6GHz, Intel Omni-Path,",1/6/2023,246,NEC,53568,2.96,4.46,2294.598255,0,0.66367713,0,1434,2111,3545,0,1,85,3534
"JJJ1 - ThinkSystem HR650X, Xeon Gold 6233 24C 2.5GHz, 25G Ethernet,",1/11/2025,431,Lenovo,78720,2.93,6.3,2294.598255,0,0.465079365,0,1434,2111,3545,0,1,85,3534
"JJJ1 - ThinkSystem HR650X, Xeon Gold 6233 24C 2.5GHz, 25G Ethernet,",1/6/2025,404,Lenovo,78720,2.93,6.3,2294.598255,0,0.465079365,0,1434,2111,3545,0,1,85,3534
"JJJ1 - ThinkSystem HR650X, Xeon Gold 6233 24C 2.5GHz, 25G Ethernet,",1/11/2024,361,Lenovo,78720,2.93,6.3,2294.598255,0,0.465079365,0,1434,2111,3545,0,1,85,3534
"JJJ1 - ThinkSystem HR650X, Xeon Gold 6233 24C 2.5GHz, 25G Ethernet,",1/6/2024,320,Lenovo,78720,2.93,6.3,2294.598255,0,0.465079365,0,1434,2111,3545,0,1,85,3534
"JJJ1 - ThinkSystem HR650X, Xeon Gold 6233 24C 2.5GHz, 25G Ethernet,",1/11/2023,283,Lenovo,78720,2.93,6.3,2294.598255,0,0.465079365,0,1434,2111,3545,0,1,85,3534
"JJJ1 - ThinkSystem HR650X, Xeon Gold 6233 24C 2.5GHz, 25G Ethernet,",1/6/2023,247,Lenovo,78720,2.93,6.3,2294.598255,0,0.465079365,0,1434,2111,3545,0,1,85,3534
"JJJ1 - ThinkSystem HR650X, Xeon Gold 6233 24C 2.5GHz, 25G Ethernet,",1/11/2022,210,Lenovo,78720,2.93,6.3,2294.598255,0,0.465079365,0,1434,2111,3545,0,1,85,3534
"JJJ1 - ThinkSystem HR650X, Xeon Gold 6233 24C 2.5GHz, 25G Ethernet,",1/6/2022,185,Lenovo,78720,2.93,6.3,2294.598255,0,0.465079365,0,1434,2111,3545,0,1,85,3534
"JJJ1 - ThinkSystem HR650X, Xeon Gold 6233 24C 2.5GHz, 25G Ethernet,",1/11/2021,169,Lenovo,78720,2.93,6.3,2294.598255,0,0.465079365,0,1434,2111,3545,0,1,85,3534
"Lenovo HR650x, Xeon Gold 6133 20C 2.5GHz, 25G Ethernet,",1/11/2025,432,Lenovo,72000,2.93,5.76,2294.598255,0,0.508680556,0,1434,2111,3545,0,1,85,3534
"Lenovo HR650x, Xeon Gold 6133 20C 2.5GHz, 25G Ethernet,",1/6/2025,405,Lenovo,72000,2.93,5.76,2294.598255,0,0.508680556,0,1434,2111,3545,0,1,85,3534
"Lenovo HR650x, Xeon Gold 6133 20C 2.5GHz, 25G Ethernet,",1/11/2024,362,Lenovo,72000,2.93,5.76,2294.598255,0,0.508680556,0,1434,2111,3545,0,1,85,3534
"Lenovo HR650x, Xeon Gold 6133 20C 2.5GHz, 25G Ethernet,",1/6/2024,321,Lenovo,72000,2.93,5.76,2294.598255,0,0.508680556,0,1434,2111,3545,0,1,85,3534
"Lenovo HR650x, Xeon Gold 6133 20C 2.5GHz, 25G Ethernet,",1/11/2023,284,Lenovo,72000,2.93,5.76,2294.598255,0,0.508680556,0,1434,2111,3545,0,1,85,3534
"Lenovo HR650x, Xeon Gold 6133 20C 2.5GHz, 25G Ethernet,",1/6/2023,248,Lenovo,72000,2.93,5.76,2294.598255,0,0.508680556,0,1434,2111,3545,0,1,85,3534
"Lenovo HR650x, Xeon Gold 6133 20C 2.5GHz, 25G Ethernet,",1/11/2022,211,Lenovo,72000,2.93,5.76,2294.598255,0,0.508680556,0,1434,2111,3545,0,1,85,3534
"Lenovo HR650x, Xeon Gold 6133 20C 2.5GHz, 25G Ethernet,",1/6/2022,186,Lenovo,72000,2.93,5.76,2294.598255,0,0.508680556,0,1434,2111,3545,0,1,85,3534
"Lenovo HR650x, Xeon Gold 6133 20C 2.5GHz, 25G Ethernet,",1/11/2021,170,Lenovo,72000,2.93,5.76,2294.598255,0,0.508680556,0,1434,2111,3545,0,1,85,3534
"Lenovo HR650x, Xeon Gold 6133 20C 2.5GHz, 25G Ethernet,",1/6/2021,144,Lenovo,72000,2.93,5.76,2294.598255,0,0.508680556,0,1434,2111,3545,0,1,85,3534
"Lenovo HR650x, Xeon Gold 6133 20C 2.5GHz, 25G Ethernet,",1/11/2020,112,Lenovo,72000,2.93,5.76,2294.598255,0,0.508680556,0,1434,2111,3545,0,1,85,3534
"Lenovo HR650x, Xeon Gold 6133 20C 2.5GHz, 25G Ethernet,",1/6/2020,96,Lenovo,72000,2.93,5.76,2294.598255,0,0.508680556,0,1434,2111,3545,0,1,85,3534
"Lenovo HR650x, Xeon Gold 6133 20C 2.5GHz, 25G Ethernet,",1/11/2019,83,Lenovo,72000,2.93,5.76,2294.598255,0,0.508680556,0,1434,2111,3545,0,1,85,3534
"A9A - ThinkSystem C0366, Xeon Gold 6252 24C 2.1GHz, 100G Ethernet,",1/11/2025,433,Lenovo,86016,2.92,5.78,2294.598255,0,0.505190311,0,1434,2111,3545,0,1,85,3534
"A9A - ThinkSystem C0366, Xeon Gold 6252 24C 2.1GHz, 100G Ethernet,",1/6/2025,406,Lenovo,86016,2.92,5.78,2294.598255,0,0.505190311,0,1434,2111,3545,0,1,85,3534
"A9A - ThinkSystem C0366, Xeon Gold 6252 24C 2.1GHz, 100G Ethernet,",1/11/2024,363,Lenovo,86016,2.92,5.78,2294.598255,0,0.505190311,0,1434,2111,3545,0,1,85,3534
"A9A - ThinkSystem C0366, Xeon Gold 6252 24C 2.1GHz, 100G Ethernet,",1/6/2024,322,Lenovo,86016,2.92,5.78,2294.598255,0,0.505190311,0,1434,2111,3545,0,1,85,3534
"A9A - ThinkSystem C0366, Xeon Gold 6252 24C 2.1GHz, 100G Ethernet,",1/11/2023,285,Lenovo,86016,2.92,5.78,2294.598255,0,0.505190311,0,1434,2111,3545,0,1,85,3534
"A9A - ThinkSystem C0366, Xeon Gold 6252 24C 2.1GHz, 100G Ethernet,",1/6/2023,249,Lenovo,86016,2.92,5.78,2294.598255,0,0.505190311,0,1434,2111,3545,0,1,85,3534
"A9A - ThinkSystem C0366, Xeon Gold 6252 24C 2.1GHz, 100G Ethernet,",1/11/2022,212,Lenovo,86016,2.92,5.78,2294.598255,0,0.505190311,0,1434,2111,3545,0,1,85,3534
"A9A - ThinkSystem C0366, Xeon Gold 6252 24C 2.1GHz, 100G Ethernet,",1/6/2022,187,Lenovo,86016,2.92,5.78,2294.598255,0,0.505190311,0,1434,2111,3545,0,1,85,3534
"A9A - ThinkSystem C0366, Xeon Gold 6252 24C 2.1GHz, 100G Ethernet,",1/11/2021,171,Lenovo,86016,2.92,5.78,2294.598255,0,0.505190311,0,1434,2111,3545,0,1,85,3534
"A6A - ThinkSystem C0366, Xeon Gold 6252 24C 2.1GHz, 100G Ethernet,",1/11/2025,434,Lenovo,86016,2.92,5.78,2294.598255,0,0.505190311,0,1434,2111,3545,0,1,85,3534
"A6A - ThinkSystem C0366, Xeon Gold 6252 24C 2.1GHz, 100G Ethernet,",1/6/2025,407,Lenovo,86016,2.92,5.78,2294.598255,0,0.505190311,0,1434,2111,3545,0,1,85,3534
"A6A - ThinkSystem C0366, Xeon Gold 6252 24C 2.1GHz, 100G Ethernet,",1/11/2024,364,Lenovo,86016,2.92,5.78,2294.598255,0,0.505190311,0,1434,2111,3545,0,1,85,3534
"A6A - ThinkSystem C0366, Xeon Gold 6252 24C 2.1GHz, 100G Ethernet,",1/6/2024,323,Lenovo,86016,2.92,5.78,2294.598255,0,0.505190311,0,1434,2111,3545,0,1,85,3534
"A6A - ThinkSystem C0366, Xeon Gold 6252 24C 2.1GHz, 100G Ethernet,",1/11/2023,286,Lenovo,86016,2.92,5.78,2294.598255,0,0.505190311,0,1434,2111,3545,0,1,85,3534
"A6A - ThinkSystem C0366, Xeon Gold 6252 24C 2.1GHz, 100G Ethernet,",1/6/2023,250,Lenovo,86016,2.92,5.78,2294.598255,0,0.505190311,0,1434,2111,3545,0,1,85,3534
"A6A - ThinkSystem C0366, Xeon Gold 6252 24C 2.1GHz, 100G Ethernet,",1/11/2022,213,Lenovo,86016,2.92,5.78,2294.598255,0,0.505190311,0,1434,2111,3545,0,1,85,3534
"A6A - ThinkSystem C0366, Xeon Gold 6252 24C 2.1GHz, 100G Ethernet,",1/6/2022,188,Lenovo,86016,2.92,5.78,2294.598255,0,0.505190311,0,1434,2111,3545,0,1,85,3534
"A6A - ThinkSystem C0366, Xeon Gold 6252 24C 2.1GHz, 100G Ethernet,",1/11/2021,172,Lenovo,86016,2.92,5.78,2294.598255,0,0.505190311,0,1434,2111,3545,0,1,85,3534
"Jean - Liqid Cluster, Intel Xeon Platinum 9242 48C 2.3GHz, Infiniband HDR,",1/11/2025,435,Liqid,55296,2.92,4.07,2294.598255,0,0.717444717,0,1434,2111,3545,0,1,85,3534
"Jean - Liqid Cluster, Intel Xeon Platinum 9242 48C 2.3GHz, Infiniband HDR,",1/6/2025,408,Liqid,55296,2.92,4.07,2294.598255,0,0.717444717,0,1434,2111,3545,0,1,85,3534
"Jean - Liqid Cluster, Intel Xeon Platinum 9242 48C 2.3GHz, Infiniband HDR,",1/11/2024,365,Liqid,55296,2.92,4.07,2294.598255,0,0.717444717,0,1434,2111,3545,0,1,85,3534
"Jean - Liqid Cluster, Intel Xeon Platinum 9242 48C 2.3GHz, Infiniband HDR,",1/6/2024,324,Liqid,55296,2.92,4.07,2294.598255,0,0.717444717,0,1434,2111,3545,0,1,85,3534
"Jean - Liqid Cluster, Intel Xeon Platinum 9242 48C 2.3GHz, Infiniband HDR,",1/11/2023,287,Liqid,55296,2.92,4.07,2294.598255,0,0.717444717,0,1434,2111,3545,0,1,85,3534
"Jean - Liqid Cluster, Intel Xeon Platinum 9242 48C 2.3GHz, Infiniband HDR,",1/6/2023,251,Liqid,55296,2.92,4.07,2294.598255,0,0.717444717,0,1434,2111,3545,0,1,85,3534
"Jean - Liqid Cluster, Intel Xeon Platinum 9242 48C 2.3GHz, Infiniband HDR,",1/11/2022,214,Liqid,55296,2.92,4.07,2294.598255,0,0.717444717,0,1434,2111,3545,0,1,85,3534
"Jean - Liqid Cluster, Intel Xeon Platinum 9242 48C 2.3GHz, Infiniband HDR,",1/6/2022,189,Liqid,55296,2.92,4.07,2294.598255,0,0.717444717,0,1434,2111,3545,0,1,85,3534
"Jean - Liqid Cluster, Intel Xeon Platinum 9242 48C 2.3GHz, Infiniband HDR,",1/11/2021,173,Liqid,55296,2.92,4.07,2294.598255,0,0.717444717,0,1434,2111,3545,0,1,85,3534
"Jean - Liqid Cluster, Intel Xeon Platinum 9242 48C 2.3GHz, Infiniband HDR,",1/6/2021,145,Liqid,55296,2.92,4.07,2294.598255,0,0.717444717,0,1434,2111,3545,0,1,85,3534
"Castner - HPE Cray EX254n, NVIDIA Grace 72C 3.1GHz, NVIDIA GH200 Superchip, Slingshot-11, HPE Cray OS,",1/11/2025,436,HPE,13056,2.92,3.54,2294.598255,0,0.824858757,1,1434,2111,3545,0,1,85,3534
"Terabit HPC Bubble - ThinkSystem SR675 V3, AMD EPYC 9654 96C 2.4GHz, NVIDIA H100 80GB HBM3, NVIDIA Infiniband NDR, AlmaLinux 9,",1/11/2025,437,Lenovo,14400,2.91,5.36,2294.598255,0,0.542910448,1,1434,2111,3545,0,1,85,3534
"KKK1 - ThinkSystem HR650X, Xeon Gold 6233 24C 2.5GHz, 25G Ethernet,",1/11/2025,438,Lenovo,77760,2.91,6.22,2294.598255,0,0.467845659,0,1434,2111,3545,0,1,85,3534
"KKK1 - ThinkSystem HR650X, Xeon Gold 6233 24C 2.5GHz, 25G Ethernet,",1/6/2025,409,Lenovo,77760,2.91,6.22,2294.598255,0,0.467845659,0,1434,2111,3545,0,1,85,3534
"KKK1 - ThinkSystem HR650X, Xeon Gold 6233 24C 2.5GHz, 25G Ethernet,",1/11/2024,366,Lenovo,77760,2.91,6.22,2294.598255,0,0.467845659,0,1434,2111,3545,0,1,85,3534
"KKK1 - ThinkSystem HR650X, Xeon Gold 6233 24C 2.5GHz, 25G Ethernet,",1/6/2024,325,Lenovo,77760,2.91,6.22,2294.598255,0,0.467845659,0,1434,2111,3545,0,1,85,3534
"KKK1 - ThinkSystem HR650X, Xeon Gold 6233 24C 2.5GHz, 25G Ethernet,",1/11/2023,288,Lenovo,77760,2.91,6.22,2294.598255,0,0.467845659,0,1434,2111,3545,0,1,85,3534
"KKK1 - ThinkSystem HR650X, Xeon Gold 6233 24C 2.5GHz, 25G Ethernet,",1/6/2023,252,Lenovo,77760,2.91,6.22,2294.598255,0,0.467845659,0,1434,2111,3545,0,1,85,3534
"KKK1 - ThinkSystem HR650X, Xeon Gold 6233 24C 2.5GHz, 25G Ethernet,",1/11/2022,215,Lenovo,77760,2.91,6.22,2294.598255,0,0.467845659,0,1434,2111,3545,0,1,85,3534
"KKK1 - ThinkSystem HR650X, Xeon Gold 6233 24C 2.5GHz, 25G Ethernet,",1/6/2022,190,Lenovo,77760,2.91,6.22,2294.598255,0,0.467845659,0,1434,2111,3545,0,1,85,3534
"KKK1 - ThinkSystem HR650X, Xeon Gold 6233 24C 2.5GHz, 25G Ethernet,",1/11/2021,174,Lenovo,77760,2.91,6.22,2294.598255,0,0.467845659,0,1434,2111,3545,0,1,85,3534
"Inspur TS10000 HPC Server, Xeon Gold 6248R 24C 3GHz, InfiniBand HDR 100,",1/11/2025,439,Inspur,49056,2.89,4.71,2294.598255,0,0.61358811,0,1434,2111,3545,0,1,85,3534
"Inspur TS10000 HPC Server, Xeon Gold 6248R 24C 3GHz, InfiniBand HDR 100,",1/6/2025,410,Inspur,49056,2.89,4.71,2294.598255,0,0.61358811,0,1434,2111,3545,0,1,85,3534
"Inspur TS10000 HPC Server, Xeon Gold 6248R 24C 3GHz, InfiniBand HDR 100,",1/11/2024,367,Inspur,49056,2.89,4.71,2294.598255,0,0.61358811,0,1434,2111,3545,0,1,85,3534
"Inspur TS10000 HPC Server, Xeon Gold 6248R 24C 3GHz, InfiniBand HDR 100,",1/6/2024,326,Inspur,49056,2.89,4.71,2294.598255,0,0.61358811,0,1434,2111,3545,0,1,85,3534
"Inspur TS10000 HPC Server, Xeon Gold 6248R 24C 3GHz, InfiniBand HDR 100,",1/11/2023,289,Inspur,49056,2.89,4.71,2294.598255,0,0.61358811,0,1434,2111,3545,0,1,85,3534
"Inspur TS10000 HPC Server, Xeon Gold 6248R 24C 3GHz, InfiniBand HDR 100,",1/6/2023,253,Inspur,49056,2.89,4.71,2294.598255,0,0.61358811,0,1434,2111,3545,0,1,85,3534
"Inspur TS10000 HPC Server, Xeon Gold 6248R 24C 3GHz, InfiniBand HDR 100,",1/11/2022,216,Inspur,49056,2.89,4.71,2294.598255,0,0.61358811,0,1434,2111,3545,0,1,85,3534
"Inspur TS10000 HPC Server, Xeon Gold 6248R 24C 3GHz, InfiniBand HDR 100,",1/6/2022,191,Inspur,49056,2.89,4.71,2294.598255,0,0.61358811,0,1434,2111,3545,0,1,85,3534
"Inspur TS10000 HPC Server, Xeon Gold 6248R 24C 3GHz, InfiniBand HDR 100,",1/11/2021,175,Inspur,49056,2.89,4.71,2294.598255,0,0.61358811,0,1434,2111,3545,0,1,85,3534
"Inspur TS10000 HPC Server, Xeon Gold 6248R 24C 3GHz, InfiniBand HDR 100,",1/6/2021,146,Inspur,49056,2.89,4.71,2294.598255,0,0.61358811,0,1434,2111,3545,0,1,85,3534
"Inspur TS10000 HPC Server, Xeon Gold 6248R 24C 3GHz, InfiniBand HDR 100,",1/11/2020,113,Inspur,49056,2.89,4.71,2294.598255,0,0.61358811,0,1434,2111,3545,0,1,85,3534
"LLL1 - ThinkSystem HR650X, Xeon Gold 6233 24C 2.5GHz, 25G Ethernet,",1/11/2025,440,Lenovo,76800,2.88,6.14,2294.598255,0,0.469055375,0,1434,2111,3545,0,1,85,3534
"LLL1 - ThinkSystem HR650X, Xeon Gold 6233 24C 2.5GHz, 25G Ethernet,",1/6/2025,411,Lenovo,76800,2.88,6.14,2294.598255,0,0.469055375,0,1434,2111,3545,0,1,85,3534
"LLL1 - ThinkSystem HR650X, Xeon Gold 6233 24C 2.5GHz, 25G Ethernet,",1/11/2024,368,Lenovo,76800,2.88,6.14,2294.598255,0,0.469055375,0,1434,2111,3545,0,1,85,3534
"LLL1 - ThinkSystem HR650X, Xeon Gold 6233 24C 2.5GHz, 25G Ethernet,",1/6/2024,327,Lenovo,76800,2.88,6.14,2294.598255,0,0.469055375,0,1434,2111,3545,0,1,85,3534
"LLL1 - ThinkSystem HR650X, Xeon Gold 6233 24C 2.5GHz, 25G Ethernet,",1/11/2023,291,Lenovo,76800,2.88,6.14,2294.598255,0,0.469055375,0,1434,2111,3545,0,1,85,3534
"LLL1 - ThinkSystem HR650X, Xeon Gold 6233 24C 2.5GHz, 25G Ethernet,",1/6/2023,254,Lenovo,76800,2.88,6.14,2294.598255,0,0.469055375,0,1434,2111,3545,0,1,85,3534
"LLL1 - ThinkSystem HR650X, Xeon Gold 6233 24C 2.5GHz, 25G Ethernet,",1/11/2022,217,Lenovo,76800,2.88,6.14,2294.598255,0,0.469055375,0,1434,2111,3545,0,1,85,3534
"LLL1 - ThinkSystem HR650X, Xeon Gold 6233 24C 2.5GHz, 25G Ethernet,",1/6/2022,192,Lenovo,76800,2.88,6.14,2294.598255,0,0.469055375,0,1434,2111,3545,0,1,85,3534
"LLL1 - ThinkSystem HR650X, Xeon Gold 6233 24C 2.5GHz, 25G Ethernet,",1/11/2021,176,Lenovo,76800,2.88,6.14,2294.598255,0,0.469055375,0,1434,2111,3545,0,1,85,3534
"Henri - ThinkSystem SR670 V2, Intel Xeon Platinum 8362 32C 2.8GHz, NVIDIA H100 80GB PCIe, Infiniband HDR,",1/11/2025,441,Lenovo,8288,2.88,3.58,44.07,0.065350579,0.804469274,1,1434,2111,3545,0,1,85,3534
"Henri - ThinkSystem SR670 V2, Intel Xeon Platinum 8362 32C 2.8GHz, NVIDIA H100 80GB PCIe, Infiniband HDR,",1/6/2025,412,Lenovo,8288,2.88,3.58,44.07,0.065350579,0.804469274,1,1434,2111,3545,0,1,85,3534
"Henri - ThinkSystem SR670 V2, Intel Xeon Platinum 8362 32C 2.8GHz, NVIDIA H100 80GB PCIe, Infiniband HDR,",1/11/2024,369,Lenovo,8288,2.88,3.58,44.07,0.065350579,0.804469274,1,1434,2111,3545,0,1,85,3534
"Henri - ThinkSystem SR670 V2, Intel Xeon Platinum 8362 32C 2.8GHz, NVIDIA H100 80GB PCIe, Infiniband HDR,",1/6/2024,328,Lenovo,8288,2.88,3.58,44.07,0.065350579,0.804469274,1,1434,2111,3545,0,1,85,3534
"Henri - ThinkSystem SR670 V2, Intel Xeon Platinum 8362 32C 2.8GHz, NVIDIA H100 80GB PCIe, Infiniband HDR,",1/11/2023,292,Lenovo,8288,2.88,3.58,44.07,0.065350579,0.804469274,1,1434,2111,3545,0,1,85,3534
"Henri - ThinkSystem SR670 V2, Intel Xeon Platinum 8362 32C 2.8GHz, NVIDIA H100 80GB PCIe, Infiniband HDR,",1/6/2023,255,Lenovo,8288,2.88,3.58,44.07,0.065350579,0.804469274,1,1434,2111,3545,0,1,85,3534
"Henri - ThinkSystem SR670 V2, Intel Xeon Platinum 8362 32C 2.8GHz, NVIDIA H100 80GB PCIe, Infiniband HDR,",1/11/2022,405,Lenovo,5920,2.04,5.42,31.31,0.065154903,0.376383764,1,1434,2111,3545,0,1,85,3534
"ThinkSystem HR650X, Xeon Gold 6230R 26C 2.1GHz, 10G Ethernet,",1/11/2025,442,Lenovo,93600,2.87,6.29,2294.598255,0,0.456279809,0,1434,2111,3545,0,1,85,3534
"ThinkSystem HR650X, Xeon Gold 6230R 26C 2.1GHz, 10G Ethernet,",1/6/2025,413,Lenovo,93600,2.87,6.29,2294.598255,0,0.456279809,0,1434,2111,3545,0,1,85,3534
"ThinkSystem HR650X, Xeon Gold 6230R 26C 2.1GHz, 10G Ethernet,",1/11/2024,370,Lenovo,93600,2.87,6.29,2294.598255,0,0.456279809,0,1434,2111,3545,0,1,85,3534
"ThinkSystem HR650X, Xeon Gold 6230R 26C 2.1GHz, 10G Ethernet,",1/6/2024,329,Lenovo,93600,2.87,6.29,2294.598255,0,0.456279809,0,1434,2111,3545,0,1,85,3534
"ThinkSystem HR650X, Xeon Gold 6230R 26C 2.1GHz, 10G Ethernet,",1/11/2023,293,Lenovo,93600,2.87,6.29,2294.598255,0,0.456279809,0,1434,2111,3545,0,1,85,3534
"ThinkSystem HR650X, Xeon Gold 6230R 26C 2.1GHz, 10G Ethernet,",1/6/2023,256,Lenovo,93600,2.87,6.29,2294.598255,0,0.456279809,0,1434,2111,3545,0,1,85,3534
"ThinkSystem HR650X, Xeon Gold 6230R 26C 2.1GHz, 10G Ethernet,",1/11/2022,218,Lenovo,93600,2.87,6.29,2294.598255,0,0.456279809,0,1434,2111,3545,0,1,85,3534
"ThinkSystem HR650X, Xeon Gold 6230R 26C 2.1GHz, 10G Ethernet,",1/6/2022,193,Lenovo,93600,2.87,6.29,2294.598255,0,0.456279809,0,1434,2111,3545,0,1,85,3534
"ThinkSystem HR650X, Xeon Gold 6230R 26C 2.1GHz, 10G Ethernet,",1/11/2021,177,Lenovo,93600,2.87,6.29,2294.598255,0,0.456279809,0,1434,2111,3545,0,1,85,3534
"ThinkSystem HR650X, Xeon Gold 6230R 26C 2.1GHz, 10G Ethernet,",1/6/2021,147,Lenovo,93600,2.87,6.29,2294.598255,0,0.456279809,0,1434,2111,3545,0,1,85,3534
"A8A - ThinkSystem C0366, Xeon Gold 6252 24C 2.1GHz, 100G Ethernet,",1/11/2025,443,Lenovo,84480,2.87,5.68,2294.598255,0,0.50528169,0,1434,2111,3545,0,1,85,3534
"A8A - ThinkSystem C0366, Xeon Gold 6252 24C 2.1GHz, 100G Ethernet,",1/6/2025,414,Lenovo,84480,2.87,5.68,2294.598255,0,0.50528169,0,1434,2111,3545,0,1,85,3534
"A8A - ThinkSystem C0366, Xeon Gold 6252 24C 2.1GHz, 100G Ethernet,",1/11/2024,371,Lenovo,84480,2.87,5.68,2294.598255,0,0.50528169,0,1434,2111,3545,0,1,85,3534
"A8A - ThinkSystem C0366, Xeon Gold 6252 24C 2.1GHz, 100G Ethernet,",1/6/2024,330,Lenovo,84480,2.87,5.68,2294.598255,0,0.50528169,0,1434,2111,3545,0,1,85,3534
"A8A - ThinkSystem C0366, Xeon Gold 6252 24C 2.1GHz, 100G Ethernet,",1/11/2023,294,Lenovo,84480,2.87,5.68,2294.598255,0,0.50528169,0,1434,2111,3545,0,1,85,3534
"A8A - ThinkSystem C0366, Xeon Gold 6252 24C 2.1GHz, 100G Ethernet,",1/6/2023,257,Lenovo,84480,2.87,5.68,2294.598255,0,0.50528169,0,1434,2111,3545,0,1,85,3534
"A8A - ThinkSystem C0366, Xeon Gold 6252 24C 2.1GHz, 100G Ethernet,",1/11/2022,219,Lenovo,84480,2.87,5.68,2294.598255,0,0.50528169,0,1434,2111,3545,0,1,85,3534
"A8A - ThinkSystem C0366, Xeon Gold 6252 24C 2.1GHz, 100G Ethernet,",1/6/2022,194,Lenovo,84480,2.87,5.68,2294.598255,0,0.50528169,0,1434,2111,3545,0,1,85,3534
"A8A - ThinkSystem C0366, Xeon Gold 6252 24C 2.1GHz, 100G Ethernet,",1/11/2021,178,Lenovo,84480,2.87,5.68,2294.598255,0,0.50528169,0,1434,2111,3545,0,1,85,3534
"A8A - ThinkSystem C0366, Xeon Gold 6252 24C 2.1GHz, 100G Ethernet,",1/11/2025,444,Lenovo,84480,2.87,5.68,2294.598255,0,0.50528169,0,1434,2111,3545,0,1,85,3534
"A8A - ThinkSystem C0366, Xeon Gold 6252 24C 2.1GHz, 100G Ethernet,",1/6/2025,415,Lenovo,84480,2.87,5.68,2294.598255,0,0.50528169,0,1434,2111,3545,0,1,85,3534
"A8A - ThinkSystem C0366, Xeon Gold 6252 24C 2.1GHz, 100G Ethernet,",1/11/2024,372,Lenovo,84480,2.87,5.68,2294.598255,0,0.50528169,0,1434,2111,3545,0,1,85,3534
"A8A - ThinkSystem C0366, Xeon Gold 6252 24C 2.1GHz, 100G Ethernet,",1/6/2024,331,Lenovo,84480,2.87,5.68,2294.598255,0,0.50528169,0,1434,2111,3545,0,1,85,3534
"A8A - ThinkSystem C0366, Xeon Gold 6252 24C 2.1GHz, 100G Ethernet,",1/11/2023,295,Lenovo,84480,2.87,5.68,2294.598255,0,0.50528169,0,1434,2111,3545,0,1,85,3534
"A8A - ThinkSystem C0366, Xeon Gold 6252 24C 2.1GHz, 100G Ethernet,",1/6/2023,258,Lenovo,84480,2.87,5.68,2294.598255,0,0.50528169,0,1434,2111,3545,0,1,85,3534
"A8A - ThinkSystem C0366, Xeon Gold 6252 24C 2.1GHz, 100G Ethernet,",1/11/2022,220,Lenovo,84480,2.87,5.68,2294.598255,0,0.50528169,0,1434,2111,3545,0,1,85,3534
"A8A - ThinkSystem C0366, Xeon Gold 6252 24C 2.1GHz, 100G Ethernet,",1/6/2022,195,Lenovo,84480,2.87,5.68,2294.598255,0,0.50528169,0,1434,2111,3545,0,1,85,3534
"A8A - ThinkSystem C0366, Xeon Gold 6252 24C 2.1GHz, 100G Ethernet,",1/11/2021,179,Lenovo,84480,2.87,5.68,2294.598255,0,0.50528169,0,1434,2111,3545,0,1,85,3534
"A3A - ThinkSystem C0366, Xeon Gold 6252 24C 2.1GHz, 100G Ethernet,",1/11/2025,445,Lenovo,84480,2.87,5.68,2294.598255,0,0.50528169,0,1434,2111,3545,0,1,85,3534
"A3A - ThinkSystem C0366, Xeon Gold 6252 24C 2.1GHz, 100G Ethernet,",1/6/2025,416,Lenovo,84480,2.87,5.68,2294.598255,0,0.50528169,0,1434,2111,3545,0,1,85,3534
"A3A - ThinkSystem C0366, Xeon Gold 6252 24C 2.1GHz, 100G Ethernet,",1/11/2024,373,Lenovo,84480,2.87,5.68,2294.598255,0,0.50528169,0,1434,2111,3545,0,1,85,3534
"A3A - ThinkSystem C0366, Xeon Gold 6252 24C 2.1GHz, 100G Ethernet,",1/6/2024,332,Lenovo,84480,2.87,5.68,2294.598255,0,0.50528169,0,1434,2111,3545,0,1,85,3534
"A3A - ThinkSystem C0366, Xeon Gold 6252 24C 2.1GHz, 100G Ethernet,",1/11/2023,296,Lenovo,84480,2.87,5.68,2294.598255,0,0.50528169,0,1434,2111,3545,0,1,85,3534
"A3A - ThinkSystem C0366, Xeon Gold 6252 24C 2.1GHz, 100G Ethernet,",1/6/2023,259,Lenovo,84480,2.87,5.68,2294.598255,0,0.50528169,0,1434,2111,3545,0,1,85,3534
"A3A - ThinkSystem C0366, Xeon Gold 6252 24C 2.1GHz, 100G Ethernet,",1/11/2022,221,Lenovo,84480,2.87,5.68,2294.598255,0,0.50528169,0,1434,2111,3545,0,1,85,3534
"A3A - ThinkSystem C0366, Xeon Gold 6252 24C 2.1GHz, 100G Ethernet,",1/6/2022,196,Lenovo,84480,2.87,5.68,2294.598255,0,0.50528169,0,1434,2111,3545,0,1,85,3534
"A3A - ThinkSystem C0366, Xeon Gold 6252 24C 2.1GHz, 100G Ethernet,",1/11/2021,180,Lenovo,84480,2.87,5.68,2294.598255,0,0.50528169,0,1434,2111,3545,0,1,85,3534
"A14A - ThinkSystem C0366, Xeon Gold 6252 24C 2.1GHz, 100G Ethernet,",1/11/2025,446,Lenovo,84480,2.87,5.68,2294.598255,0,0.50528169,0,1434,2111,3545,0,1,85,3534
"A14A - ThinkSystem C0366, Xeon Gold 6252 24C 2.1GHz, 100G Ethernet,",1/6/2025,417,Lenovo,84480,2.87,5.68,2294.598255,0,0.50528169,0,1434,2111,3545,0,1,85,3534
"A14A - ThinkSystem C0366, Xeon Gold 6252 24C 2.1GHz, 100G Ethernet,",1/11/2024,374,Lenovo,84480,2.87,5.68,2294.598255,0,0.50528169,0,1434,2111,3545,0,1,85,3534
"A14A - ThinkSystem C0366, Xeon Gold 6252 24C 2.1GHz, 100G Ethernet,",1/6/2024,333,Lenovo,84480,2.87,5.68,2294.598255,0,0.50528169,0,1434,2111,3545,0,1,85,3534
"A14A - ThinkSystem C0366, Xeon Gold 6252 24C 2.1GHz, 100G Ethernet,",1/11/2023,297,Lenovo,84480,2.87,5.68,2294.598255,0,0.50528169,0,1434,2111,3545,0,1,85,3534
"A14A - ThinkSystem C0366, Xeon Gold 6252 24C 2.1GHz, 100G Ethernet,",1/6/2023,260,Lenovo,84480,2.87,5.68,2294.598255,0,0.50528169,0,1434,2111,3545,0,1,85,3534
"A14A - ThinkSystem C0366, Xeon Gold 6252 24C 2.1GHz, 100G Ethernet,",1/11/2022,222,Lenovo,84480,2.87,5.68,2294.598255,0,0.50528169,0,1434,2111,3545,0,1,85,3534
"A14A - ThinkSystem C0366, Xeon Gold 6252 24C 2.1GHz, 100G Ethernet,",1/6/2022,197,Lenovo,84480,2.87,5.68,2294.598255,0,0.50528169,0,1434,2111,3545,0,1,85,3534
"A14A - ThinkSystem C0366, Xeon Gold 6252 24C 2.1GHz, 100G Ethernet,",1/11/2025,447,Lenovo,84480,2.87,5.68,2294.598255,0,0.50528169,0,1434,2111,3545,0,1,85,3534
"A14A - ThinkSystem C0366, Xeon Gold 6252 24C 2.1GHz, 100G Ethernet,",1/6/2025,418,Lenovo,84480,2.87,5.68,2294.598255,0,0.50528169,0,1434,2111,3545,0,1,85,3534
"A14A - ThinkSystem C0366, Xeon Gold 6252 24C 2.1GHz, 100G Ethernet,",1/11/2024,375,Lenovo,84480,2.87,5.68,2294.598255,0,0.50528169,0,1434,2111,3545,0,1,85,3534
"A14A - ThinkSystem C0366, Xeon Gold 6252 24C 2.1GHz, 100G Ethernet,",1/6/2024,334,Lenovo,84480,2.87,5.68,2294.598255,0,0.50528169,0,1434,2111,3545,0,1,85,3534
"A14A - ThinkSystem C0366, Xeon Gold 6252 24C 2.1GHz, 100G Ethernet,",1/11/2023,298,Lenovo,84480,2.87,5.68,2294.598255,0,0.50528169,0,1434,2111,3545,0,1,85,3534
"A14A - ThinkSystem C0366, Xeon Gold 6252 24C 2.1GHz, 100G Ethernet,",1/6/2023,261,Lenovo,84480,2.87,5.68,2294.598255,0,0.50528169,0,1434,2111,3545,0,1,85,3534
"A14A - ThinkSystem C0366, Xeon Gold 6252 24C 2.1GHz, 100G Ethernet,",1/11/2022,223,Lenovo,84480,2.87,5.68,2294.598255,0,0.50528169,0,1434,2111,3545,0,1,85,3534
"ThinkSystem SR650, Xeon Gold 6238 22C 2.1GHz, 10G Ethernet,",1/11/2025,448,Lenovo,94160,2.87,6.33,2294.598255,0,0.453396524,0,1434,2111,3545,0,1,85,3534
"ThinkSystem SR650, Xeon Gold 6238 22C 2.1GHz, 10G Ethernet,",1/6/2025,419,Lenovo,94160,2.87,6.33,2294.598255,0,0.453396524,0,1434,2111,3545,0,1,85,3534
"ThinkSystem SR650, Xeon Gold 6238 22C 2.1GHz, 10G Ethernet,",1/11/2024,376,Lenovo,94160,2.87,6.33,2294.598255,0,0.453396524,0,1434,2111,3545,0,1,85,3534
"ThinkSystem SR650, Xeon Gold 6238 22C 2.1GHz, 10G Ethernet,",1/6/2024,335,Lenovo,94160,2.87,6.33,2294.598255,0,0.453396524,0,1434,2111,3545,0,1,85,3534
"ThinkSystem SR650, Xeon Gold 6238 22C 2.1GHz, 10G Ethernet,",1/11/2023,299,Lenovo,94160,2.87,6.33,2294.598255,0,0.453396524,0,1434,2111,3545,0,1,85,3534
"ThinkSystem SR650, Xeon Gold 6238 22C 2.1GHz, 10G Ethernet,",1/6/2023,262,Lenovo,94160,2.87,6.33,2294.598255,0,0.453396524,0,1434,2111,3545,0,1,85,3534
"ThinkSystem SR650, Xeon Gold 6238 22C 2.1GHz, 10G Ethernet,",1/11/2022,224,Lenovo,94160,2.87,6.33,2294.598255,0,0.453396524,0,1434,2111,3545,0,1,85,3534
"ThinkSystem SR650, Xeon Gold 6238 22C 2.1GHz, 10G Ethernet,",1/6/2022,198,Lenovo,94160,2.87,6.33,2294.598255,0,0.453396524,0,1434,2111,3545,0,1,85,3534
"ThinkSystem SR650, Xeon Gold 6238 22C 2.1GHz, 10G Ethernet,",1/11/2021,181,Lenovo,94160,2.87,6.33,2294.598255,0,0.453396524,0,1434,2111,3545,0,1,85,3534
"ThinkSystem SR650, Xeon Gold 6238 22C 2.1GHz, 10G Ethernet,",1/6/2021,148,Lenovo,94160,2.87,6.33,2294.598255,0,0.453396524,0,1434,2111,3545,0,1,85,3534
"ThinkSystem SR650, Xeon Gold 6238 22C 2.1GHz, 10G Ethernet,",1/11/2020,114,Lenovo,94160,2.87,6.33,2294.598255,0,0.453396524,0,1434,2111,3545,0,1,85,3534
"MMM1 - ThinkSystem HR650X, Xeon Gold 6233 24C 2.5GHz, 25G Ethernet,",1/11/2025,449,Lenovo,75840,2.86,6.07,2294.598255,0,0.471169687,0,1434,2111,3545,0,1,85,3534
"MMM1 - ThinkSystem HR650X, Xeon Gold 6233 24C 2.5GHz, 25G Ethernet,",1/6/2025,420,Lenovo,75840,2.86,6.07,2294.598255,0,0.471169687,0,1434,2111,3545,0,1,85,3534
"MMM1 - ThinkSystem HR650X, Xeon Gold 6233 24C 2.5GHz, 25G Ethernet,",1/11/2024,377,Lenovo,75840,2.86,6.07,2294.598255,0,0.471169687,0,1434,2111,3545,0,1,85,3534
"MMM1 - ThinkSystem HR650X, Xeon Gold 6233 24C 2.5GHz, 25G Ethernet,",1/6/2024,336,Lenovo,75840,2.86,6.07,2294.598255,0,0.471169687,0,1434,2111,3545,0,1,85,3534
"MMM1 - ThinkSystem HR650X, Xeon Gold 6233 24C 2.5GHz, 25G Ethernet,",1/11/2023,300,Lenovo,75840,2.86,6.07,2294.598255,0,0.471169687,0,1434,2111,3545,0,1,85,3534
"MMM1 - ThinkSystem HR650X, Xeon Gold 6233 24C 2.5GHz, 25G Ethernet,",1/6/2023,263,Lenovo,75840,2.86,6.07,2294.598255,0,0.471169687,0,1434,2111,3545,0,1,85,3534
"MMM1 - ThinkSystem HR650X, Xeon Gold 6233 24C 2.5GHz, 25G Ethernet,",1/11/2022,225,Lenovo,75840,2.86,6.07,2294.598255,0,0.471169687,0,1434,2111,3545,0,1,85,3534
"MMM1 - ThinkSystem HR650X, Xeon Gold 6233 24C 2.5GHz, 25G Ethernet,",1/6/2022,201,Lenovo,75840,2.86,6.07,2294.598255,0,0.471169687,0,1434,2111,3545,0,1,85,3534
"MMM1 - ThinkSystem HR650X, Xeon Gold 6233 24C 2.5GHz, 25G Ethernet,",1/11/2021,182,Lenovo,75840,2.86,6.07,2294.598255,0,0.471169687,0,1434,2111,3545,0,1,85,3534
"Karolina, CPU partition - Apollo 2000, AMD EPYC 7H12 64C 2.6GHz, InfiniBand HDR 100,",1/11/2025,450,HPE,92160,2.84,3.83,502.7,0.005649493,0.74151436,0,1434,2111,3545,0,1,85,3534
"Karolina, CPU partition - Apollo 2000, AMD EPYC 7H12 64C 2.6GHz, InfiniBand HDR 100,",1/6/2025,421,HPE,92160,2.84,3.83,502.7,0.005649493,0.74151436,0,1434,2111,3545,0,1,85,3534
"Karolina, CPU partition - Apollo 2000, AMD EPYC 7H12 64C 2.6GHz, InfiniBand HDR 100,",1/11/2024,378,HPE,92160,2.84,3.83,502.7,0.005649493,0.74151436,0,1434,2111,3545,0,1,85,3534
"Karolina, CPU partition - Apollo 2000, AMD EPYC 7H12 64C 2.6GHz, InfiniBand HDR 100,",1/6/2024,337,HPE,92160,2.84,3.83,502.7,0.005649493,0.74151436,0,1434,2111,3545,0,1,85,3534
"Karolina, CPU partition - Apollo 2000, AMD EPYC 7H12 64C 2.6GHz, InfiniBand HDR 100,",1/11/2023,301,HPE,92160,2.84,3.83,502.7,0.005649493,0.74151436,0,1434,2111,3545,0,1,85,3534
"Karolina, CPU partition - Apollo 2000, AMD EPYC 7H12 64C 2.6GHz, InfiniBand HDR 100,",1/6/2023,264,HPE,92160,2.84,3.83,502.7,0.005649493,0.74151436,0,1434,2111,3545,0,1,85,3534
"Karolina, CPU partition - Apollo 2000, AMD EPYC 7H12 64C 2.6GHz, InfiniBand HDR 100,",1/11/2022,226,HPE,92160,2.84,3.83,502.7,0.005649493,0.74151436,0,1434,2111,3545,0,1,85,3534
"Karolina, CPU partition - Apollo 2000, AMD EPYC 7H12 64C 2.6GHz, InfiniBand HDR 100,",1/6/2022,202,HPE,92160,2.84,3.83,502.7,0.005649493,0.74151436,0,1434,2111,3545,0,1,85,3534
"Karolina, CPU partition - Apollo 2000, AMD EPYC 7H12 64C 2.6GHz, InfiniBand HDR 100,",1/11/2021,183,HPE,92160,2.84,3.83,502.7,0.005649493,0.74151436,0,1434,2111,3545,0,1,85,3534
"Karolina, CPU partition - Apollo 2000, AMD EPYC 7H12 64C 2.6GHz, InfiniBand HDR 100,",1/6/2021,149,HPE,92160,2.84,3.83,502.7,0.005649493,0.74151436,0,1434,2111,3545,0,1,85,3534
"NNN1 - ThinkSystem HR650X, Xeon Gold 6233 24C 2.5GHz, 25G Ethernet,",1/11/2025,451,Lenovo,74880,2.83,5.99,2294.598255,0,0.47245409,0,1434,2111,3545,0,1,85,3534
"NNN1 - ThinkSystem HR650X, Xeon Gold 6233 24C 2.5GHz, 25G Ethernet,",1/6/2025,422,Lenovo,74880,2.83,5.99,2294.598255,0,0.47245409,0,1434,2111,3545,0,1,85,3534
"NNN1 - ThinkSystem HR650X, Xeon Gold 6233 24C 2.5GHz, 25G Ethernet,",1/11/2024,379,Lenovo,74880,2.83,5.99,2294.598255,0,0.47245409,0,1434,2111,3545,0,1,85,3534
"NNN1 - ThinkSystem HR650X, Xeon Gold 6233 24C 2.5GHz, 25G Ethernet,",1/6/2024,338,Lenovo,74880,2.83,5.99,2294.598255,0,0.47245409,0,1434,2111,3545,0,1,85,3534
"NNN1 - ThinkSystem HR650X, Xeon Gold 6233 24C 2.5GHz, 25G Ethernet,",1/11/2023,302,Lenovo,74880,2.83,5.99,2294.598255,0,0.47245409,0,1434,2111,3545,0,1,85,3534
"NNN1 - ThinkSystem HR650X, Xeon Gold 6233 24C 2.5GHz, 25G Ethernet,",1/6/2023,265,Lenovo,74880,2.83,5.99,2294.598255,0,0.47245409,0,1434,2111,3545,0,1,85,3534
"NNN1 - ThinkSystem HR650X, Xeon Gold 6233 24C 2.5GHz, 25G Ethernet,",1/11/2022,227,Lenovo,74880,2.83,5.99,2294.598255,0,0.47245409,0,1434,2111,3545,0,1,85,3534
"NNN1 - ThinkSystem HR650X, Xeon Gold 6233 24C 2.5GHz, 25G Ethernet,",1/6/2022,203,Lenovo,74880,2.83,5.99,2294.598255,0,0.47245409,0,1434,2111,3545,0,1,85,3534
"NNN1 - ThinkSystem HR650X, Xeon Gold 6233 24C 2.5GHz, 25G Ethernet,",1/11/2021,184,Lenovo,74880,2.83,5.99,2294.598255,0,0.47245409,0,1434,2111,3545,0,1,85,3534
"Freeman - Cray CS500, AMD EPYC 7542 32C 2.9GHz, Mellanox InfiniBand HDR100,",1/11/2025,452,HPE,79104,2.83,3.67,2294.598255,0,0.771117166,0,1434,2111,3545,0,1,85,3534
"Freeman - Cray CS500, AMD EPYC 7542 32C 2.9GHz, Mellanox InfiniBand HDR100,",1/6/2025,423,HPE,79104,2.83,3.67,2294.598255,0,0.771117166,0,1434,2111,3545,0,1,85,3534
"Freeman - Cray CS500, AMD EPYC 7542 32C 2.9GHz, Mellanox InfiniBand HDR100,",1/11/2024,380,HPE,79104,2.83,3.67,2294.598255,0,0.771117166,0,1434,2111,3545,0,1,85,3534
"Freeman - Cray CS500, AMD EPYC 7542 32C 2.9GHz, Mellanox InfiniBand HDR100,",1/6/2024,339,HPE,79104,2.83,3.67,2294.598255,0,0.771117166,0,1434,2111,3545,0,1,85,3534
"Freeman - Cray CS500, AMD EPYC 7542 32C 2.9GHz, Mellanox InfiniBand HDR100,",1/11/2023,303,HPE,79104,2.83,3.67,2294.598255,0,0.771117166,0,1434,2111,3545,0,1,85,3534
"Freeman - Cray CS500, AMD EPYC 7542 32C 2.9GHz, Mellanox InfiniBand HDR100,",1/6/2023,266,HPE,79104,2.83,3.67,2294.598255,0,0.771117166,0,1434,2111,3545,0,1,85,3534
"Freeman - Cray CS500, AMD EPYC 7542 32C 2.9GHz, Mellanox InfiniBand HDR100,",1/11/2022,228,HPE,79104,2.83,3.67,2294.598255,0,0.771117166,0,1434,2111,3545,0,1,85,3534
"Freeman - Cray CS500, AMD EPYC 7542 32C 2.9GHz, Mellanox InfiniBand HDR100,",1/6/2022,204,HPE,79104,2.83,3.67,2294.598255,0,0.771117166,0,1434,2111,3545,0,1,85,3534
"Freeman - Cray CS500, AMD EPYC 7542 32C 2.9GHz, Mellanox InfiniBand HDR100,",1/11/2021,185,HPE,79104,2.83,3.67,2294.598255,0,0.771117166,0,1434,2111,3545,0,1,85,3534
"Freeman - Cray CS500, AMD EPYC 7542 32C 2.9GHz, Mellanox InfiniBand HDR100,",1/6/2021,150,HPE,79104,2.83,3.67,2294.598255,0,0.771117166,0,1434,2111,3545,0,1,85,3534
"Freeman - Cray CS500, AMD EPYC 7542 32C 2.9GHz, Mellanox InfiniBand HDR100,",1/11/2020,115,HPE,79104,2.83,3.67,2294.598255,0,0.771117166,0,1434,2111,3545,0,1,85,3534
"Freeman - Cray CS500, AMD EPYC 7542 32C 2.9GHz, Mellanox InfiniBand HDR100,",1/6/2020,123,HPE,73216,2.52,3.4,2294.598255,0,0.741176471,0,1434,2111,3545,0,1,85,3534
"HPE Cray XD220v, Xeon Platinum 8480+ 56C 2GHz, Infiniband HDR200, Rocky Linux,",1/11/2025,453,HPE,49728,2.82,3.18,2294.598255,0,0.886792453,0,1434,2111,3545,0,1,85,3534
"HPE Cray XD220v, Xeon Platinum 8480+ 56C 2GHz, Infiniband HDR200, Rocky Linux,",1/6/2025,424,HPE,49728,2.82,3.18,2294.598255,0,0.886792453,0,1434,2111,3545,0,1,85,3534
"HPE Cray XD220v, Xeon Platinum 8480+ 56C 2GHz, Infiniband HDR200, Rocky Linux,",1/11/2024,381,HPE,49728,2.82,3.18,2294.598255,0,0.886792453,0,1434,2111,3545,0,1,85,3534
"OOO1 - ThinkSystem HR650X, Xeon Gold 6233 24C 2.5GHz, 25G Ethernet,",1/11/2025,454,Lenovo,73920,2.8,5.91,2294.598255,0,0.473773266,0,1434,2111,3545,0,1,85,3534
"OOO1 - ThinkSystem HR650X, Xeon Gold 6233 24C 2.5GHz, 25G Ethernet,",1/6/2025,426,Lenovo,73920,2.8,5.91,2294.598255,0,0.473773266,0,1434,2111,3545,0,1,85,3534
"OOO1 - ThinkSystem HR650X, Xeon Gold 6233 24C 2.5GHz, 25G Ethernet,",1/11/2024,383,Lenovo,73920,2.8,5.91,2294.598255,0,0.473773266,0,1434,2111,3545,0,1,85,3534
"OOO1 - ThinkSystem HR650X, Xeon Gold 6233 24C 2.5GHz, 25G Ethernet,",1/6/2024,341,Lenovo,73920,2.8,5.91,2294.598255,0,0.473773266,0,1434,2111,3545,0,1,85,3534
"OOO1 - ThinkSystem HR650X, Xeon Gold 6233 24C 2.5GHz, 25G Ethernet,",1/11/2023,305,Lenovo,73920,2.8,5.91,2294.598255,0,0.473773266,0,1434,2111,3545,0,1,85,3534
"OOO1 - ThinkSystem HR650X, Xeon Gold 6233 24C 2.5GHz, 25G Ethernet,",1/6/2023,268,Lenovo,73920,2.8,5.91,2294.598255,0,0.473773266,0,1434,2111,3545,0,1,85,3534
"OOO1 - ThinkSystem HR650X, Xeon Gold 6233 24C 2.5GHz, 25G Ethernet,",1/11/2022,230,Lenovo,73920,2.8,5.91,2294.598255,0,0.473773266,0,1434,2111,3545,0,1,85,3534
"OOO1 - ThinkSystem HR650X, Xeon Gold 6233 24C 2.5GHz, 25G Ethernet,",1/6/2022,206,Lenovo,73920,2.8,5.91,2294.598255,0,0.473773266,0,1434,2111,3545,0,1,85,3534
"OOO1 - ThinkSystem HR650X, Xeon Gold 6233 24C 2.5GHz, 25G Ethernet,",1/11/2021,187,Lenovo,73920,2.8,5.91,2294.598255,0,0.473773266,0,1434,2111,3545,0,1,85,3534
"JFRS-1 - Cray XC50, Xeon Gold 6148 20C 2.4GHz, Aries interconnect,",1/11/2025,455,Cray/HPE,54560,2.79,4.19,697.51,0.003999943,0.665871122,0,1434,2111,3545,0,1,85,3534
"JFRS-1 - Cray XC50, Xeon Gold 6148 20C 2.4GHz, Aries interconnect,",1/6/2025,429,Cray/HPE,54560,2.79,4.19,697.51,0.003999943,0.665871122,0,1434,2111,3545,0,1,85,3534
"JFRS-1 - Cray XC50, Xeon Gold 6148 20C 2.4GHz, Aries interconnect,",1/11/2024,386,Cray/HPE,54560,2.79,4.19,697.51,0.003999943,0.665871122,0,1434,2111,3545,0,1,85,3534
"JFRS-1 - Cray XC50, Xeon Gold 6148 20C 2.4GHz, Aries interconnect,",1/6/2024,344,Cray/HPE,54560,2.79,4.19,697.51,0.003999943,0.665871122,0,1434,2111,3545,0,1,85,3534
"JFRS-1 - Cray XC50, Xeon Gold 6148 20C 2.4GHz, Aries interconnect,",1/11/2023,308,Cray/HPE,54560,2.79,4.19,697.51,0.003999943,0.665871122,0,1434,2111,3545,0,1,85,3534
"JFRS-1 - Cray XC50, Xeon Gold 6148 20C 2.4GHz, Aries interconnect,",1/6/2023,271,Cray/HPE,54560,2.79,4.19,697.51,0.003999943,0.665871122,0,1434,2111,3545,0,1,85,3534
"JFRS-1 - Cray XC50, Xeon Gold 6148 20C 2.4GHz, Aries interconnect,",1/11/2022,233,Cray/HPE,54560,2.79,4.19,697.51,0.003999943,0.665871122,0,1434,2111,3545,0,1,85,3534
"JFRS-1 - Cray XC50, Xeon Gold 6148 20C 2.4GHz, Aries interconnect,",1/6/2022,209,Cray/HPE,54560,2.79,4.19,697.51,0.003999943,0.665871122,0,1434,2111,3545,0,1,85,3534
"JFRS-1 - Cray XC50, Xeon Gold 6148 20C 2.4GHz, Aries interconnect,",1/11/2021,190,Cray/HPE,54560,2.79,4.19,697.51,0.003999943,0.665871122,0,1434,2111,3545,0,1,85,3534
"JFRS-1 - Cray XC50, Xeon Gold 6148 20C 2.4GHz, Aries interconnect,",1/6/2021,154,Cray/HPE,54560,2.79,4.19,697.51,0.003999943,0.665871122,0,1434,2111,3545,0,1,85,3534
"JFRS-1 - Cray XC50, Xeon Gold 6148 20C 2.4GHz, Aries interconnect,",1/11/2020,119,Cray/HPE,54560,2.79,4.19,697.51,0.003999943,0.665871122,0,1434,2111,3545,0,1,85,3534
"JFRS-1 - Cray XC50, Xeon Gold 6148 20C 2.4GHz, Aries interconnect,",1/6/2020,101,Cray/HPE,54560,2.79,4.19,697.51,0.003999943,0.665871122,0,1434,2111,3545,0,1,85,3534
"JFRS-1 - Cray XC50, Xeon Gold 6148 20C 2.4GHz, Aries interconnect,",1/11/2019,89,Cray/HPE,54560,2.79,4.19,697.51,0.003999943,0.665871122,0,1434,2111,3545,0,1,85,3534
"JFRS-1 - Cray XC50, Xeon Gold 6148 20C 2.4GHz, Aries interconnect,",1/6/2019,80,Cray/HPE,54560,2.79,4.19,697.51,0.003999943,0.665871122,0,1434,2111,3545,0,1,85,3534
"JFRS-1 - Cray XC50, Xeon Gold 6148 20C 2.4GHz, Aries interconnect,",1/11/2018,68,Cray/HPE,54560,2.79,4.19,697.51,0.003999943,0.665871122,0,1434,2111,3545,0,1,85,3534
"JFRS-1 - Cray XC50, Xeon Gold 6148 20C 2.4GHz, Aries interconnect,",1/6/2018,61,Cray/HPE,54560,2.79,4.19,697.51,0.003999943,0.665871122,0,1434,2111,3545,0,1,85,3534
"Lenovo HR650x, Xeon Gold 6133 20C 2.5GHz, 25G Ethernet,",1/11/2025,456,Lenovo,68000,2.78,5.44,2294.598255,0,0.511029412,0,1434,2111,3545,0,1,85,3534
"Lenovo HR650x, Xeon Gold 6133 20C 2.5GHz, 25G Ethernet,",1/6/2025,430,Lenovo,68000,2.78,5.44,2294.598255,0,0.511029412,0,1434,2111,3545,0,1,85,3534
"Lenovo HR650x, Xeon Gold 6133 20C 2.5GHz, 25G Ethernet,",1/11/2024,387,Lenovo,68000,2.78,5.44,2294.598255,0,0.511029412,0,1434,2111,3545,0,1,85,3534
"Lenovo HR650x, Xeon Gold 6133 20C 2.5GHz, 25G Ethernet,",1/6/2024,345,Lenovo,68000,2.78,5.44,2294.598255,0,0.511029412,0,1434,2111,3545,0,1,85,3534
"Lenovo HR650x, Xeon Gold 6133 20C 2.5GHz, 25G Ethernet,",1/11/2023,309,Lenovo,68000,2.78,5.44,2294.598255,0,0.511029412,0,1434,2111,3545,0,1,85,3534
"Lenovo HR650x, Xeon Gold 6133 20C 2.5GHz, 25G Ethernet,",1/6/2023,272,Lenovo,68000,2.78,5.44,2294.598255,0,0.511029412,0,1434,2111,3545,0,1,85,3534
"Lenovo HR650x, Xeon Gold 6133 20C 2.5GHz, 25G Ethernet,",1/11/2022,234,Lenovo,68000,2.78,5.44,2294.598255,0,0.511029412,0,1434,2111,3545,0,1,85,3534
"Lenovo HR650x, Xeon Gold 6133 20C 2.5GHz, 25G Ethernet,",1/6/2022,210,Lenovo,68000,2.78,5.44,2294.598255,0,0.511029412,0,1434,2111,3545,0,1,85,3534
"Lenovo HR650x, Xeon Gold 6133 20C 2.5GHz, 25G Ethernet,",1/11/2021,191,Lenovo,68000,2.78,5.44,2294.598255,0,0.511029412,0,1434,2111,3545,0,1,85,3534
"Lenovo HR650x, Xeon Gold 6133 20C 2.5GHz, 25G Ethernet,",1/6/2021,155,Lenovo,68000,2.78,5.44,2294.598255,0,0.511029412,0,1434,2111,3545,0,1,85,3534
"Lenovo HR650x, Xeon Gold 6133 20C 2.5GHz, 25G Ethernet,",1/11/2020,120,Lenovo,68000,2.78,5.44,2294.598255,0,0.511029412,0,1434,2111,3545,0,1,85,3534
"Lenovo HR650x, Xeon Gold 6133 20C 2.5GHz, 25G Ethernet,",1/6/2020,102,Lenovo,68000,2.78,5.44,2294.598255,0,0.511029412,0,1434,2111,3545,0,1,85,3534
"Lenovo HR650x, Xeon Gold 6133 20C 2.5GHz, 25G Ethernet,",1/11/2019,91,Lenovo,68000,2.78,5.44,2294.598255,0,0.511029412,0,1434,2111,3545,0,1,85,3534
"Lucia - HPE Proliant XL675d Gen10 Plus, AMD EPYC 7513 32C 2.6GHz, NVIDIA A100 SXM4 40 GB, Infiniband HDR, RHEL 8.6,",1/11/2025,457,HPE,23200,2.78,3.97,103.84,0.026771957,0.700251889,1,1434,2111,3545,0,1,85,3534
"Lucia - HPE Proliant XL675d Gen10 Plus, AMD EPYC 7513 32C 2.6GHz, NVIDIA A100 SXM4 40 GB, Infiniband HDR, RHEL 8.6,",1/6/2025,431,HPE,23200,2.78,3.97,103.84,0.026771957,0.700251889,1,1434,2111,3545,0,1,85,3534
"Lucia - HPE Proliant XL675d Gen10 Plus, AMD EPYC 7513 32C 2.6GHz, NVIDIA A100 SXM4 40 GB, Infiniband HDR, RHEL 8.6,",1/11/2024,388,HPE,23200,2.78,3.97,103.84,0.026771957,0.700251889,1,1434,2111,3545,0,1,85,3534
"Lucia - HPE Proliant XL675d Gen10 Plus, AMD EPYC 7513 32C 2.6GHz, NVIDIA A100 SXM4 40 GB, Infiniband HDR, RHEL 8.6,",1/6/2024,356,HPE,23200,2.72,3.09,2294.598255,0,0.8802589,1,1434,2111,3545,0,1,85,3534
"Lucia - HPE Proliant XL675d Gen10 Plus, AMD EPYC 7513 32C 2.6GHz, NVIDIA A100 SXM4 40 GB, Infiniband HDR, RHEL 8.6,",1/11/2023,321,HPE,23200,2.72,3.09,2294.598255,0,0.8802589,1,1434,2111,3545,0,1,85,3534
"Lucia - HPE Proliant XL675d Gen10 Plus, AMD EPYC 7513 32C 2.6GHz, NVIDIA A100 SXM4 40 GB, Infiniband HDR, RHEL 8.6,",1/6/2023,284,HPE,23200,2.72,3.09,2294.598255,0,0.8802589,1,1434,2111,3545,0,1,85,3534
"Lucia - HPE Proliant XL675d Gen10 Plus, AMD EPYC 7513 32C 2.6GHz, NVIDIA A100 SXM4 40 GB, Infiniband HDR, RHEL 8.6,",1/11/2022,245,HPE,23200,2.72,3.09,2294.598255,0,0.8802589,1,1434,2111,3545,0,1,85,3534
"NEC LX HPC 224Rk-1, AMD EPYC 9454 48C 2.75GHz, Intel Omni-Path,",1/11/2025,458,NEC,59520,2.78,3.48,2294.598255,0,0.798850575,0,1434,2111,3545,0,1,85,3534
"NEC LX HPC 224Rk-1, AMD EPYC 9454 48C 2.75GHz, Intel Omni-Path,",1/6/2025,432,NEC,59520,2.78,3.48,2294.598255,0,0.798850575,0,1434,2111,3545,0,1,85,3534
"NEC LX HPC 224Rk-1, AMD EPYC 9454 48C 2.75GHz, Intel Omni-Path,",1/11/2024,389,NEC,59520,2.78,3.48,2294.598255,0,0.798850575,0,1434,2111,3545,0,1,85,3534
"NEC LX HPC 224Rk-1, AMD EPYC 9454 48C 2.75GHz, Intel Omni-Path,",1/6/2024,346,NEC,59520,2.78,3.48,2294.598255,0,0.798850575,0,1434,2111,3545,0,1,85,3534
"NEC LX HPC 224Rk-1, AMD EPYC 9454 48C 2.75GHz, Intel Omni-Path,",1/11/2023,310,NEC,59520,2.78,3.48,2294.598255,0,0.798850575,0,1434,2111,3545,0,1,85,3534
"ThinkSystem HR650X, Xeon Gold 6233 24C 2.5GHz, 10G Ethernet,",1/11/2025,459,Lenovo,72960,2.77,5.84,2294.598255,0,0.474315068,0,1434,2111,3545,0,1,85,3534
"ThinkSystem HR650X, Xeon Gold 6233 24C 2.5GHz, 10G Ethernet,",1/6/2025,433,Lenovo,72960,2.77,5.84,2294.598255,0,0.474315068,0,1434,2111,3545,0,1,85,3534
"ThinkSystem HR650X, Xeon Gold 6233 24C 2.5GHz, 10G Ethernet,",1/11/2024,390,Lenovo,72960,2.77,5.84,2294.598255,0,0.474315068,0,1434,2111,3545,0,1,85,3534
"ThinkSystem HR650X, Xeon Gold 6233 24C 2.5GHz, 10G Ethernet,",1/6/2024,347,Lenovo,72960,2.77,5.84,2294.598255,0,0.474315068,0,1434,2111,3545,0,1,85,3534
"ThinkSystem HR650X, Xeon Gold 6233 24C 2.5GHz, 10G Ethernet,",1/11/2023,311,Lenovo,72960,2.77,5.84,2294.598255,0,0.474315068,0,1434,2111,3545,0,1,85,3534
"ThinkSystem HR650X, Xeon Gold 6233 24C 2.5GHz, 10G Ethernet,",1/6/2023,274,Lenovo,72960,2.77,5.84,2294.598255,0,0.474315068,0,1434,2111,3545,0,1,85,3534
"ThinkSystem HR650X, Xeon Gold 6233 24C 2.5GHz, 10G Ethernet,",1/11/2022,235,Lenovo,72960,2.77,5.84,2294.598255,0,0.474315068,0,1434,2111,3545,0,1,85,3534
"ThinkSystem HR650X, Xeon Gold 6233 24C 2.5GHz, 10G Ethernet,",1/6/2022,211,Lenovo,72960,2.77,5.84,2294.598255,0,0.474315068,0,1434,2111,3545,0,1,85,3534
"ThinkSystem HR650X, Xeon Gold 6233 24C 2.5GHz, 10G Ethernet,",1/11/2021,192,Lenovo,72960,2.77,5.84,2294.598255,0,0.474315068,0,1434,2111,3545,0,1,85,3534
"ThinkSystem HR650X, Xeon Gold 6233 24C 2.5GHz, 10G Ethernet,",1/6/2021,156,Lenovo,72960,2.77,5.84,2294.598255,0,0.474315068,0,1434,2111,3545,0,1,85,3534
"Spartan3 - BullSequana XH2000, AMD EPYC 7763 64C 2.45GHz, Mellanox InfiniBand HDR100,",1/11/2025,460,EVIDEN,92160,2.75,3.61,2294.598255,0,0.761772853,0,1434,2111,3545,0,1,85,3534
"Spartan3 - BullSequana XH2000, AMD EPYC 7763 64C 2.45GHz, Mellanox InfiniBand HDR100,",1/6/2025,434,EVIDEN,92160,2.75,3.61,2294.598255,0,0.761772853,0,1434,2111,3545,0,1,85,3534
"Spartan3 - BullSequana XH2000, AMD EPYC 7763 64C 2.45GHz, Mellanox InfiniBand HDR100,",1/11/2024,391,EVIDEN,92160,2.75,3.61,2294.598255,0,0.761772853,0,1434,2111,3545,0,1,85,3534
"Spartan3 - BullSequana XH2000, AMD EPYC 7763 64C 2.45GHz, Mellanox InfiniBand HDR100,",1/6/2024,348,EVIDEN,92160,2.75,3.61,2294.598255,0,0.761772853,0,1434,2111,3545,0,1,85,3534
"Spartan3 - BullSequana XH2000, AMD EPYC 7763 64C 2.45GHz, Mellanox InfiniBand HDR100,",1/11/2023,312,EVIDEN,92160,2.75,3.61,2294.598255,0,0.761772853,0,1434,2111,3545,0,1,85,3534
"Spartan3 - BullSequana XH2000, AMD EPYC 7763 64C 2.45GHz, Mellanox InfiniBand HDR100,",1/6/2023,275,EVIDEN,92160,2.75,3.61,2294.598255,0,0.761772853,0,1434,2111,3545,0,1,85,3534
"Spartan3 - BullSequana XH2000, AMD EPYC 7763 64C 2.45GHz, Mellanox InfiniBand HDR100,",1/11/2022,236,EVIDEN,92160,2.75,3.61,2294.598255,0,0.761772853,0,1434,2111,3545,0,1,85,3534
"Spartan3 - BullSequana XH2000, AMD EPYC 7763 64C 2.45GHz, Mellanox InfiniBand HDR100,",1/6/2022,212,EVIDEN,92160,2.75,3.61,2294.598255,0,0.761772853,0,1434,2111,3545,0,1,85,3534
"Spartan3 - BullSequana XH2000, AMD EPYC 7763 64C 2.45GHz, Mellanox InfiniBand HDR100,",1/11/2021,193,EVIDEN,92160,2.75,3.61,2294.598255,0,0.761772853,0,1434,2111,3545,0,1,85,3534
"Spartan3 - BullSequana XH2000, AMD EPYC 7763 64C 2.45GHz, Mellanox InfiniBand HDR100,",1/6/2021,157,EVIDEN,92160,2.75,3.61,2294.598255,0,0.761772853,0,1434,2111,3545,0,1,85,3534
"ZZ2 - ThinkSystem HR650X, Xeon Gold 6133 20C 2.5GHz, 10G Ethernet,",1/11/2025,461,Lenovo,67200,2.75,5.38,2294.598255,0,0.511152416,0,1434,2111,3545,0,1,85,3534
"ZZ2 - ThinkSystem HR650X, Xeon Gold 6133 20C 2.5GHz, 10G Ethernet,",1/6/2025,435,Lenovo,67200,2.75,5.38,2294.598255,0,0.511152416,0,1434,2111,3545,0,1,85,3534
"ZZ2 - ThinkSystem HR650X, Xeon Gold 6133 20C 2.5GHz, 10G Ethernet,",1/11/2024,392,Lenovo,67200,2.75,5.38,2294.598255,0,0.511152416,0,1434,2111,3545,0,1,85,3534
"ZZ2 - ThinkSystem HR650X, Xeon Gold 6133 20C 2.5GHz, 10G Ethernet,",1/6/2024,349,Lenovo,67200,2.75,5.38,2294.598255,0,0.511152416,0,1434,2111,3545,0,1,85,3534
"ZZ2 - ThinkSystem HR650X, Xeon Gold 6133 20C 2.5GHz, 10G Ethernet,",1/11/2023,313,Lenovo,67200,2.75,5.38,2294.598255,0,0.511152416,0,1434,2111,3545,0,1,85,3534
"ZZ2 - ThinkSystem HR650X, Xeon Gold 6133 20C 2.5GHz, 10G Ethernet,",1/6/2023,276,Lenovo,67200,2.75,5.38,2294.598255,0,0.511152416,0,1434,2111,3545,0,1,85,3534
"ZZ2 - ThinkSystem HR650X, Xeon Gold 6133 20C 2.5GHz, 10G Ethernet,",1/11/2022,237,Lenovo,67200,2.75,5.38,2294.598255,0,0.511152416,0,1434,2111,3545,0,1,85,3534
"ZZ2 - ThinkSystem HR650X, Xeon Gold 6133 20C 2.5GHz, 10G Ethernet,",1/6/2022,213,Lenovo,67200,2.75,5.38,2294.598255,0,0.511152416,0,1434,2111,3545,0,1,85,3534
"ZZ2 - ThinkSystem HR650X, Xeon Gold 6133 20C 2.5GHz, 10G Ethernet,",1/11/2021,194,Lenovo,67200,2.75,5.38,2294.598255,0,0.511152416,0,1434,2111,3545,0,1,85,3534
"ZZ2 - ThinkSystem HR650X, Xeon Gold 6133 20C 2.5GHz, 10G Ethernet,",1/6/2021,158,Lenovo,67200,2.75,5.38,2294.598255,0,0.511152416,0,1434,2111,3545,0,1,85,3534
"ZZ2 - ThinkSystem HR650X, Xeon Gold 6133 20C 2.5GHz, 10G Ethernet,",1/11/2020,121,Lenovo,67200,2.75,5.38,2294.598255,0,0.511152416,0,1434,2111,3545,0,1,85,3534
"ThinkSystem SR650, Xeon Gold 6248 20C 2.5GHz, 25G Ethernet,",1/11/2025,462,Lenovo,66400,2.75,5.31,2294.598255,0,0.517890772,0,1434,2111,3545,0,1,85,3534
"ThinkSystem SR650, Xeon Gold 6248 20C 2.5GHz, 25G Ethernet,",1/6/2025,436,Lenovo,66400,2.75,5.31,2294.598255,0,0.517890772,0,1434,2111,3545,0,1,85,3534
"ThinkSystem SR650, Xeon Gold 6248 20C 2.5GHz, 25G Ethernet,",1/11/2024,393,Lenovo,66400,2.75,5.31,2294.598255,0,0.517890772,0,1434,2111,3545,0,1,85,3534
"ThinkSystem SR650, Xeon Gold 6248 20C 2.5GHz, 25G Ethernet,",1/6/2024,350,Lenovo,66400,2.75,5.31,2294.598255,0,0.517890772,0,1434,2111,3545,0,1,85,3534
"ThinkSystem SR650, Xeon Gold 6248 20C 2.5GHz, 25G Ethernet,",1/11/2023,314,Lenovo,66400,2.75,5.31,2294.598255,0,0.517890772,0,1434,2111,3545,0,1,85,3534
"ThinkSystem SR650, Xeon Gold 6248 20C 2.5GHz, 25G Ethernet,",1/6/2023,277,Lenovo,66400,2.75,5.31,2294.598255,0,0.517890772,0,1434,2111,3545,0,1,85,3534
"ThinkSystem SR650, Xeon Gold 6248 20C 2.5GHz, 25G Ethernet,",1/11/2022,238,Lenovo,66400,2.75,5.31,2294.598255,0,0.517890772,0,1434,2111,3545,0,1,85,3534
"ThinkSystem SR650, Xeon Gold 6248 20C 2.5GHz, 25G Ethernet,",1/6/2022,214,Lenovo,66400,2.75,5.31,2294.598255,0,0.517890772,0,1434,2111,3545,0,1,85,3534
"ThinkSystem SR650, Xeon Gold 6248 20C 2.5GHz, 25G Ethernet,",1/11/2021,195,Lenovo,66400,2.75,5.31,2294.598255,0,0.517890772,0,1434,2111,3545,0,1,85,3534
"ThinkSystem SR650, Xeon Gold 6248 20C 2.5GHz, 25G Ethernet,",1/6/2021,159,Lenovo,66400,2.75,5.31,2294.598255,0,0.517890772,0,1434,2111,3545,0,1,85,3534
"ThinkSystem SR650, Xeon Gold 6248 20C 2.5GHz, 25G Ethernet,",1/11/2020,122,Lenovo,66400,2.75,5.31,2294.598255,0,0.517890772,0,1434,2111,3545,0,1,85,3534
"ThinkSystem SR650, Xeon Gold 6248 20C 2.5GHz, 25G Ethernet,",1/6/2020,103,Lenovo,66400,2.75,5.31,2294.598255,0,0.517890772,0,1434,2111,3545,0,1,85,3534
"ThinkSystem SR650, Xeon Gold 6240 18C 2.6GHz, NVIDIA Tesla V100, Infiniband EDR,",1/11/2025,463,Lenovo,59976,2.74,5.35,2294.598255,0,0.512149533,1,1434,2111,3545,0,1,85,3534
"ThinkSystem SR650, Xeon Gold 6240 18C 2.6GHz, NVIDIA Tesla V100, Infiniband EDR,",1/6/2025,437,Lenovo,59976,2.74,5.35,2294.598255,0,0.512149533,1,1434,2111,3545,0,1,85,3534
"ThinkSystem SR650, Xeon Gold 6240 18C 2.6GHz, NVIDIA Tesla V100, Infiniband EDR,",1/11/2024,394,Lenovo,59976,2.74,5.35,2294.598255,0,0.512149533,1,1434,2111,3545,0,1,85,3534
"ThinkSystem SR650, Xeon Gold 6240 18C 2.6GHz, NVIDIA Tesla V100, Infiniband EDR,",1/6/2024,351,Lenovo,59976,2.74,5.35,2294.598255,0,0.512149533,1,1434,2111,3545,0,1,85,3534
"ThinkSystem SR650, Xeon Gold 6240 18C 2.6GHz, NVIDIA Tesla V100, Infiniband EDR,",1/11/2023,315,Lenovo,59976,2.74,5.35,2294.598255,0,0.512149533,1,1434,2111,3545,0,1,85,3534
"ThinkSystem SR650, Xeon Gold 6240 18C 2.6GHz, NVIDIA Tesla V100, Infiniband EDR,",1/6/2023,278,Lenovo,59976,2.74,5.35,2294.598255,0,0.512149533,1,1434,2111,3545,0,1,85,3534
"ThinkSystem SR650, Xeon Gold 6240 18C 2.6GHz, NVIDIA Tesla V100, Infiniband EDR,",1/11/2022,239,Lenovo,59976,2.74,5.35,2294.598255,0,0.512149533,1,1434,2111,3545,0,1,85,3534
"ThinkSystem SR650, Xeon Gold 6240 18C 2.6GHz, NVIDIA Tesla V100, Infiniband EDR,",1/6/2022,215,Lenovo,59976,2.74,5.35,2294.598255,0,0.512149533,1,1434,2111,3545,0,1,85,3534
"ThinkSystem SR650, Xeon Gold 6240 18C 2.6GHz, NVIDIA Tesla V100, Infiniband EDR,",1/11/2021,196,Lenovo,59976,2.74,5.35,2294.598255,0,0.512149533,1,1434,2111,3545,0,1,85,3534
"ThinkSystem SR650, Xeon Gold 6240 18C 2.6GHz, NVIDIA Tesla V100, Infiniband EDR,",1/6/2021,160,Lenovo,59976,2.74,5.35,2294.598255,0,0.512149533,1,1434,2111,3545,0,1,85,3534
"ThinkSystem SR650, Xeon Gold 6240 18C 2.6GHz, NVIDIA Tesla V100, Infiniband EDR,",1/11/2020,123,Lenovo,59976,2.74,5.35,2294.598255,0,0.512149533,1,1434,2111,3545,0,1,85,3534
"ThinkSystem SR650, Xeon Gold 6240 18C 2.6GHz, NVIDIA Tesla V100, Infiniband EDR,",1/6/2020,104,Lenovo,59976,2.74,5.35,2294.598255,0,0.512149533,1,1434,2111,3545,0,1,85,3534
"ThinkSystem SR650, Xeon Gold 6240 18C 2.6GHz, NVIDIA Tesla V100, Infiniband EDR,",1/11/2019,92,Lenovo,59976,2.74,5.35,2294.598255,0,0.512149533,1,1434,2111,3545,0,1,85,3534
"ThinkSystem HR650X, Xeon Gold 6233 24C 2.5GHz, 10G Ethernet,",1/11/2025,464,Lenovo,72000,2.74,5.76,2294.598255,0,0.475694444,0,1434,2111,3545,0,1,85,3534
"ThinkSystem HR650X, Xeon Gold 6233 24C 2.5GHz, 10G Ethernet,",1/6/2025,438,Lenovo,72000,2.74,5.76,2294.598255,0,0.475694444,0,1434,2111,3545,0,1,85,3534
"ThinkSystem HR650X, Xeon Gold 6233 24C 2.5GHz, 10G Ethernet,",1/11/2024,395,Lenovo,72000,2.74,5.76,2294.598255,0,0.475694444,0,1434,2111,3545,0,1,85,3534
"ThinkSystem HR650X, Xeon Gold 6233 24C 2.5GHz, 10G Ethernet,",1/6/2024,352,Lenovo,72000,2.74,5.76,2294.598255,0,0.475694444,0,1434,2111,3545,0,1,85,3534
"ThinkSystem HR650X, Xeon Gold 6233 24C 2.5GHz, 10G Ethernet,",1/11/2023,316,Lenovo,72000,2.74,5.76,2294.598255,0,0.475694444,0,1434,2111,3545,0,1,85,3534
"ThinkSystem HR650X, Xeon Gold 6233 24C 2.5GHz, 10G Ethernet,",1/6/2023,279,Lenovo,72000,2.74,5.76,2294.598255,0,0.475694444,0,1434,2111,3545,0,1,85,3534
"ThinkSystem HR650X, Xeon Gold 6233 24C 2.5GHz, 10G Ethernet,",1/11/2022,240,Lenovo,72000,2.74,5.76,2294.598255,0,0.475694444,0,1434,2111,3545,0,1,85,3534
"ThinkSystem HR650X, Xeon Gold 6233 24C 2.5GHz, 10G Ethernet,",1/6/2022,216,Lenovo,72000,2.74,5.76,2294.598255,0,0.475694444,0,1434,2111,3545,0,1,85,3534
"ThinkSystem HR650X, Xeon Gold 6233 24C 2.5GHz, 10G Ethernet,",1/11/2021,197,Lenovo,72000,2.74,5.76,2294.598255,0,0.475694444,0,1434,2111,3545,0,1,85,3534
"ThinkSystem HR650X, Xeon Gold 6233 24C 2.5GHz, 10G Ethernet,",1/6/2021,161,Lenovo,72000,2.74,5.76,2294.598255,0,0.475694444,0,1434,2111,3545,0,1,85,3534
"VSC-4 - ThinkSystem SD650, Xeon Platinum 8174 24C 3.1GHz, Intel Omni-Path,",1/11/2025,465,Lenovo,37920,2.73,3.76,2294.598255,0,0.72606383,0,1434,2111,3545,0,1,85,3534
"VSC-4 - ThinkSystem SD650, Xeon Platinum 8174 24C 3.1GHz, Intel Omni-Path,",1/6/2025,439,Lenovo,37920,2.73,3.76,2294.598255,0,0.72606383,0,1434,2111,3545,0,1,85,3534
"VSC-4 - ThinkSystem SD650, Xeon Platinum 8174 24C 3.1GHz, Intel Omni-Path,",1/11/2024,396,Lenovo,37920,2.73,3.76,2294.598255,0,0.72606383,0,1434,2111,3545,0,1,85,3534
"VSC-4 - ThinkSystem SD650, Xeon Platinum 8174 24C 3.1GHz, Intel Omni-Path,",1/6/2024,353,Lenovo,37920,2.73,3.76,2294.598255,0,0.72606383,0,1434,2111,3545,0,1,85,3534
"VSC-4 - ThinkSystem SD650, Xeon Platinum 8174 24C 3.1GHz, Intel Omni-Path,",1/11/2023,318,Lenovo,37920,2.73,3.76,2294.598255,0,0.72606383,0,1434,2111,3545,0,1,85,3534
"VSC-4 - ThinkSystem SD650, Xeon Platinum 8174 24C 3.1GHz, Intel Omni-Path,",1/6/2023,281,Lenovo,37920,2.73,3.76,2294.598255,0,0.72606383,0,1434,2111,3545,0,1,85,3534
"VSC-4 - ThinkSystem SD650, Xeon Platinum 8174 24C 3.1GHz, Intel Omni-Path,",1/11/2022,242,Lenovo,37920,2.73,3.76,2294.598255,0,0.72606383,0,1434,2111,3545,0,1,85,3534
"VSC-4 - ThinkSystem SD650, Xeon Platinum 8174 24C 3.1GHz, Intel Omni-Path,",1/6/2022,218,Lenovo,37920,2.73,3.76,2294.598255,0,0.72606383,0,1434,2111,3545,0,1,85,3534
"VSC-4 - ThinkSystem SD650, Xeon Platinum 8174 24C 3.1GHz, Intel Omni-Path,",1/11/2021,199,Lenovo,37920,2.73,3.76,2294.598255,0,0.72606383,0,1434,2111,3545,0,1,85,3534
"VSC-4 - ThinkSystem SD650, Xeon Platinum 8174 24C 3.1GHz, Intel Omni-Path,",1/6/2021,162,Lenovo,37920,2.73,3.76,2294.598255,0,0.72606383,0,1434,2111,3545,0,1,85,3534
"VSC-4 - ThinkSystem SD650, Xeon Platinum 8174 24C 3.1GHz, Intel Omni-Path,",1/11/2020,124,Lenovo,37920,2.73,3.76,2294.598255,0,0.72606383,0,1434,2111,3545,0,1,85,3534
"VSC-4 - ThinkSystem SD650, Xeon Platinum 8174 24C 3.1GHz, Intel Omni-Path,",1/6/2020,105,Lenovo,37920,2.73,3.76,2294.598255,0,0.72606383,0,1434,2111,3545,0,1,85,3534
"VSC-4 - ThinkSystem SD650, Xeon Platinum 8174 24C 3.1GHz, Intel Omni-Path,",1/11/2019,93,Lenovo,37920,2.73,3.76,2294.598255,0,0.72606383,0,1434,2111,3545,0,1,85,3534
"VSC-4 - ThinkSystem SD650, Xeon Platinum 8174 24C 3.1GHz, Intel Omni-Path,",1/6/2019,82,Lenovo,37920,2.73,3.76,2294.598255,0,0.72606383,0,1434,2111,3545,0,1,85,3534
"SNL/NNSA CTS-1 Attaway - Tundra Extreme Scale, Xeon Gold 6140 18C 2.3GHz, Intel Omni-Path,",1/11/2025,466,Penguin Computing,52920,2.72,3.89,750,0.003626667,0.699228792,0,1434,2111,3545,0,1,85,3534
"SNL/NNSA CTS-1 Attaway - Tundra Extreme Scale, Xeon Gold 6140 18C 2.3GHz, Intel Omni-Path,",1/6/2025,440,Penguin Computing,52920,2.72,3.89,750,0.003626667,0.699228792,0,1434,2111,3545,0,1,85,3534
"SNL/NNSA CTS-1 Attaway - Tundra Extreme Scale, Xeon Gold 6140 18C 2.3GHz, Intel Omni-Path,",1/11/2024,397,Penguin Computing,52920,2.72,3.89,750,0.003626667,0.699228792,0,1434,2111,3545,0,1,85,3534
"SNL/NNSA CTS-1 Attaway - Tundra Extreme Scale, Xeon Gold 6140 18C 2.3GHz, Intel Omni-Path,",1/6/2024,354,Penguin Computing,52920,2.72,3.89,750,0.003626667,0.699228792,0,1434,2111,3545,0,1,85,3534
"SNL/NNSA CTS-1 Attaway - Tundra Extreme Scale, Xeon Gold 6140 18C 2.3GHz, Intel Omni-Path,",1/11/2023,319,Penguin Computing,52920,2.72,3.89,750,0.003626667,0.699228792,0,1434,2111,3545,0,1,85,3534
"SNL/NNSA CTS-1 Attaway - Tundra Extreme Scale, Xeon Gold 6140 18C 2.3GHz, Intel Omni-Path,",1/6/2023,282,Penguin Computing,52920,2.72,3.89,750,0.003626667,0.699228792,0,1434,2111,3545,0,1,85,3534
"SNL/NNSA CTS-1 Attaway - Tundra Extreme Scale, Xeon Gold 6140 18C 2.3GHz, Intel Omni-Path,",1/11/2022,243,Penguin Computing,52920,2.72,3.89,750,0.003626667,0.699228792,0,1434,2111,3545,0,1,85,3534
"SNL/NNSA CTS-1 Attaway - Tundra Extreme Scale, Xeon Gold 6140 18C 2.3GHz, Intel Omni-Path,",1/6/2022,219,Penguin Computing,52920,2.72,3.89,750,0.003626667,0.699228792,0,1434,2111,3545,0,1,85,3534
"SNL/NNSA CTS-1 Attaway - Tundra Extreme Scale, Xeon Gold 6140 18C 2.3GHz, Intel Omni-Path,",1/11/2021,200,Penguin Computing,52920,2.72,3.89,750,0.003626667,0.699228792,0,1434,2111,3545,0,1,85,3534
"SNL/NNSA CTS-1 Attaway - Tundra Extreme Scale, Xeon Gold 6140 18C 2.3GHz, Intel Omni-Path,",1/6/2021,163,Penguin Computing,52920,2.72,3.89,750,0.003626667,0.699228792,0,1434,2111,3545,0,1,85,3534
"SNL/NNSA CTS-1 Attaway - Tundra Extreme Scale, Xeon Gold 6140 18C 2.3GHz, Intel Omni-Path,",1/11/2020,125,Penguin Computing,52920,2.72,3.89,750,0.003626667,0.699228792,0,1434,2111,3545,0,1,85,3534
"SNL/NNSA CTS-1 Attaway - Tundra Extreme Scale, Xeon Gold 6140 18C 2.3GHz, Intel Omni-Path,",1/6/2020,106,Penguin Computing,52920,2.72,3.89,750,0.003626667,0.699228792,0,1434,2111,3545,0,1,85,3534
"SNL/NNSA CTS-1 Attaway - Tundra Extreme Scale, Xeon Gold 6140 18C 2.3GHz, Intel Omni-Path,",1/11/2019,94,Penguin Computing,52920,2.72,3.89,750,0.003626667,0.699228792,0,1434,2111,3545,0,1,85,3534
"ZZ3 - ThinkSystem HR650X, Xeon Gold 6133 20C 2.5GHz, 10G Ethernet,",1/11/2025,467,Lenovo,66400,2.72,5.31,2294.598255,0,0.512241055,0,1434,2111,3545,0,1,85,3534
"ZZ3 - ThinkSystem HR650X, Xeon Gold 6133 20C 2.5GHz, 10G Ethernet,",1/6/2025,441,Lenovo,66400,2.72,5.31,2294.598255,0,0.512241055,0,1434,2111,3545,0,1,85,3534
"ZZ3 - ThinkSystem HR650X, Xeon Gold 6133 20C 2.5GHz, 10G Ethernet,",1/11/2024,398,Lenovo,66400,2.72,5.31,2294.598255,0,0.512241055,0,1434,2111,3545,0,1,85,3534
"ZZ3 - ThinkSystem HR650X, Xeon Gold 6133 20C 2.5GHz, 10G Ethernet,",1/6/2024,355,Lenovo,66400,2.72,5.31,2294.598255,0,0.512241055,0,1434,2111,3545,0,1,85,3534
"ZZ3 - ThinkSystem HR650X, Xeon Gold 6133 20C 2.5GHz, 10G Ethernet,",1/11/2023,320,Lenovo,66400,2.72,5.31,2294.598255,0,0.512241055,0,1434,2111,3545,0,1,85,3534
"ZZ3 - ThinkSystem HR650X, Xeon Gold 6133 20C 2.5GHz, 10G Ethernet,",1/6/2023,283,Lenovo,66400,2.72,5.31,2294.598255,0,0.512241055,0,1434,2111,3545,0,1,85,3534
"ZZ3 - ThinkSystem HR650X, Xeon Gold 6133 20C 2.5GHz, 10G Ethernet,",1/11/2022,244,Lenovo,66400,2.72,5.31,2294.598255,0,0.512241055,0,1434,2111,3545,0,1,85,3534
"ZZ3 - ThinkSystem HR650X, Xeon Gold 6133 20C 2.5GHz, 10G Ethernet,",1/6/2022,220,Lenovo,66400,2.72,5.31,2294.598255,0,0.512241055,0,1434,2111,3545,0,1,85,3534
"ZZ3 - ThinkSystem HR650X, Xeon Gold 6133 20C 2.5GHz, 10G Ethernet,",1/11/2021,201,Lenovo,66400,2.72,5.31,2294.598255,0,0.512241055,0,1434,2111,3545,0,1,85,3534
"ZZ3 - ThinkSystem HR650X, Xeon Gold 6133 20C 2.5GHz, 10G Ethernet,",1/6/2021,164,Lenovo,66400,2.72,5.31,2294.598255,0,0.512241055,0,1434,2111,3545,0,1,85,3534
"ZZ3 - ThinkSystem HR650X, Xeon Gold 6133 20C 2.5GHz, 10G Ethernet,",1/11/2020,126,Lenovo,66400,2.72,5.31,2294.598255,0,0.512241055,0,1434,2111,3545,0,1,85,3534
"ThinkSystem HR650X, Xeon Gold 6233 24C 2.5GHz, 10G Ethernet,",1/11/2025,468,Lenovo,71040,2.71,5.68,2294.598255,0,0.477112676,0,1434,2111,3545,0,1,85,3534
"ThinkSystem HR650X, Xeon Gold 6233 24C 2.5GHz, 10G Ethernet,",1/6/2025,442,Lenovo,71040,2.71,5.68,2294.598255,0,0.477112676,0,1434,2111,3545,0,1,85,3534
"ThinkSystem HR650X, Xeon Gold 6233 24C 2.5GHz, 10G Ethernet,",1/11/2024,399,Lenovo,71040,2.71,5.68,2294.598255,0,0.477112676,0,1434,2111,3545,0,1,85,3534
"ThinkSystem HR650X, Xeon Gold 6233 24C 2.5GHz, 10G Ethernet,",1/6/2024,357,Lenovo,71040,2.71,5.68,2294.598255,0,0.477112676,0,1434,2111,3545,0,1,85,3534
"ThinkSystem HR650X, Xeon Gold 6233 24C 2.5GHz, 10G Ethernet,",1/11/2023,322,Lenovo,71040,2.71,5.68,2294.598255,0,0.477112676,0,1434,2111,3545,0,1,85,3534
"ThinkSystem HR650X, Xeon Gold 6233 24C 2.5GHz, 10G Ethernet,",1/6/2023,285,Lenovo,71040,2.71,5.68,2294.598255,0,0.477112676,0,1434,2111,3545,0,1,85,3534
"ThinkSystem HR650X, Xeon Gold 6233 24C 2.5GHz, 10G Ethernet,",1/11/2022,246,Lenovo,71040,2.71,5.68,2294.598255,0,0.477112676,0,1434,2111,3545,0,1,85,3534
"ThinkSystem HR650X, Xeon Gold 6233 24C 2.5GHz, 10G Ethernet,",1/6/2022,221,Lenovo,71040,2.71,5.68,2294.598255,0,0.477112676,0,1434,2111,3545,0,1,85,3534
"ThinkSystem HR650X, Xeon Gold 6233 24C 2.5GHz, 10G Ethernet,",1/11/2021,202,Lenovo,71040,2.71,5.68,2294.598255,0,0.477112676,0,1434,2111,3545,0,1,85,3534
"ThinkSystem HR650X, Xeon Gold 6233 24C 2.5GHz, 10G Ethernet,",1/6/2021,165,Lenovo,71040,2.71,5.68,2294.598255,0,0.477112676,0,1434,2111,3545,0,1,85,3534
"Arka AI/ML - NVIDIA DGX H100, Xeon Platinum 8480C 56C 2GHz, NVIDIA H100 SXM5 80GB, Octo-rail NVIDIA HDR100 Infiniband, Red Hat Enterprise Linux,",1/11/2025,469,EVIDEN,8176,2.7,3.75,2294.598255,0,0.72,1,1434,2111,3545,0,1,85,3534
"Arka AI/ML - NVIDIA DGX H100, Xeon Platinum 8480C 56C 2GHz, NVIDIA H100 SXM5 80GB, Octo-rail NVIDIA HDR100 Infiniband, Red Hat Enterprise Linux,",1/6/2025,443,EVIDEN,8176,2.7,3.75,2294.598255,0,0.72,1,1434,2111,3545,0,1,85,3534
"Arka AI/ML - NVIDIA DGX H100, Xeon Platinum 8480C 56C 2GHz, NVIDIA H100 SXM5 80GB, Octo-rail NVIDIA HDR100 Infiniband, Red Hat Enterprise Linux,",1/11/2024,400,EVIDEN,8176,2.7,3.75,2294.598255,0,0.72,1,1434,2111,3545,0,1,85,3534
"ZZ4 - ThinkSystem HR650X, Xeon Gold 6133 20C 2.5GHz, 10G Ethernet,",1/11/2025,470,Lenovo,65600,2.69,5.25,2294.598255,0,0.512380952,0,1434,2111,3545,0,1,85,3534
"ZZ4 - ThinkSystem HR650X, Xeon Gold 6133 20C 2.5GHz, 10G Ethernet,",1/6/2025,444,Lenovo,65600,2.69,5.25,2294.598255,0,0.512380952,0,1434,2111,3545,0,1,85,3534
"ZZ4 - ThinkSystem HR650X, Xeon Gold 6133 20C 2.5GHz, 10G Ethernet,",1/11/2024,401,Lenovo,65600,2.69,5.25,2294.598255,0,0.512380952,0,1434,2111,3545,0,1,85,3534
"ZZ4 - ThinkSystem HR650X, Xeon Gold 6133 20C 2.5GHz, 10G Ethernet,",1/6/2024,358,Lenovo,65600,2.69,5.25,2294.598255,0,0.512380952,0,1434,2111,3545,0,1,85,3534
"ZZ4 - ThinkSystem HR650X, Xeon Gold 6133 20C 2.5GHz, 10G Ethernet,",1/11/2023,323,Lenovo,65600,2.69,5.25,2294.598255,0,0.512380952,0,1434,2111,3545,0,1,85,3534
"ZZ4 - ThinkSystem HR650X, Xeon Gold 6133 20C 2.5GHz, 10G Ethernet,",1/6/2023,286,Lenovo,65600,2.69,5.25,2294.598255,0,0.512380952,0,1434,2111,3545,0,1,85,3534
"ZZ4 - ThinkSystem HR650X, Xeon Gold 6133 20C 2.5GHz, 10G Ethernet,",1/11/2022,247,Lenovo,65600,2.69,5.25,2294.598255,0,0.512380952,0,1434,2111,3545,0,1,85,3534
"ZZ4 - ThinkSystem HR650X, Xeon Gold 6133 20C 2.5GHz, 10G Ethernet,",1/6/2022,222,Lenovo,65600,2.69,5.25,2294.598255,0,0.512380952,0,1434,2111,3545,0,1,85,3534
"ZZ4 - ThinkSystem HR650X, Xeon Gold 6133 20C 2.5GHz, 10G Ethernet,",1/11/2021,203,Lenovo,65600,2.69,5.25,2294.598255,0,0.512380952,0,1434,2111,3545,0,1,85,3534
"ZZ4 - ThinkSystem HR650X, Xeon Gold 6133 20C 2.5GHz, 10G Ethernet,",1/6/2021,166,Lenovo,65600,2.69,5.25,2294.598255,0,0.512380952,0,1434,2111,3545,0,1,85,3534
"ZZ4 - ThinkSystem HR650X, Xeon Gold 6133 20C 2.5GHz, 10G Ethernet,",1/11/2020,127,Lenovo,65600,2.69,5.25,2294.598255,0,0.512380952,0,1434,2111,3545,0,1,85,3534
"ThinkSystem HR650X, Xeon Gold 6233 24C 2.5GHz, 10G Ethernet,",1/11/2025,471,Lenovo,70080,2.68,5.61,2294.598255,0,0.47771836,0,1434,2111,3545,0,1,85,3534
"ThinkSystem HR650X, Xeon Gold 6233 24C 2.5GHz, 10G Ethernet,",1/6/2025,445,Lenovo,70080,2.68,5.61,2294.598255,0,0.47771836,0,1434,2111,3545,0,1,85,3534
"ThinkSystem HR650X, Xeon Gold 6233 24C 2.5GHz, 10G Ethernet,",1/11/2024,402,Lenovo,70080,2.68,5.61,2294.598255,0,0.47771836,0,1434,2111,3545,0,1,85,3534
"ThinkSystem HR650X, Xeon Gold 6233 24C 2.5GHz, 10G Ethernet,",1/6/2024,359,Lenovo,70080,2.68,5.61,2294.598255,0,0.47771836,0,1434,2111,3545,0,1,85,3534
"ThinkSystem HR650X, Xeon Gold 6233 24C 2.5GHz, 10G Ethernet,",1/11/2023,324,Lenovo,70080,2.68,5.61,2294.598255,0,0.47771836,0,1434,2111,3545,0,1,85,3534
"ThinkSystem HR650X, Xeon Gold 6233 24C 2.5GHz, 10G Ethernet,",1/6/2023,287,Lenovo,70080,2.68,5.61,2294.598255,0,0.47771836,0,1434,2111,3545,0,1,85,3534
"ThinkSystem HR650X, Xeon Gold 6233 24C 2.5GHz, 10G Ethernet,",1/11/2022,248,Lenovo,70080,2.68,5.61,2294.598255,0,0.47771836,0,1434,2111,3545,0,1,85,3534
"ThinkSystem HR650X, Xeon Gold 6233 24C 2.5GHz, 10G Ethernet,",1/6/2022,223,Lenovo,70080,2.68,5.61,2294.598255,0,0.47771836,0,1434,2111,3545,0,1,85,3534
"ThinkSystem HR650X, Xeon Gold 6233 24C 2.5GHz, 10G Ethernet,",1/11/2021,204,Lenovo,70080,2.68,5.61,2294.598255,0,0.47771836,0,1434,2111,3545,0,1,85,3534
"ThinkSystem HR650X, Xeon Gold 6233 24C 2.5GHz, 10G Ethernet,",1/6/2021,167,Lenovo,70080,2.68,5.61,2294.598255,0,0.47771836,0,1434,2111,3545,0,1,85,3534
"Banting - Cray XC50, Xeon Gold 6148 20C 2.4GHz, Aries interconnect,",1/11/2025,472,Cray/HPE,53200,2.68,4.09,2294.598255,0,0.655256724,0,1434,2111,3545,0,1,85,3534
"Banting - Cray XC50, Xeon Gold 6148 20C 2.4GHz, Aries interconnect,",1/6/2025,446,Cray/HPE,53200,2.68,4.09,2294.598255,0,0.655256724,0,1434,2111,3545,0,1,85,3534
"Banting - Cray XC50, Xeon Gold 6148 20C 2.4GHz, Aries interconnect,",1/11/2024,403,Cray/HPE,53200,2.68,4.09,2294.598255,0,0.655256724,0,1434,2111,3545,0,1,85,3534
"Banting - Cray XC50, Xeon Gold 6148 20C 2.4GHz, Aries interconnect,",1/6/2024,360,Cray/HPE,53200,2.68,4.09,2294.598255,0,0.655256724,0,1434,2111,3545,0,1,85,3534
"Banting - Cray XC50, Xeon Gold 6148 20C 2.4GHz, Aries interconnect,",1/11/2023,325,Cray/HPE,53200,2.68,4.09,2294.598255,0,0.655256724,0,1434,2111,3545,0,1,85,3534
"Banting - Cray XC50, Xeon Gold 6148 20C 2.4GHz, Aries interconnect,",1/6/2023,288,Cray/HPE,53200,2.68,4.09,2294.598255,0,0.655256724,0,1434,2111,3545,0,1,85,3534
"Banting - Cray XC50, Xeon Gold 6148 20C 2.4GHz, Aries interconnect,",1/11/2022,249,Cray/HPE,53200,2.68,4.09,2294.598255,0,0.655256724,0,1434,2111,3545,0,1,85,3534
"Banting - Cray XC50, Xeon Gold 6148 20C 2.4GHz, Aries interconnect,",1/6/2022,224,Cray/HPE,53200,2.68,4.09,2294.598255,0,0.655256724,0,1434,2111,3545,0,1,85,3534
"Banting - Cray XC50, Xeon Gold 6148 20C 2.4GHz, Aries interconnect,",1/11/2021,205,Cray/HPE,53200,2.68,4.09,2294.598255,0,0.655256724,0,1434,2111,3545,0,1,85,3534
"Banting - Cray XC50, Xeon Gold 6148 20C 2.4GHz, Aries interconnect,",1/6/2021,168,Cray/HPE,53200,2.68,4.09,2294.598255,0,0.655256724,0,1434,2111,3545,0,1,85,3534
"Banting - Cray XC50, Xeon Gold 6148 20C 2.4GHz, Aries interconnect,",1/11/2020,128,Cray/HPE,53200,2.68,4.09,2294.598255,0,0.655256724,0,1434,2111,3545,0,1,85,3534
"Banting - Cray XC50, Xeon Gold 6148 20C 2.4GHz, Aries interconnect,",1/6/2020,107,Cray/HPE,53200,2.68,4.09,2294.598255,0,0.655256724,0,1434,2111,3545,0,1,85,3534
"Hypercluster - NVIDIA DGX-2, Xeon Platinum 8168 24C 2.7GHz, NVIDIA Tesla V100, Mellanox InfiniBand EDR,",1/11/2025,473,Nvidia,47808,2.67,4.22,2294.598255,0,0.632701422,1,1434,2111,3545,0,1,85,3534
"Hypercluster - NVIDIA DGX-2, Xeon Platinum 8168 24C 2.7GHz, NVIDIA Tesla V100, Mellanox InfiniBand EDR,",1/6/2025,447,Nvidia,47808,2.67,4.22,2294.598255,0,0.632701422,1,1434,2111,3545,0,1,85,3534
"Hypercluster - NVIDIA DGX-2, Xeon Platinum 8168 24C 2.7GHz, NVIDIA Tesla V100, Mellanox InfiniBand EDR,",1/11/2024,404,Nvidia,47808,2.67,4.22,2294.598255,0,0.632701422,1,1434,2111,3545,0,1,85,3534
"Hypercluster - NVIDIA DGX-2, Xeon Platinum 8168 24C 2.7GHz, NVIDIA Tesla V100, Mellanox InfiniBand EDR,",1/6/2024,361,Nvidia,47808,2.67,4.22,2294.598255,0,0.632701422,1,1434,2111,3545,0,1,85,3534
"Hypercluster - NVIDIA DGX-2, Xeon Platinum 8168 24C 2.7GHz, NVIDIA Tesla V100, Mellanox InfiniBand EDR,",1/11/2023,326,Nvidia,47808,2.67,4.22,2294.598255,0,0.632701422,1,1434,2111,3545,0,1,85,3534
"Hypercluster - NVIDIA DGX-2, Xeon Platinum 8168 24C 2.7GHz, NVIDIA Tesla V100, Mellanox InfiniBand EDR,",1/6/2023,289,Nvidia,47808,2.67,4.22,2294.598255,0,0.632701422,1,1434,2111,3545,0,1,85,3534
"Hypercluster - NVIDIA DGX-2, Xeon Platinum 8168 24C 2.7GHz, NVIDIA Tesla V100, Mellanox InfiniBand EDR,",1/11/2022,250,Nvidia,47808,2.67,4.22,2294.598255,0,0.632701422,1,1434,2111,3545,0,1,85,3534
"Hypercluster - NVIDIA DGX-2, Xeon Platinum 8168 24C 2.7GHz, NVIDIA Tesla V100, Mellanox InfiniBand EDR,",1/6/2022,225,Nvidia,47808,2.67,4.22,2294.598255,0,0.632701422,1,1434,2111,3545,0,1,85,3534
"Hypercluster - NVIDIA DGX-2, Xeon Platinum 8168 24C 2.7GHz, NVIDIA Tesla V100, Mellanox InfiniBand EDR,",1/11/2021,206,Nvidia,47808,2.67,4.22,2294.598255,0,0.632701422,1,1434,2111,3545,0,1,85,3534
"Hypercluster - NVIDIA DGX-2, Xeon Platinum 8168 24C 2.7GHz, NVIDIA Tesla V100, Mellanox InfiniBand EDR,",1/6/2021,169,Nvidia,47808,2.67,4.22,2294.598255,0,0.632701422,1,1434,2111,3545,0,1,85,3534
"Hypercluster - NVIDIA DGX-2, Xeon Platinum 8168 24C 2.7GHz, NVIDIA Tesla V100, Mellanox InfiniBand EDR,",1/11/2020,129,Nvidia,47808,2.67,4.22,2294.598255,0,0.632701422,1,1434,2111,3545,0,1,85,3534
"Hypercluster - NVIDIA DGX-2, Xeon Platinum 8168 24C 2.7GHz, NVIDIA Tesla V100, Mellanox InfiniBand EDR,",1/6/2020,108,Nvidia,47808,2.67,4.22,2294.598255,0,0.632701422,1,1434,2111,3545,0,1,85,3534
"Hypercluster - NVIDIA DGX-2, Xeon Platinum 8168 24C 2.7GHz, NVIDIA Tesla V100, Mellanox InfiniBand EDR,",1/11/2019,95,Nvidia,47808,2.67,4.22,2294.598255,0,0.632701422,1,1434,2111,3545,0,1,85,3534
"A14A - ThinkSystem C0366, Xeon Gold 6252 24C 2.1GHz, 100G Ethernet,",1/11/2025,474,Lenovo,78336,2.66,5.26,2294.598255,0,0.505703422,0,1434,2111,3545,0,1,85,3534
"A14A - ThinkSystem C0366, Xeon Gold 6252 24C 2.1GHz, 100G Ethernet,",1/6/2025,448,Lenovo,78336,2.66,5.26,2294.598255,0,0.505703422,0,1434,2111,3545,0,1,85,3534
"A14A - ThinkSystem C0366, Xeon Gold 6252 24C 2.1GHz, 100G Ethernet,",1/11/2024,405,Lenovo,78336,2.66,5.26,2294.598255,0,0.505703422,0,1434,2111,3545,0,1,85,3534
"A14A - ThinkSystem C0366, Xeon Gold 6252 24C 2.1GHz, 100G Ethernet,",1/6/2024,362,Lenovo,78336,2.66,5.26,2294.598255,0,0.505703422,0,1434,2111,3545,0,1,85,3534
"A14A - ThinkSystem C0366, Xeon Gold 6252 24C 2.1GHz, 100G Ethernet,",1/11/2023,327,Lenovo,78336,2.66,5.26,2294.598255,0,0.505703422,0,1434,2111,3545,0,1,85,3534
"A14A - ThinkSystem C0366, Xeon Gold 6252 24C 2.1GHz, 100G Ethernet,",1/6/2023,290,Lenovo,78336,2.66,5.26,2294.598255,0,0.505703422,0,1434,2111,3545,0,1,85,3534
"A14A - ThinkSystem C0366, Xeon Gold 6252 24C 2.1GHz, 100G Ethernet,",1/11/2022,251,Lenovo,78336,2.66,5.26,2294.598255,0,0.505703422,0,1434,2111,3545,0,1,85,3534
"A14A - ThinkSystem C0366, Xeon Gold 6252 24C 2.1GHz, 100G Ethernet,",1/6/2022,227,Lenovo,78336,2.66,5.26,2294.598255,0,0.505703422,0,1434,2111,3545,0,1,85,3534
"NO2 - ThinkSystem C0366, Xeon Gold 6252 24C 2.1GHz, 100G Ethernet,",1/11/2025,475,Lenovo,78336,2.66,5.26,2294.598255,0,0.505703422,0,1434,2111,3545,0,1,85,3534
"NO2 - ThinkSystem C0366, Xeon Gold 6252 24C 2.1GHz, 100G Ethernet,",1/6/2025,449,Lenovo,78336,2.66,5.26,2294.598255,0,0.505703422,0,1434,2111,3545,0,1,85,3534
"NO2 - ThinkSystem C0366, Xeon Gold 6252 24C 2.1GHz, 100G Ethernet,",1/11/2024,406,Lenovo,78336,2.66,5.26,2294.598255,0,0.505703422,0,1434,2111,3545,0,1,85,3534
"NO2 - ThinkSystem C0366, Xeon Gold 6252 24C 2.1GHz, 100G Ethernet,",1/6/2024,363,Lenovo,78336,2.66,5.26,2294.598255,0,0.505703422,0,1434,2111,3545,0,1,85,3534
"NO2 - ThinkSystem C0366, Xeon Gold 6252 24C 2.1GHz, 100G Ethernet,",1/11/2023,328,Lenovo,78336,2.66,5.26,2294.598255,0,0.505703422,0,1434,2111,3545,0,1,85,3534
"NO2 - ThinkSystem C0366, Xeon Gold 6252 24C 2.1GHz, 100G Ethernet,",1/6/2023,291,Lenovo,78336,2.66,5.26,2294.598255,0,0.505703422,0,1434,2111,3545,0,1,85,3534
"NO2 - ThinkSystem C0366, Xeon Gold 6252 24C 2.1GHz, 100G Ethernet,",1/11/2022,252,Lenovo,78336,2.66,5.26,2294.598255,0,0.505703422,0,1434,2111,3545,0,1,85,3534
"ZZ5 - ThinkSystem HR650X, Xeon Gold 6133 20C 2.5GHz, 10G Ethernet,",1/11/2025,476,Lenovo,64800,2.66,5.18,2294.598255,0,0.513513514,0,1434,2111,3545,0,1,85,3534
"ZZ5 - ThinkSystem HR650X, Xeon Gold 6133 20C 2.5GHz, 10G Ethernet,",1/6/2025,450,Lenovo,64800,2.66,5.18,2294.598255,0,0.513513514,0,1434,2111,3545,0,1,85,3534
"ZZ5 - ThinkSystem HR650X, Xeon Gold 6133 20C 2.5GHz, 10G Ethernet,",1/11/2024,407,Lenovo,64800,2.66,5.18,2294.598255,0,0.513513514,0,1434,2111,3545,0,1,85,3534
"ZZ5 - ThinkSystem HR650X, Xeon Gold 6133 20C 2.5GHz, 10G Ethernet,",1/6/2024,364,Lenovo,64800,2.66,5.18,2294.598255,0,0.513513514,0,1434,2111,3545,0,1,85,3534
"ZZ5 - ThinkSystem HR650X, Xeon Gold 6133 20C 2.5GHz, 10G Ethernet,",1/11/2023,329,Lenovo,64800,2.66,5.18,2294.598255,0,0.513513514,0,1434,2111,3545,0,1,85,3534
"ZZ5 - ThinkSystem HR650X, Xeon Gold 6133 20C 2.5GHz, 10G Ethernet,",1/6/2023,292,Lenovo,64800,2.66,5.18,2294.598255,0,0.513513514,0,1434,2111,3545,0,1,85,3534
"ZZ5 - ThinkSystem HR650X, Xeon Gold 6133 20C 2.5GHz, 10G Ethernet,",1/11/2022,253,Lenovo,64800,2.66,5.18,2294.598255,0,0.513513514,0,1434,2111,3545,0,1,85,3534
"ZZ5 - ThinkSystem HR650X, Xeon Gold 6133 20C 2.5GHz, 10G Ethernet,",1/6/2022,228,Lenovo,64800,2.66,5.18,2294.598255,0,0.513513514,0,1434,2111,3545,0,1,85,3534
"ZZ5 - ThinkSystem HR650X, Xeon Gold 6133 20C 2.5GHz, 10G Ethernet,",1/11/2021,207,Lenovo,64800,2.66,5.18,2294.598255,0,0.513513514,0,1434,2111,3545,0,1,85,3534
"ZZ5 - ThinkSystem HR650X, Xeon Gold 6133 20C 2.5GHz, 10G Ethernet,",1/6/2021,170,Lenovo,64800,2.66,5.18,2294.598255,0,0.513513514,0,1434,2111,3545,0,1,85,3534
"ZZ5 - ThinkSystem HR650X, Xeon Gold 6133 20C 2.5GHz, 10G Ethernet,",1/11/2020,130,Lenovo,64800,2.66,5.18,2294.598255,0,0.513513514,0,1434,2111,3545,0,1,85,3534
"ZZ6 - ThinkSystem HR650X, Xeon Gold 6233 24C 2.5GHz, 10G Ethernet,",1/11/2025,477,Lenovo,69120,2.65,5.53,2294.598255,0,0.47920434,0,1434,2111,3545,0,1,85,3534
"ZZ6 - ThinkSystem HR650X, Xeon Gold 6233 24C 2.5GHz, 10G Ethernet,",1/6/2025,451,Lenovo,69120,2.65,5.53,2294.598255,0,0.47920434,0,1434,2111,3545,0,1,85,3534
"ZZ6 - ThinkSystem HR650X, Xeon Gold 6233 24C 2.5GHz, 10G Ethernet,",1/11/2024,408,Lenovo,69120,2.65,5.53,2294.598255,0,0.47920434,0,1434,2111,3545,0,1,85,3534
"ZZ6 - ThinkSystem HR650X, Xeon Gold 6233 24C 2.5GHz, 10G Ethernet,",1/6/2024,365,Lenovo,69120,2.65,5.53,2294.598255,0,0.47920434,0,1434,2111,3545,0,1,85,3534
"ZZ6 - ThinkSystem HR650X, Xeon Gold 6233 24C 2.5GHz, 10G Ethernet,",1/11/2023,330,Lenovo,69120,2.65,5.53,2294.598255,0,0.47920434,0,1434,2111,3545,0,1,85,3534
"ZZ6 - ThinkSystem HR650X, Xeon Gold 6233 24C 2.5GHz, 10G Ethernet,",1/6/2023,293,Lenovo,69120,2.65,5.53,2294.598255,0,0.47920434,0,1434,2111,3545,0,1,85,3534
"ZZ6 - ThinkSystem HR650X, Xeon Gold 6233 24C 2.5GHz, 10G Ethernet,",1/11/2022,255,Lenovo,69120,2.65,5.53,2294.598255,0,0.47920434,0,1434,2111,3545,0,1,85,3534
"ZZ6 - ThinkSystem HR650X, Xeon Gold 6233 24C 2.5GHz, 10G Ethernet,",1/6/2022,229,Lenovo,69120,2.65,5.53,2294.598255,0,0.47920434,0,1434,2111,3545,0,1,85,3534
"ZZ6 - ThinkSystem HR650X, Xeon Gold 6233 24C 2.5GHz, 10G Ethernet,",1/11/2021,208,Lenovo,69120,2.65,5.53,2294.598255,0,0.47920434,0,1434,2111,3545,0,1,85,3534
"ZZ6 - ThinkSystem HR650X, Xeon Gold 6233 24C 2.5GHz, 10G Ethernet,",1/6/2021,171,Lenovo,69120,2.65,5.53,2294.598255,0,0.47920434,0,1434,2111,3545,0,1,85,3534
"ZZ6 - ThinkSystem HR650X, Xeon Gold 6233 24C 2.5GHz, 10G Ethernet,",1/11/2020,131,Lenovo,69120,2.65,5.53,2294.598255,0,0.47920434,0,1434,2111,3545,0,1,85,3534
"ThinkSystem SR590, Xeon Gold 5218 16C 2.3GHz, 10G Ethernet,",1/11/2025,478,Lenovo,128000,2.65,4.71,2294.598255,0,0.562632696,0,1434,2111,3545,0,1,85,3534
"ThinkSystem SR590, Xeon Gold 5218 16C 2.3GHz, 10G Ethernet,",1/6/2025,452,Lenovo,128000,2.65,4.71,2294.598255,0,0.562632696,0,1434,2111,3545,0,1,85,3534
"ThinkSystem SR590, Xeon Gold 5218 16C 2.3GHz, 10G Ethernet,",1/11/2024,409,Lenovo,128000,2.65,4.71,2294.598255,0,0.562632696,0,1434,2111,3545,0,1,85,3534
"ThinkSystem SR590, Xeon Gold 5218 16C 2.3GHz, 10G Ethernet,",1/6/2024,366,Lenovo,128000,2.65,4.71,2294.598255,0,0.562632696,0,1434,2111,3545,0,1,85,3534
"ThinkSystem SR590, Xeon Gold 5218 16C 2.3GHz, 10G Ethernet,",1/11/2023,331,Lenovo,128000,2.65,4.71,2294.598255,0,0.562632696,0,1434,2111,3545,0,1,85,3534
"ThinkSystem SR590, Xeon Gold 5218 16C 2.3GHz, 10G Ethernet,",1/6/2023,294,Lenovo,128000,2.65,4.71,2294.598255,0,0.562632696,0,1434,2111,3545,0,1,85,3534
"ThinkSystem SR590, Xeon Gold 5218 16C 2.3GHz, 10G Ethernet,",1/11/2022,256,Lenovo,128000,2.65,4.71,2294.598255,0,0.562632696,0,1434,2111,3545,0,1,85,3534
"ThinkSystem SR590, Xeon Gold 5218 16C 2.3GHz, 10G Ethernet,",1/6/2022,230,Lenovo,128000,2.65,4.71,2294.598255,0,0.562632696,0,1434,2111,3545,0,1,85,3534
"ThinkSystem SR590, Xeon Gold 5218 16C 2.3GHz, 10G Ethernet,",1/11/2021,209,Lenovo,128000,2.65,4.71,2294.598255,0,0.562632696,0,1434,2111,3545,0,1,85,3534
"ThinkSystem SR590, Xeon Gold 5218 16C 2.3GHz, 10G Ethernet,",1/6/2021,172,Lenovo,128000,2.65,4.71,2294.598255,0,0.562632696,0,1434,2111,3545,0,1,85,3534
"ThinkSystem SR590, Xeon Gold 5218 16C 2.3GHz, 10G Ethernet,",1/11/2020,132,Lenovo,128000,2.65,4.71,2294.598255,0,0.562632696,0,1434,2111,3545,0,1,85,3534
"ThinkSystem SR590, Xeon Gold 5218 16C 2.3GHz, 10G Ethernet,",1/6/2020,109,Lenovo,128000,2.65,4.71,2294.598255,0,0.562632696,0,1434,2111,3545,0,1,85,3534
"Grace - PowerEdge R640/R740/R840, Xeon Gold 6248R/6248R/6248, 24C 3.0GHz, InfiniBand HDR100,",1/11/2025,479,DELL,43200,2.64,4.83,2294.598255,0,0.546583851,0,1434,2111,3545,0,1,85,3534
"Grace - PowerEdge R640/R740/R840, Xeon Gold 6248R/6248R/6248, 24C 3.0GHz, InfiniBand HDR100,",1/6/2025,453,DELL,43200,2.64,4.83,2294.598255,0,0.546583851,0,1434,2111,3545,0,1,85,3534
"Grace - PowerEdge R640/R740/R840, Xeon Gold 6248R/6248R/6248, 24C 3.0GHz, InfiniBand HDR100,",1/11/2024,410,DELL,43200,2.64,4.83,2294.598255,0,0.546583851,0,1434,2111,3545,0,1,85,3534
"Grace - PowerEdge R640/R740/R840, Xeon Gold 6248R/6248R/6248, 24C 3.0GHz, InfiniBand HDR100,",1/6/2024,367,DELL,43200,2.64,4.83,2294.598255,0,0.546583851,0,1434,2111,3545,0,1,85,3534
"Grace - PowerEdge R640/R740/R840, Xeon Gold 6248R/6248R/6248, 24C 3.0GHz, InfiniBand HDR100,",1/11/2023,332,DELL,43200,2.64,4.83,2294.598255,0,0.546583851,0,1434,2111,3545,0,1,85,3534
"Grace - PowerEdge R640/R740/R840, Xeon Gold 6248R/6248R/6248, 24C 3.0GHz, InfiniBand HDR100,",1/6/2023,295,DELL,43200,2.64,4.83,2294.598255,0,0.546583851,0,1434,2111,3545,0,1,85,3534
"Grace - PowerEdge R640/R740/R840, Xeon Gold 6248R/6248R/6248, 24C 3.0GHz, InfiniBand HDR100,",1/11/2022,257,DELL,43200,2.64,4.83,2294.598255,0,0.546583851,0,1434,2111,3545,0,1,85,3534
"Grace - PowerEdge R640/R740/R840, Xeon Gold 6248R/6248R/6248, 24C 3.0GHz, InfiniBand HDR100,",1/6/2022,231,DELL,43200,2.64,4.83,2294.598255,0,0.546583851,0,1434,2111,3545,0,1,85,3534
"Grace - PowerEdge R640/R740/R840, Xeon Gold 6248R/6248R/6248, 24C 3.0GHz, InfiniBand HDR100,",1/11/2021,210,DELL,43200,2.64,4.83,2294.598255,0,0.546583851,0,1434,2111,3545,0,1,85,3534
"Grace - PowerEdge R640/R740/R840, Xeon Gold 6248R/6248R/6248, 24C 3.0GHz, InfiniBand HDR100,",1/6/2021,173,DELL,43200,2.64,4.83,2294.598255,0,0.546583851,0,1434,2111,3545,0,1,85,3534
"Grace - PowerEdge R640/R740/R840, Xeon Gold 6248R/6248R/6248, 24C 3.0GHz, InfiniBand HDR100,",1/11/2020,133,DELL,43200,2.64,4.83,2294.598255,0,0.546583851,0,1434,2111,3545,0,1,85,3534
"LLNL/NNSA CTS-1 Jade - Tundra Extreme Scale, Xeon E5-2695v4 18C 2.1GHz, Intel Omni-Path,",1/11/2025,480,Penguin Computing,95472,2.63,3.21,13620,0.000193098,0.819314642,0,1434,2111,3545,0,1,85,3534
"LLNL/NNSA CTS-1 Jade - Tundra Extreme Scale, Xeon E5-2695v4 18C 2.1GHz, Intel Omni-Path,",1/6/2025,454,Penguin Computing,95472,2.63,3.21,13620,0.000193098,0.819314642,0,1434,2111,3545,0,1,85,3534
"LLNL/NNSA CTS-1 Jade - Tundra Extreme Scale, Xeon E5-2695v4 18C 2.1GHz, Intel Omni-Path,",1/11/2024,411,Penguin Computing,95472,2.63,3.21,13620,0.000193098,0.819314642,0,1434,2111,3545,0,1,85,3534
"LLNL/NNSA CTS-1 Jade - Tundra Extreme Scale, Xeon E5-2695v4 18C 2.1GHz, Intel Omni-Path,",1/6/2024,368,Penguin Computing,95472,2.63,3.21,13620,0.000193098,0.819314642,0,1434,2111,3545,0,1,85,3534
"LLNL/NNSA CTS-1 Jade - Tundra Extreme Scale, Xeon E5-2695v4 18C 2.1GHz, Intel Omni-Path,",1/11/2023,333,Penguin Computing,95472,2.63,3.21,13620,0.000193098,0.819314642,0,1434,2111,3545,0,1,85,3534
"LLNL/NNSA CTS-1 Jade - Tundra Extreme Scale, Xeon E5-2695v4 18C 2.1GHz, Intel Omni-Path,",1/6/2023,296,Penguin Computing,95472,2.63,3.21,13620,0.000193098,0.819314642,0,1434,2111,3545,0,1,85,3534
"LLNL/NNSA CTS-1 Jade - Tundra Extreme Scale, Xeon E5-2695v4 18C 2.1GHz, Intel Omni-Path,",1/11/2022,258,Penguin Computing,95472,2.63,3.21,13620,0.000193098,0.819314642,0,1434,2111,3545,0,1,85,3534
"LLNL/NNSA CTS-1 Jade - Tundra Extreme Scale, Xeon E5-2695v4 18C 2.1GHz, Intel Omni-Path,",1/6/2022,232,Penguin Computing,95472,2.63,3.21,13620,0.000193098,0.819314642,0,1434,2111,3545,0,1,85,3534
"LLNL/NNSA CTS-1 Jade - Tundra Extreme Scale, Xeon E5-2695v4 18C 2.1GHz, Intel Omni-Path,",1/11/2021,211,Penguin Computing,95472,2.63,3.21,13620,0.000193098,0.819314642,0,1434,2111,3545,0,1,85,3534
"LLNL/NNSA CTS-1 Jade - Tundra Extreme Scale, Xeon E5-2695v4 18C 2.1GHz, Intel Omni-Path,",1/6/2021,174,Penguin Computing,95472,2.63,3.21,13620,0.000193098,0.819314642,0,1434,2111,3545,0,1,85,3534
"LLNL/NNSA CTS-1 Jade - Tundra Extreme Scale, Xeon E5-2695v4 18C 2.1GHz, Intel Omni-Path,",1/11/2020,134,Penguin Computing,95472,2.63,3.21,13620,0.000193098,0.819314642,0,1434,2111,3545,0,1,85,3534
"LLNL/NNSA CTS-1 Jade - Tundra Extreme Scale, Xeon E5-2695v4 18C 2.1GHz, Intel Omni-Path,",1/6/2020,110,Penguin Computing,95472,2.63,3.21,13620,0.000193098,0.819314642,0,1434,2111,3545,0,1,85,3534
"LLNL/NNSA CTS-1 Jade - Tundra Extreme Scale, Xeon E5-2695v4 18C 2.1GHz, Intel Omni-Path,",1/11/2019,96,Penguin Computing,95472,2.63,3.21,13620,0.000193098,0.819314642,0,1434,2111,3545,0,1,85,3534
"LLNL/NNSA CTS-1 Jade - Tundra Extreme Scale, Xeon E5-2695v4 18C 2.1GHz, Intel Omni-Path,",1/6/2019,83,Penguin Computing,95472,2.63,3.21,13620,0.000193098,0.819314642,0,1434,2111,3545,0,1,85,3534
"LLNL/NNSA CTS-1 Jade - Tundra Extreme Scale, Xeon E5-2695v4 18C 2.1GHz, Intel Omni-Path,",1/11/2018,70,Penguin Computing,95472,2.63,3.21,13620,0.000193098,0.819314642,0,1434,2111,3545,0,1,85,3534
"LLNL/NNSA CTS-1 Jade - Tundra Extreme Scale, Xeon E5-2695v4 18C 2.1GHz, Intel Omni-Path,",1/6/2018,63,Penguin Computing,95472,2.63,3.21,13620,0.000193098,0.819314642,0,1434,2111,3545,0,1,85,3534
"LLNL/NNSA CTS-1 Jade - Tundra Extreme Scale, Xeon E5-2695v4 18C 2.1GHz, Intel Omni-Path,",1/11/2017,50,Penguin Computing,95472,2.63,3.21,13620,0.000193098,0.819314642,0,1434,2111,3545,0,1,85,3534
"LLNL/NNSA CTS-1 Jade - Tundra Extreme Scale, Xeon E5-2695v4 18C 2.1GHz, Intel Omni-Path,",1/6/2017,46,Penguin Computing,95472,2.63,3.21,13620,0.000193098,0.819314642,0,1434,2111,3545,0,1,85,3534
"LLNL/NNSA CTS-1 Jade - Tundra Extreme Scale, Xeon E5-2695v4 18C 2.1GHz, Intel Omni-Path,",1/11/2016,42,Penguin Computing,95472,2.63,3.21,13620,0.000193098,0.819314642,0,1434,2111,3545,0,1,85,3534
"NEA1 - ThinkSystem SR630, Intel Xeon Gold 4214R 12C 2.4GHz, 10G Ethernet,",1/11/2025,481,Lenovo,144000,2.63,5.53,2294.598255,0,0.475587703,0,1434,2111,3545,0,1,85,3534
"NEA1 - ThinkSystem SR630, Intel Xeon Gold 4214R 12C 2.4GHz, 10G Ethernet,",1/6/2025,456,Lenovo,144000,2.63,5.53,2294.598255,0,0.475587703,0,1434,2111,3545,0,1,85,3534
"NEA1 - ThinkSystem SR630, Intel Xeon Gold 4214R 12C 2.4GHz, 10G Ethernet,",1/11/2024,413,Lenovo,144000,2.63,5.53,2294.598255,0,0.475587703,0,1434,2111,3545,0,1,85,3534
"NEA1 - ThinkSystem SR630, Intel Xeon Gold 4214R 12C 2.4GHz, 10G Ethernet,",1/6/2024,370,Lenovo,144000,2.63,5.53,2294.598255,0,0.475587703,0,1434,2111,3545,0,1,85,3534
"NEA1 - ThinkSystem SR630, Intel Xeon Gold 4214R 12C 2.4GHz, 10G Ethernet,",1/11/2023,335,Lenovo,144000,2.63,5.53,2294.598255,0,0.475587703,0,1434,2111,3545,0,1,85,3534
"NEA1 - ThinkSystem SR630, Intel Xeon Gold 4214R 12C 2.4GHz, 10G Ethernet,",1/6/2023,298,Lenovo,144000,2.63,5.53,2294.598255,0,0.475587703,0,1434,2111,3545,0,1,85,3534
"NEA1 - ThinkSystem SR630, Intel Xeon Gold 4214R 12C 2.4GHz, 10G Ethernet,",1/11/2022,260,Lenovo,144000,2.63,5.53,2294.598255,0,0.475587703,0,1434,2111,3545,0,1,85,3534
"FusionServer 2288H V8, Intel Xeon 6972P 96C 2.4GHz, Intel Omni-Path 100G, RHEL 9.4,",1/11/2025,482,xFusion,41472,2.62,3.19,2294.598255,0,0.821316614,0,1434,2111,3545,0,1,85,3534
"FusionServer 2288H V8, Intel Xeon 6972P 96C 2.4GHz, Intel Omni-Path 100G, RHEL 9.4,",1/6/2025,457,xFusion,41472,2.62,3.19,2294.598255,0,0.821316614,0,1434,2111,3545,0,1,85,3534
"Lenovo HR650x, Xeon Gold 6133 20C 2.5GHz, 25G Ethernet,",1/11/2025,483,Lenovo,64000,2.62,5.12,2294.598255,0,0.51171875,0,1434,2111,3545,0,1,85,3534
"Lenovo HR650x, Xeon Gold 6133 20C 2.5GHz, 25G Ethernet,",1/6/2025,458,Lenovo,64000,2.62,5.12,2294.598255,0,0.51171875,0,1434,2111,3545,0,1,85,3534
"Lenovo HR650x, Xeon Gold 6133 20C 2.5GHz, 25G Ethernet,",1/11/2024,414,Lenovo,64000,2.62,5.12,2294.598255,0,0.51171875,0,1434,2111,3545,0,1,85,3534
"Lenovo HR650x, Xeon Gold 6133 20C 2.5GHz, 25G Ethernet,",1/6/2024,371,Lenovo,64000,2.62,5.12,2294.598255,0,0.51171875,0,1434,2111,3545,0,1,85,3534
"Lenovo HR650x, Xeon Gold 6133 20C 2.5GHz, 25G Ethernet,",1/11/2023,336,Lenovo,64000,2.62,5.12,2294.598255,0,0.51171875,0,1434,2111,3545,0,1,85,3534
"Lenovo HR650x, Xeon Gold 6133 20C 2.5GHz, 25G Ethernet,",1/6/2023,299,Lenovo,64000,2.62,5.12,2294.598255,0,0.51171875,0,1434,2111,3545,0,1,85,3534
"Lenovo HR650x, Xeon Gold 6133 20C 2.5GHz, 25G Ethernet,",1/11/2022,261,Lenovo,64000,2.62,5.12,2294.598255,0,0.51171875,0,1434,2111,3545,0,1,85,3534
"Lenovo HR650x, Xeon Gold 6133 20C 2.5GHz, 25G Ethernet,",1/6/2022,234,Lenovo,64000,2.62,5.12,2294.598255,0,0.51171875,0,1434,2111,3545,0,1,85,3534
"Lenovo HR650x, Xeon Gold 6133 20C 2.5GHz, 25G Ethernet,",1/11/2021,213,Lenovo,64000,2.62,5.12,2294.598255,0,0.51171875,0,1434,2111,3545,0,1,85,3534
"Lenovo HR650x, Xeon Gold 6133 20C 2.5GHz, 25G Ethernet,",1/6/2021,176,Lenovo,64000,2.62,5.12,2294.598255,0,0.51171875,0,1434,2111,3545,0,1,85,3534
"Lenovo HR650x, Xeon Gold 6133 20C 2.5GHz, 25G Ethernet,",1/11/2020,136,Lenovo,64000,2.62,5.12,2294.598255,0,0.51171875,0,1434,2111,3545,0,1,85,3534
"Lenovo HR650x, Xeon Gold 6133 20C 2.5GHz, 25G Ethernet,",1/6/2020,112,Lenovo,64000,2.62,5.12,2294.598255,0,0.51171875,0,1434,2111,3545,0,1,85,3534
"Lenovo HR650x, Xeon Gold 6133 20C 2.5GHz, 25G Ethernet,",1/11/2019,98,Lenovo,64000,2.62,5.12,2294.598255,0,0.51171875,0,1434,2111,3545,0,1,85,3534
"Sol - PowerEdge XE8545, AMD EPYC 7413 24C 2.65GHz, NVIDIA A100 SXM4 80 GB, MT28908 ConnectX-6 200 Gib/s, Rocky Linux 8,",1/11/2025,484,DELL,28800,2.62,3.75,76.29,0.03434264,0.698666667,1,1434,2111,3545,0,1,85,3534
"Sol - PowerEdge XE8545, AMD EPYC 7413 24C 2.65GHz, NVIDIA A100 SXM4 80 GB, MT28908 ConnectX-6 200 Gib/s, Rocky Linux 8,",1/6/2025,480,DELL,41856,2.55,4.09,173.4,0.014705882,0.623471883,1,1434,2111,3545,0,1,85,3534
"Sol - PowerEdge XE8545, AMD EPYC 7413 24C 2.65GHz, NVIDIA A100 SXM4 80 GB, MT28908 ConnectX-6 200 Gib/s, Rocky Linux 8,",1/11/2024,436,DELL,41856,2.55,4.09,173.4,0.014705882,0.623471883,1,1434,2111,3545,0,1,85,3534
"Sol - PowerEdge XE8545, AMD EPYC 7413 24C 2.65GHz, NVIDIA A100 SXM4 80 GB, MT28908 ConnectX-6 200 Gib/s, Rocky Linux 8,",1/6/2024,415,DELL,41856,2.42,3.51,2294.598255,0,0.689458689,1,1434,2111,3545,0,1,85,3534
"Sol - PowerEdge XE8545, AMD EPYC 7413 24C 2.65GHz, NVIDIA A100 SXM4 80 GB, MT28908 ConnectX-6 200 Gib/s, Rocky Linux 8,",1/11/2023,377,DELL,41856,2.42,3.51,2294.598255,0,0.689458689,1,1434,2111,3545,0,1,85,3534
"Inspur TS10000, Xeon Gold 6258R 28C 2.7GHz, InfiniBand HDR100,",1/11/2025,485,Inspur,50400,2.61,4.35,2294.598255,0,0.6,0,1434,2111,3545,0,1,85,3534
"Inspur TS10000, Xeon Gold 6258R 28C 2.7GHz, InfiniBand HDR100,",1/6/2025,459,Inspur,50400,2.61,4.35,2294.598255,0,0.6,0,1434,2111,3545,0,1,85,3534
"Inspur TS10000, Xeon Gold 6258R 28C 2.7GHz, InfiniBand HDR100,",1/11/2024,415,Inspur,50400,2.61,4.35,2294.598255,0,0.6,0,1434,2111,3545,0,1,85,3534
"Inspur TS10000, Xeon Gold 6258R 28C 2.7GHz, InfiniBand HDR100,",1/6/2024,372,Inspur,50400,2.61,4.35,2294.598255,0,0.6,0,1434,2111,3545,0,1,85,3534
"Inspur TS10000, Xeon Gold 6258R 28C 2.7GHz, InfiniBand HDR100,",1/11/2023,337,Inspur,50400,2.61,4.35,2294.598255,0,0.6,0,1434,2111,3545,0,1,85,3534
"Inspur TS10000, Xeon Gold 6258R 28C 2.7GHz, InfiniBand HDR100,",1/6/2023,300,Inspur,50400,2.61,4.35,2294.598255,0,0.6,0,1434,2111,3545,0,1,85,3534
"Inspur TS10000, Xeon Gold 6258R 28C 2.7GHz, InfiniBand HDR100,",1/11/2022,262,Inspur,50400,2.61,4.35,2294.598255,0,0.6,0,1434,2111,3545,0,1,85,3534
"Inspur TS10000, Xeon Gold 6258R 28C 2.7GHz, InfiniBand HDR100,",1/6/2022,235,Inspur,50400,2.61,4.35,2294.598255,0,0.6,0,1434,2111,3545,0,1,85,3534
"Inspur TS10000, Xeon Gold 6258R 28C 2.7GHz, InfiniBand HDR100,",1/11/2021,215,Inspur,50400,2.61,4.35,2294.598255,0,0.6,0,1434,2111,3545,0,1,85,3534
"Inspur TS10000, Xeon Gold 6258R 28C 2.7GHz, InfiniBand HDR100,",1/6/2021,177,Inspur,50400,2.61,4.35,2294.598255,0,0.6,0,1434,2111,3545,0,1,85,3534
"Inspur TS10000, Xeon Gold 6258R 28C 2.7GHz, InfiniBand HDR100,",1/11/2020,137,Inspur,50400,2.61,4.35,2294.598255,0,0.6,0,1434,2111,3545,0,1,85,3534
"Inspur TS10000, Xeon Gold 6258R 28C 2.7GHz, InfiniBand HDR100,",1/6/2020,113,Inspur,50400,2.61,4.35,2294.598255,0,0.6,0,1434,2111,3545,0,1,85,3534
"A7A - ThinkSystem C0366, Xeon Gold 6252 24C 2.1GHz, 100G Ethernet,",1/11/2025,486,Lenovo,76800,2.61,5.16,2294.598255,0,0.505813953,0,1434,2111,3545,0,1,85,3534
"A7A - ThinkSystem C0366, Xeon Gold 6252 24C 2.1GHz, 100G Ethernet,",1/6/2025,460,Lenovo,76800,2.61,5.16,2294.598255,0,0.505813953,0,1434,2111,3545,0,1,85,3534
"A7A - ThinkSystem C0366, Xeon Gold 6252 24C 2.1GHz, 100G Ethernet,",1/11/2024,416,Lenovo,76800,2.61,5.16,2294.598255,0,0.505813953,0,1434,2111,3545,0,1,85,3534
"A7A - ThinkSystem C0366, Xeon Gold 6252 24C 2.1GHz, 100G Ethernet,",1/6/2024,373,Lenovo,76800,2.61,5.16,2294.598255,0,0.505813953,0,1434,2111,3545,0,1,85,3534
"A7A - ThinkSystem C0366, Xeon Gold 6252 24C 2.1GHz, 100G Ethernet,",1/11/2023,338,Lenovo,76800,2.61,5.16,2294.598255,0,0.505813953,0,1434,2111,3545,0,1,85,3534
"A7A - ThinkSystem C0366, Xeon Gold 6252 24C 2.1GHz, 100G Ethernet,",1/6/2023,301,Lenovo,76800,2.61,5.16,2294.598255,0,0.505813953,0,1434,2111,3545,0,1,85,3534
"A7A - ThinkSystem C0366, Xeon Gold 6252 24C 2.1GHz, 100G Ethernet,",1/11/2022,263,Lenovo,76800,2.61,5.16,2294.598255,0,0.505813953,0,1434,2111,3545,0,1,85,3534
"A7A - ThinkSystem C0366, Xeon Gold 6252 24C 2.1GHz, 100G Ethernet,",1/6/2022,236,Lenovo,76800,2.61,5.16,2294.598255,0,0.505813953,0,1434,2111,3545,0,1,85,3534
"A7A - ThinkSystem C0366, Xeon Gold 6252 24C 2.1GHz, 100G Ethernet,",1/11/2021,216,Lenovo,76800,2.61,5.16,2294.598255,0,0.505813953,0,1434,2111,3545,0,1,85,3534
"A7A - ThinkSystem C0366, Xeon Gold 6252 24C 2.1GHz, 100G Ethernet,",1/11/2025,487,Lenovo,76800,2.61,5.16,2294.598255,0,0.505813953,0,1434,2111,3545,0,1,85,3534
"A7A - ThinkSystem C0366, Xeon Gold 6252 24C 2.1GHz, 100G Ethernet,",1/6/2025,461,Lenovo,76800,2.61,5.16,2294.598255,0,0.505813953,0,1434,2111,3545,0,1,85,3534
"A7A - ThinkSystem C0366, Xeon Gold 6252 24C 2.1GHz, 100G Ethernet,",1/11/2024,417,Lenovo,76800,2.61,5.16,2294.598255,0,0.505813953,0,1434,2111,3545,0,1,85,3534
"A7A - ThinkSystem C0366, Xeon Gold 6252 24C 2.1GHz, 100G Ethernet,",1/6/2024,374,Lenovo,76800,2.61,5.16,2294.598255,0,0.505813953,0,1434,2111,3545,0,1,85,3534
"A7A - ThinkSystem C0366, Xeon Gold 6252 24C 2.1GHz, 100G Ethernet,",1/11/2023,339,Lenovo,76800,2.61,5.16,2294.598255,0,0.505813953,0,1434,2111,3545,0,1,85,3534
"A7A - ThinkSystem C0366, Xeon Gold 6252 24C 2.1GHz, 100G Ethernet,",1/6/2023,302,Lenovo,76800,2.61,5.16,2294.598255,0,0.505813953,0,1434,2111,3545,0,1,85,3534
"A7A - ThinkSystem C0366, Xeon Gold 6252 24C 2.1GHz, 100G Ethernet,",1/11/2022,264,Lenovo,76800,2.61,5.16,2294.598255,0,0.505813953,0,1434,2111,3545,0,1,85,3534
"A7A - ThinkSystem C0366, Xeon Gold 6252 24C 2.1GHz, 100G Ethernet,",1/6/2022,237,Lenovo,76800,2.61,5.16,2294.598255,0,0.505813953,0,1434,2111,3545,0,1,85,3534
"A7A - ThinkSystem C0366, Xeon Gold 6252 24C 2.1GHz, 100G Ethernet,",1/11/2021,217,Lenovo,76800,2.61,5.16,2294.598255,0,0.505813953,0,1434,2111,3545,0,1,85,3534
"A1B - ThinkSystem C0366, Xeon Gold 6252 24C 2.1GHz, 100G Ethernet,",1/11/2025,488,Lenovo,76800,2.61,5.16,2294.598255,0,0.505813953,0,1434,2111,3545,0,1,85,3534
"A1B - ThinkSystem C0366, Xeon Gold 6252 24C 2.1GHz, 100G Ethernet,",1/6/2025,462,Lenovo,76800,2.61,5.16,2294.598255,0,0.505813953,0,1434,2111,3545,0,1,85,3534
"A1B - ThinkSystem C0366, Xeon Gold 6252 24C 2.1GHz, 100G Ethernet,",1/11/2024,418,Lenovo,76800,2.61,5.16,2294.598255,0,0.505813953,0,1434,2111,3545,0,1,85,3534
"A1B - ThinkSystem C0366, Xeon Gold 6252 24C 2.1GHz, 100G Ethernet,",1/6/2024,375,Lenovo,76800,2.61,5.16,2294.598255,0,0.505813953,0,1434,2111,3545,0,1,85,3534
"A1B - ThinkSystem C0366, Xeon Gold 6252 24C 2.1GHz, 100G Ethernet,",1/11/2023,340,Lenovo,76800,2.61,5.16,2294.598255,0,0.505813953,0,1434,2111,3545,0,1,85,3534
"A1B - ThinkSystem C0366, Xeon Gold 6252 24C 2.1GHz, 100G Ethernet,",1/6/2023,303,Lenovo,76800,2.61,5.16,2294.598255,0,0.505813953,0,1434,2111,3545,0,1,85,3534
"A1B - ThinkSystem C0366, Xeon Gold 6252 24C 2.1GHz, 100G Ethernet,",1/11/2022,265,Lenovo,76800,2.61,5.16,2294.598255,0,0.505813953,0,1434,2111,3545,0,1,85,3534
"A1B - ThinkSystem C0366, Xeon Gold 6252 24C 2.1GHz, 100G Ethernet,",1/6/2022,238,Lenovo,76800,2.61,5.16,2294.598255,0,0.505813953,0,1434,2111,3545,0,1,85,3534
"A1B - ThinkSystem C0366, Xeon Gold 6252 24C 2.1GHz, 100G Ethernet,",1/11/2021,218,Lenovo,76800,2.61,5.16,2294.598255,0,0.505813953,0,1434,2111,3545,0,1,85,3534
"NO1 - ThinkSystem C0366, Xeon Gold 6252 24C 2.1GHz, 100G Ethernet,",1/11/2025,489,Lenovo,76800,2.61,5.16,2294.598255,0,0.505813953,0,1434,2111,3545,0,1,85,3534
"NO1 - ThinkSystem C0366, Xeon Gold 6252 24C 2.1GHz, 100G Ethernet,",1/6/2025,463,Lenovo,76800,2.61,5.16,2294.598255,0,0.505813953,0,1434,2111,3545,0,1,85,3534
"NO1 - ThinkSystem C0366, Xeon Gold 6252 24C 2.1GHz, 100G Ethernet,",1/11/2024,419,Lenovo,76800,2.61,5.16,2294.598255,0,0.505813953,0,1434,2111,3545,0,1,85,3534
"NO1 - ThinkSystem C0366, Xeon Gold 6252 24C 2.1GHz, 100G Ethernet,",1/6/2024,376,Lenovo,76800,2.61,5.16,2294.598255,0,0.505813953,0,1434,2111,3545,0,1,85,3534
"NO1 - ThinkSystem C0366, Xeon Gold 6252 24C 2.1GHz, 100G Ethernet,",1/11/2023,341,Lenovo,76800,2.61,5.16,2294.598255,0,0.505813953,0,1434,2111,3545,0,1,85,3534
"NO1 - ThinkSystem C0366, Xeon Gold 6252 24C 2.1GHz, 100G Ethernet,",1/6/2023,304,Lenovo,76800,2.61,5.16,2294.598255,0,0.505813953,0,1434,2111,3545,0,1,85,3534
"NO1 - ThinkSystem C0366, Xeon Gold 6252 24C 2.1GHz, 100G Ethernet,",1/11/2022,266,Lenovo,76800,2.61,5.16,2294.598255,0,0.505813953,0,1434,2111,3545,0,1,85,3534
"ThinkSystem HR650X, Xeon Gold 6233 24C 2.5GHz, 10G Ethernet,",1/11/2025,490,Lenovo,68160,2.61,5.45,2294.598255,0,0.478899083,0,1434,2111,3545,0,1,85,3534
"ThinkSystem HR650X, Xeon Gold 6233 24C 2.5GHz, 10G Ethernet,",1/6/2025,464,Lenovo,68160,2.61,5.45,2294.598255,0,0.478899083,0,1434,2111,3545,0,1,85,3534
"ThinkSystem HR650X, Xeon Gold 6233 24C 2.5GHz, 10G Ethernet,",1/11/2024,420,Lenovo,68160,2.61,5.45,2294.598255,0,0.478899083,0,1434,2111,3545,0,1,85,3534
"ThinkSystem HR650X, Xeon Gold 6233 24C 2.5GHz, 10G Ethernet,",1/6/2024,377,Lenovo,68160,2.61,5.45,2294.598255,0,0.478899083,0,1434,2111,3545,0,1,85,3534
"ThinkSystem HR650X, Xeon Gold 6233 24C 2.5GHz, 10G Ethernet,",1/11/2023,342,Lenovo,68160,2.61,5.45,2294.598255,0,0.478899083,0,1434,2111,3545,0,1,85,3534
"ThinkSystem HR650X, Xeon Gold 6233 24C 2.5GHz, 10G Ethernet,",1/6/2023,305,Lenovo,68160,2.61,5.45,2294.598255,0,0.478899083,0,1434,2111,3545,0,1,85,3534
"ThinkSystem HR650X, Xeon Gold 6233 24C 2.5GHz, 10G Ethernet,",1/11/2022,267,Lenovo,68160,2.61,5.45,2294.598255,0,0.478899083,0,1434,2111,3545,0,1,85,3534
"ThinkSystem HR650X, Xeon Gold 6233 24C 2.5GHz, 10G Ethernet,",1/6/2022,239,Lenovo,68160,2.61,5.45,2294.598255,0,0.478899083,0,1434,2111,3545,0,1,85,3534
"ThinkSystem HR650X, Xeon Gold 6233 24C 2.5GHz, 10G Ethernet,",1/11/2021,219,Lenovo,68160,2.61,5.45,2294.598255,0,0.478899083,0,1434,2111,3545,0,1,85,3534
"ThinkSystem HR650X, Xeon Gold 6233 24C 2.5GHz, 10G Ethernet,",1/6/2021,178,Lenovo,68160,2.61,5.45,2294.598255,0,0.478899083,0,1434,2111,3545,0,1,85,3534
"Cedar (CPU) - PowerEdge C6420, Xeon Platinum 8160 24C 2.1GHz, Intel Omni-Path,",1/11/2025,491,DELL,67584,2.61,4.9,792,0.003295455,0.532653061,0,1434,2111,3545,0,1,85,3534
"Cedar (CPU) - PowerEdge C6420, Xeon Platinum 8160 24C 2.1GHz, Intel Omni-Path,",1/6/2025,465,DELL,67584,2.61,4.9,792,0.003295455,0.532653061,0,1434,2111,3545,0,1,85,3534
"Cedar (CPU) - PowerEdge C6420, Xeon Platinum 8160 24C 2.1GHz, Intel Omni-Path,",1/11/2024,421,DELL,67584,2.61,4.9,792,0.003295455,0.532653061,0,1434,2111,3545,0,1,85,3534
"Cedar (CPU) - PowerEdge C6420, Xeon Platinum 8160 24C 2.1GHz, Intel Omni-Path,",1/6/2024,378,DELL,67584,2.61,4.9,792,0.003295455,0.532653061,0,1434,2111,3545,0,1,85,3534
"Cedar (CPU) - PowerEdge C6420, Xeon Platinum 8160 24C 2.1GHz, Intel Omni-Path,",1/11/2023,343,DELL,67584,2.61,4.9,792,0.003295455,0.532653061,0,1434,2111,3545,0,1,85,3534
"Cedar (CPU) - PowerEdge C6420, Xeon Platinum 8160 24C 2.1GHz, Intel Omni-Path,",1/6/2023,306,DELL,67584,2.61,4.9,792,0.003295455,0.532653061,0,1434,2111,3545,0,1,85,3534
"Cedar (CPU) - PowerEdge C6420, Xeon Platinum 8160 24C 2.1GHz, Intel Omni-Path,",1/11/2022,268,DELL,67584,2.61,4.9,792,0.003295455,0.532653061,0,1434,2111,3545,0,1,85,3534
"Cedar (CPU) - PowerEdge C6420, Xeon Platinum 8160 24C 2.1GHz, Intel Omni-Path,",1/6/2022,240,DELL,67584,2.61,4.9,792,0.003295455,0.532653061,0,1434,2111,3545,0,1,85,3534
"Cedar (CPU) - PowerEdge C6420, Xeon Platinum 8160 24C 2.1GHz, Intel Omni-Path,",1/11/2021,220,DELL,67584,2.61,4.9,792,0.003295455,0.532653061,0,1434,2111,3545,0,1,85,3534
"Cedar (CPU) - PowerEdge C6420, Xeon Platinum 8160 24C 2.1GHz, Intel Omni-Path,",1/6/2021,179,DELL,67584,2.61,4.9,792,0.003295455,0.532653061,0,1434,2111,3545,0,1,85,3534
"Cedar (CPU) - PowerEdge C6420, Xeon Platinum 8160 24C 2.1GHz, Intel Omni-Path,",1/11/2020,138,DELL,67584,2.61,4.9,792,0.003295455,0.532653061,0,1434,2111,3545,0,1,85,3534
"Cedar (CPU) - PowerEdge C6420, Xeon Platinum 8160 24C 2.1GHz, Intel Omni-Path,",1/6/2020,114,DELL,67584,2.61,4.9,792,0.003295455,0.532653061,0,1434,2111,3545,0,1,85,3534
"Daley - Cray XC50, Xeon Gold 6148 20C 2.4GHz, Aries interconnect,",1/11/2025,492,Cray/HPE,53200,2.6,4.09,2294.598255,0,0.635696822,0,1434,2111,3545,0,1,85,3534
"Daley - Cray XC50, Xeon Gold 6148 20C 2.4GHz, Aries interconnect,",1/6/2025,466,Cray/HPE,53200,2.6,4.09,2294.598255,0,0.635696822,0,1434,2111,3545,0,1,85,3534
"Daley - Cray XC50, Xeon Gold 6148 20C 2.4GHz, Aries interconnect,",1/11/2024,422,Cray/HPE,53200,2.6,4.09,2294.598255,0,0.635696822,0,1434,2111,3545,0,1,85,3534
"Daley - Cray XC50, Xeon Gold 6148 20C 2.4GHz, Aries interconnect,",1/6/2024,379,Cray/HPE,53200,2.6,4.09,2294.598255,0,0.635696822,0,1434,2111,3545,0,1,85,3534
"Daley - Cray XC50, Xeon Gold 6148 20C 2.4GHz, Aries interconnect,",1/11/2023,344,Cray/HPE,53200,2.6,4.09,2294.598255,0,0.635696822,0,1434,2111,3545,0,1,85,3534
"Daley - Cray XC50, Xeon Gold 6148 20C 2.4GHz, Aries interconnect,",1/6/2023,307,Cray/HPE,53200,2.6,4.09,2294.598255,0,0.635696822,0,1434,2111,3545,0,1,85,3534
"Daley - Cray XC50, Xeon Gold 6148 20C 2.4GHz, Aries interconnect,",1/11/2022,269,Cray/HPE,53200,2.6,4.09,2294.598255,0,0.635696822,0,1434,2111,3545,0,1,85,3534
"Daley - Cray XC50, Xeon Gold 6148 20C 2.4GHz, Aries interconnect,",1/6/2022,241,Cray/HPE,53200,2.6,4.09,2294.598255,0,0.635696822,0,1434,2111,3545,0,1,85,3534
"Daley - Cray XC50, Xeon Gold 6148 20C 2.4GHz, Aries interconnect,",1/11/2021,221,Cray/HPE,53200,2.6,4.09,2294.598255,0,0.635696822,0,1434,2111,3545,0,1,85,3534
"Daley - Cray XC50, Xeon Gold 6148 20C 2.4GHz, Aries interconnect,",1/6/2021,180,Cray/HPE,53200,2.6,4.09,2294.598255,0,0.635696822,0,1434,2111,3545,0,1,85,3534
"Daley - Cray XC50, Xeon Gold 6148 20C 2.4GHz, Aries interconnect,",1/11/2020,139,Cray/HPE,53200,2.6,4.09,2294.598255,0,0.635696822,0,1434,2111,3545,0,1,85,3534
"Daley - Cray XC50, Xeon Gold 6148 20C 2.4GHz, Aries interconnect,",1/6/2020,115,Cray/HPE,53200,2.6,4.09,2294.598255,0,0.635696822,0,1434,2111,3545,0,1,85,3534
"AlphaCentauri - NEC HPC 22S8Ri-4, EPYC 7352 24C 2.3GHz, NVIDIA A100 SXM4 40 GB, Infiniband HDR200,",1/11/2025,493,NEC,31008,2.59,5.36,163.65,0.015826459,0.483208955,1,1434,2111,3545,0,1,85,3534
"AlphaCentauri - NEC HPC 22S8Ri-4, EPYC 7352 24C 2.3GHz, NVIDIA A100 SXM4 40 GB, Infiniband HDR200,",1/6/2025,467,NEC,31008,2.59,5.36,163.65,0.015826459,0.483208955,1,1434,2111,3545,0,1,85,3534
"AlphaCentauri - NEC HPC 22S8Ri-4, EPYC 7352 24C 2.3GHz, NVIDIA A100 SXM4 40 GB, Infiniband HDR200,",1/11/2024,423,NEC,31008,2.59,5.36,163.65,0.015826459,0.483208955,1,1434,2111,3545,0,1,85,3534
"AlphaCentauri - NEC HPC 22S8Ri-4, EPYC 7352 24C 2.3GHz, NVIDIA A100 SXM4 40 GB, Infiniband HDR200,",1/6/2024,380,NEC,31008,2.59,5.36,163.65,0.015826459,0.483208955,1,1434,2111,3545,0,1,85,3534
"AlphaCentauri - NEC HPC 22S8Ri-4, EPYC 7352 24C 2.3GHz, NVIDIA A100 SXM4 40 GB, Infiniband HDR200,",1/11/2023,345,NEC,31008,2.59,5.36,163.65,0.015826459,0.483208955,1,1434,2111,3545,0,1,85,3534
"AlphaCentauri - NEC HPC 22S8Ri-4, EPYC 7352 24C 2.3GHz, NVIDIA A100 SXM4 40 GB, Infiniband HDR200,",1/6/2023,308,NEC,31008,2.59,5.36,163.65,0.015826459,0.483208955,1,1434,2111,3545,0,1,85,3534
"AlphaCentauri - NEC HPC 22S8Ri-4, EPYC 7352 24C 2.3GHz, NVIDIA A100 SXM4 40 GB, Infiniband HDR200,",1/11/2022,270,NEC,31008,2.59,5.36,163.65,0.015826459,0.483208955,1,1434,2111,3545,0,1,85,3534
"AlphaCentauri - NEC HPC 22S8Ri-4, EPYC 7352 24C 2.3GHz, NVIDIA A100 SXM4 40 GB, Infiniband HDR200,",1/6/2022,242,NEC,31008,2.59,5.36,163.65,0.015826459,0.483208955,1,1434,2111,3545,0,1,85,3534
"AlphaCentauri - NEC HPC 22S8Ri-4, EPYC 7352 24C 2.3GHz, NVIDIA A100 SXM4 40 GB, Infiniband HDR200,",1/11/2021,222,NEC,31008,2.59,5.36,163.65,0.015826459,0.483208955,1,1434,2111,3545,0,1,85,3534
"AlphaCentauri - NEC HPC 22S8Ri-4, EPYC 7352 24C 2.3GHz, NVIDIA A100 SXM4 40 GB, Infiniband HDR200,",1/6/2021,181,NEC,31008,2.59,5.36,163.65,0.015826459,0.483208955,1,1434,2111,3545,0,1,85,3534
"HPC3 - Lenovo NeXtScale nx360M5, Xeon E5-2697v4 18C 2.3GHz, Infiniband EDR, NVIDIA Tesla K80,",1/11/2025,494,Lenovo,66000,2.59,3.8,2294.598255,0,0.681578947,1,1434,2111,3545,0,1,85,3534
"HPC3 - Lenovo NeXtScale nx360M5, Xeon E5-2697v4 18C 2.3GHz, Infiniband EDR, NVIDIA Tesla K80,",1/6/2025,468,Lenovo,66000,2.59,3.8,2294.598255,0,0.681578947,1,1434,2111,3545,0,1,85,3534
"HPC3 - Lenovo NeXtScale nx360M5, Xeon E5-2697v4 18C 2.3GHz, Infiniband EDR, NVIDIA Tesla K80,",1/11/2024,424,Lenovo,66000,2.59,3.8,2294.598255,0,0.681578947,1,1434,2111,3545,0,1,85,3534
"HPC3 - Lenovo NeXtScale nx360M5, Xeon E5-2697v4 18C 2.3GHz, Infiniband EDR, NVIDIA Tesla K80,",1/6/2024,381,Lenovo,66000,2.59,3.8,2294.598255,0,0.681578947,1,1434,2111,3545,0,1,85,3534
"HPC3 - Lenovo NeXtScale nx360M5, Xeon E5-2697v4 18C 2.3GHz, Infiniband EDR, NVIDIA Tesla K80,",1/11/2023,346,Lenovo,66000,2.59,3.8,2294.598255,0,0.681578947,1,1434,2111,3545,0,1,85,3534
"HPC3 - Lenovo NeXtScale nx360M5, Xeon E5-2697v4 18C 2.3GHz, Infiniband EDR, NVIDIA Tesla K80,",1/6/2023,309,Lenovo,66000,2.59,3.8,2294.598255,0,0.681578947,1,1434,2111,3545,0,1,85,3534
"HPC3 - Lenovo NeXtScale nx360M5, Xeon E5-2697v4 18C 2.3GHz, Infiniband EDR, NVIDIA Tesla K80,",1/11/2022,271,Lenovo,66000,2.59,3.8,2294.598255,0,0.681578947,1,1434,2111,3545,0,1,85,3534
"HPC3 - Lenovo NeXtScale nx360M5, Xeon E5-2697v4 18C 2.3GHz, Infiniband EDR, NVIDIA Tesla K80,",1/6/2022,243,Lenovo,66000,2.59,3.8,2294.598255,0,0.681578947,1,1434,2111,3545,0,1,85,3534
"HPC3 - Lenovo NeXtScale nx360M5, Xeon E5-2697v4 18C 2.3GHz, Infiniband EDR, NVIDIA Tesla K80,",1/11/2021,223,Lenovo,66000,2.59,3.8,2294.598255,0,0.681578947,1,1434,2111,3545,0,1,85,3534
"HPC3 - Lenovo NeXtScale nx360M5, Xeon E5-2697v4 18C 2.3GHz, Infiniband EDR, NVIDIA Tesla K80,",1/6/2021,182,Lenovo,66000,2.59,3.8,2294.598255,0,0.681578947,1,1434,2111,3545,0,1,85,3534
"HPC3 - Lenovo NeXtScale nx360M5, Xeon E5-2697v4 18C 2.3GHz, Infiniband EDR, NVIDIA Tesla K80,",1/11/2020,141,Lenovo,66000,2.59,3.8,2294.598255,0,0.681578947,1,1434,2111,3545,0,1,85,3534
"HPC3 - Lenovo NeXtScale nx360M5, Xeon E5-2697v4 18C 2.3GHz, Infiniband EDR, NVIDIA Tesla K80,",1/6/2020,116,Lenovo,66000,2.59,3.8,2294.598255,0,0.681578947,1,1434,2111,3545,0,1,85,3534
"HPC3 - Lenovo NeXtScale nx360M5, Xeon E5-2697v4 18C 2.3GHz, Infiniband EDR, NVIDIA Tesla K80,",1/11/2019,99,Lenovo,66000,2.59,3.8,2294.598255,0,0.681578947,1,1434,2111,3545,0,1,85,3534
"HPC3 - Lenovo NeXtScale nx360M5, Xeon E5-2697v4 18C 2.3GHz, Infiniband EDR, NVIDIA Tesla K80,",1/6/2019,85,Lenovo,66000,2.59,3.8,2294.598255,0,0.681578947,1,1434,2111,3545,0,1,85,3534
"HPC3 - Lenovo NeXtScale nx360M5, Xeon E5-2697v4 18C 2.3GHz, Infiniband EDR, NVIDIA Tesla K80,",1/11/2018,72,Lenovo,66000,2.59,3.8,2294.598255,0,0.681578947,1,1434,2111,3545,0,1,85,3534
"HPC3 - Lenovo NeXtScale nx360M5, Xeon E5-2697v4 18C 2.3GHz, Infiniband EDR, NVIDIA Tesla K80,",1/6/2018,65,Lenovo,66000,2.59,3.8,2294.598255,0,0.681578947,1,1434,2111,3545,0,1,85,3534
"HPC3 - Lenovo NeXtScale nx360M5, Xeon E5-2697v4 18C 2.3GHz, Infiniband EDR, NVIDIA Tesla K80,",1/11/2017,52,Lenovo,66000,2.59,3.8,2294.598255,0,0.681578947,1,1434,2111,3545,0,1,85,3534
"HPC3 - Lenovo NeXtScale nx360M5, Xeon E5-2697v4 18C 2.3GHz, Infiniband EDR, NVIDIA Tesla K80,",1/6/2017,48,Lenovo,66000,2.59,3.8,2294.598255,0,0.681578947,1,1434,2111,3545,0,1,85,3534
"ThinkSystem SR650, Xeon Gold 6248 20C 2.5GHz, 25G Ethernet,",1/11/2025,495,Lenovo,62400,2.59,4.99,2294.598255,0,0.519038076,0,1434,2111,3545,0,1,85,3534
"ThinkSystem SR650, Xeon Gold 6248 20C 2.5GHz, 25G Ethernet,",1/6/2025,469,Lenovo,62400,2.59,4.99,2294.598255,0,0.519038076,0,1434,2111,3545,0,1,85,3534
"ThinkSystem SR650, Xeon Gold 6248 20C 2.5GHz, 25G Ethernet,",1/11/2024,425,Lenovo,62400,2.59,4.99,2294.598255,0,0.519038076,0,1434,2111,3545,0,1,85,3534
"ThinkSystem SR650, Xeon Gold 6248 20C 2.5GHz, 25G Ethernet,",1/6/2024,382,Lenovo,62400,2.59,4.99,2294.598255,0,0.519038076,0,1434,2111,3545,0,1,85,3534
"ThinkSystem SR650, Xeon Gold 6248 20C 2.5GHz, 25G Ethernet,",1/11/2023,347,Lenovo,62400,2.59,4.99,2294.598255,0,0.519038076,0,1434,2111,3545,0,1,85,3534
"ThinkSystem SR650, Xeon Gold 6248 20C 2.5GHz, 25G Ethernet,",1/6/2023,310,Lenovo,62400,2.59,4.99,2294.598255,0,0.519038076,0,1434,2111,3545,0,1,85,3534
"ThinkSystem SR650, Xeon Gold 6248 20C 2.5GHz, 25G Ethernet,",1/11/2022,272,Lenovo,62400,2.59,4.99,2294.598255,0,0.519038076,0,1434,2111,3545,0,1,85,3534
"ThinkSystem SR650, Xeon Gold 6248 20C 2.5GHz, 25G Ethernet,",1/6/2022,244,Lenovo,62400,2.59,4.99,2294.598255,0,0.519038076,0,1434,2111,3545,0,1,85,3534
"ThinkSystem SR650, Xeon Gold 6248 20C 2.5GHz, 25G Ethernet,",1/11/2021,224,Lenovo,62400,2.59,4.99,2294.598255,0,0.519038076,0,1434,2111,3545,0,1,85,3534
"ThinkSystem SR650, Xeon Gold 6248 20C 2.5GHz, 25G Ethernet,",1/6/2021,183,Lenovo,62400,2.59,4.99,2294.598255,0,0.519038076,0,1434,2111,3545,0,1,85,3534
"ThinkSystem SR650, Xeon Gold 6248 20C 2.5GHz, 25G Ethernet,",1/11/2020,142,Lenovo,62400,2.59,4.99,2294.598255,0,0.519038076,0,1434,2111,3545,0,1,85,3534
"ThinkSystem SR650, Xeon Gold 6248 20C 2.5GHz, 25G Ethernet,",1/6/2020,117,Lenovo,62400,2.59,4.99,2294.598255,0,0.519038076,0,1434,2111,3545,0,1,85,3534
"Conesus - PowerEdge C6220, Xeon Platinum 8480+ 56C 2GHz, Infiniband HDR200,",1/11/2025,496,DELL,43008,2.59,2.75,409.25,0.00632865,0.941818182,0,1434,2111,3545,0,1,85,3534
"Conesus - PowerEdge C6220, Xeon Platinum 8480+ 56C 2GHz, Infiniband HDR200,",1/6/2025,470,DELL,43008,2.59,2.75,409.25,0.00632865,0.941818182,0,1434,2111,3545,0,1,85,3534
"Conesus - PowerEdge C6220, Xeon Platinum 8480+ 56C 2GHz, Infiniband HDR200,",1/11/2024,426,DELL,43008,2.59,2.75,409.25,0.00632865,0.941818182,0,1434,2111,3545,0,1,85,3534
"Conesus - PowerEdge C6220, Xeon Platinum 8480+ 56C 2GHz, Infiniband HDR200,",1/6/2024,383,DELL,43008,2.59,2.75,409.25,0.00632865,0.941818182,0,1434,2111,3545,0,1,85,3534
"Conesus - PowerEdge C6220, Xeon Platinum 8480+ 56C 2GHz, Infiniband HDR200,",1/11/2023,348,DELL,43008,2.59,2.75,409.25,0.00632865,0.941818182,0,1434,2111,3545,0,1,85,3534
"Conesus - PowerEdge C6220, Xeon Platinum 8480+ 56C 2GHz, Infiniband HDR200,",1/6/2023,311,DELL,43008,2.59,2.75,409.25,0.00632865,0.941818182,0,1434,2111,3545,0,1,85,3534
"ThinkSystem HR650X, Xeon Gold 6233 24C 2.5GHz, 25G Ethernet,",1/11/2025,497,Lenovo,64320,2.58,5.15,2294.598255,0,0.500970874,0,1434,2111,3545,0,1,85,3534
"ThinkSystem HR650X, Xeon Gold 6233 24C 2.5GHz, 25G Ethernet,",1/6/2025,471,Lenovo,64320,2.58,5.15,2294.598255,0,0.500970874,0,1434,2111,3545,0,1,85,3534
"ThinkSystem HR650X, Xeon Gold 6233 24C 2.5GHz, 25G Ethernet,",1/11/2024,427,Lenovo,64320,2.58,5.15,2294.598255,0,0.500970874,0,1434,2111,3545,0,1,85,3534
"ThinkSystem HR650X, Xeon Gold 6233 24C 2.5GHz, 25G Ethernet,",1/6/2024,384,Lenovo,64320,2.58,5.15,2294.598255,0,0.500970874,0,1434,2111,3545,0,1,85,3534
"ThinkSystem HR650X, Xeon Gold 6233 24C 2.5GHz, 25G Ethernet,",1/11/2023,349,Lenovo,64320,2.58,5.15,2294.598255,0,0.500970874,0,1434,2111,3545,0,1,85,3534
"ThinkSystem HR650X, Xeon Gold 6233 24C 2.5GHz, 25G Ethernet,",1/6/2023,312,Lenovo,64320,2.58,5.15,2294.598255,0,0.500970874,0,1434,2111,3545,0,1,85,3534
"ThinkSystem HR650X, Xeon Gold 6233 24C 2.5GHz, 25G Ethernet,",1/11/2022,273,Lenovo,64320,2.58,5.15,2294.598255,0,0.500970874,0,1434,2111,3545,0,1,85,3534
"ThinkSystem HR650X, Xeon Gold 6233 24C 2.5GHz, 25G Ethernet,",1/6/2022,245,Lenovo,64320,2.58,5.15,2294.598255,0,0.500970874,0,1434,2111,3545,0,1,85,3534
"ThinkSystem HR650X, Xeon Gold 6233 24C 2.5GHz, 25G Ethernet,",1/11/2021,225,Lenovo,64320,2.58,5.15,2294.598255,0,0.500970874,0,1434,2111,3545,0,1,85,3534
"ThinkSystem HR650X, Xeon Gold 6233 24C 2.5GHz, 25G Ethernet,",1/6/2021,184,Lenovo,64320,2.58,5.15,2294.598255,0,0.500970874,0,1434,2111,3545,0,1,85,3534
"ThinkSystem HR650X, Xeon Gold 6233 24C 2.5GHz, 25G Ethernet,",1/11/2020,143,Lenovo,64320,2.58,5.15,2294.598255,0,0.500970874,0,1434,2111,3545,0,1,85,3534
"ThinkSystem HR650X, Xeon Gold 6233 24C 2.5GHz, 25G Ethernet,",1/6/2020,118,Lenovo,64320,2.58,5.15,2294.598255,0,0.500970874,0,1434,2111,3545,0,1,85,3534
"ThinkSystem HR650X, Xeon Gold 6230R 26C 2.1GHz, 10G Ethernet,",1/11/2025,498,Lenovo,83200,2.58,5.59,2294.598255,0,0.461538462,0,1434,2111,3545,0,1,85,3534
"ThinkSystem HR650X, Xeon Gold 6230R 26C 2.1GHz, 10G Ethernet,",1/6/2025,472,Lenovo,83200,2.58,5.59,2294.598255,0,0.461538462,0,1434,2111,3545,0,1,85,3534
"ThinkSystem HR650X, Xeon Gold 6230R 26C 2.1GHz, 10G Ethernet,",1/11/2024,428,Lenovo,83200,2.58,5.59,2294.598255,0,0.461538462,0,1434,2111,3545,0,1,85,3534
"ThinkSystem HR650X, Xeon Gold 6230R 26C 2.1GHz, 10G Ethernet,",1/6/2024,385,Lenovo,83200,2.58,5.59,2294.598255,0,0.461538462,0,1434,2111,3545,0,1,85,3534
"ThinkSystem HR650X, Xeon Gold 6230R 26C 2.1GHz, 10G Ethernet,",1/11/2023,350,Lenovo,83200,2.58,5.59,2294.598255,0,0.461538462,0,1434,2111,3545,0,1,85,3534
"ThinkSystem HR650X, Xeon Gold 6230R 26C 2.1GHz, 10G Ethernet,",1/6/2023,313,Lenovo,83200,2.58,5.59,2294.598255,0,0.461538462,0,1434,2111,3545,0,1,85,3534
"ThinkSystem HR650X, Xeon Gold 6230R 26C 2.1GHz, 10G Ethernet,",1/11/2022,274,Lenovo,83200,2.58,5.59,2294.598255,0,0.461538462,0,1434,2111,3545,0,1,85,3534
"ThinkSystem HR650X, Xeon Gold 6230R 26C 2.1GHz, 10G Ethernet,",1/6/2022,246,Lenovo,83200,2.58,5.59,2294.598255,0,0.461538462,0,1434,2111,3545,0,1,85,3534
"ThinkSystem HR650X, Xeon Gold 6230R 26C 2.1GHz, 10G Ethernet,",1/11/2021,226,Lenovo,83200,2.58,5.59,2294.598255,0,0.461538462,0,1434,2111,3545,0,1,85,3534
"ThinkSystem HR650X, Xeon Gold 6230R 26C 2.1GHz, 10G Ethernet,",1/6/2021,185,Lenovo,83200,2.58,5.59,2294.598255,0,0.461538462,0,1434,2111,3545,0,1,85,3534
"ASPIRE 2A (CPU Partition) - HPE Cray EX425, AMD EPYC 7713 64C 2GHz, Slingshot-10,",1/11/2025,499,HPE,98304,2.58,3.11,2294.598255,0,0.829581994,0,1434,2111,3545,0,1,85,3534
"ASPIRE 2A (CPU Partition) - HPE Cray EX425, AMD EPYC 7713 64C 2GHz, Slingshot-10,",1/6/2025,473,HPE,98304,2.58,3.11,2294.598255,0,0.829581994,0,1434,2111,3545,0,1,85,3534
"ASPIRE 2A (CPU Partition) - HPE Cray EX425, AMD EPYC 7713 64C 2GHz, Slingshot-10,",1/11/2024,429,HPE,98304,2.58,3.11,2294.598255,0,0.829581994,0,1434,2111,3545,0,1,85,3534
"ASPIRE 2A (CPU Partition) - HPE Cray EX425, AMD EPYC 7713 64C 2GHz, Slingshot-10,",1/6/2024,386,HPE,98304,2.58,3.11,2294.598255,0,0.829581994,0,1434,2111,3545,0,1,85,3534
"ASPIRE 2A (CPU Partition) - HPE Cray EX425, AMD EPYC 7713 64C 2GHz, Slingshot-10,",1/11/2023,351,HPE,98304,2.58,3.11,2294.598255,0,0.829581994,0,1434,2111,3545,0,1,85,3534
"ASPIRE 2A (CPU Partition) - HPE Cray EX425, AMD EPYC 7713 64C 2GHz, Slingshot-10,",1/6/2023,314,HPE,98304,2.58,3.11,2294.598255,0,0.829581994,0,1434,2111,3545,0,1,85,3534
"ASPIRE 2A (CPU Partition) - HPE Cray EX425, AMD EPYC 7713 64C 2GHz, Slingshot-10,",1/11/2022,275,HPE,98304,2.58,3.11,2294.598255,0,0.829581994,0,1434,2111,3545,0,1,85,3534
"ASPIRE 2A (CPU Partition) - HPE Cray EX425, AMD EPYC 7713 64C 2GHz, Slingshot-10,",1/6/2022,247,HPE,98304,2.58,3.11,2294.598255,0,0.829581994,0,1434,2111,3545,0,1,85,3534
"ThinkSystem HR650X, Xeon Gold 6233 24C 2.5GHz, 10G Ethernet,",1/11/2025,500,Lenovo,67200,2.57,5.38,2294.598255,0,0.477695167,0,1434,2111,3545,0,1,85,3534
"ThinkSystem HR650X, Xeon Gold 6233 24C 2.5GHz, 10G Ethernet,",1/6/2025,474,Lenovo,67200,2.57,5.38,2294.598255,0,0.477695167,0,1434,2111,3545,0,1,85,3534
"ThinkSystem HR650X, Xeon Gold 6233 24C 2.5GHz, 10G Ethernet,",1/11/2024,430,Lenovo,67200,2.57,5.38,2294.598255,0,0.477695167,0,1434,2111,3545,0,1,85,3534
"ThinkSystem HR650X, Xeon Gold 6233 24C 2.5GHz, 10G Ethernet,",1/6/2024,387,Lenovo,67200,2.57,5.38,2294.598255,0,0.477695167,0,1434,2111,3545,0,1,85,3534
"ThinkSystem HR650X, Xeon Gold 6233 24C 2.5GHz, 10G Ethernet,",1/11/2023,352,Lenovo,67200,2.57,5.38,2294.598255,0,0.477695167,0,1434,2111,3545,0,1,85,3534
"ThinkSystem HR650X, Xeon Gold 6233 24C 2.5GHz, 10G Ethernet,",1/6/2023,315,Lenovo,67200,2.57,5.38,2294.598255,0,0.477695167,0,1434,2111,3545,0,1,85,3534
"ThinkSystem HR650X, Xeon Gold 6233 24C 2.5GHz, 10G Ethernet,",1/11/2022,276,Lenovo,67200,2.57,5.38,2294.598255,0,0.477695167,0,1434,2111,3545,0,1,85,3534
"ThinkSystem HR650X, Xeon Gold 6233 24C 2.5GHz, 10G Ethernet,",1/6/2022,248,Lenovo,67200,2.57,5.38,2294.598255,0,0.477695167,0,1434,2111,3545,0,1,85,3534
"ThinkSystem HR650X, Xeon Gold 6233 24C 2.5GHz, 10G Ethernet,",1/11/2021,227,Lenovo,67200,2.57,5.38,2294.598255,0,0.477695167,0,1434,2111,3545,0,1,85,3534
"ThinkSystem HR650X, Xeon Gold 6233 24C 2.5GHz, 10G Ethernet,",1/6/2021,186,Lenovo,67200,2.57,5.38,2294.598255,0,0.477695167,0,1434,2111,3545,0,1,85,3534
